text,label
speaker robin vos r rochester and senate majority leader scott fitzgerald r juneau released the following statement after filing an original action in the wisconsin state supreme court challenging the governors extension of the safer at home order through may 26th. the public outcry over the safer at home order continues to increase as positive covid cases decrease or remain flat. there s immense frustration regarding the extension as it goes beyond the executive branchs statutory power. ,0
this is not the page you 're looking for .. ,0
contrary to the narrative that is being pushed by the mainstream that the covid 19 virus was the result of a natural mutation and that it was transmitted to humans from bats via pangolins dr luc montagnier the man who discovered the hiv virus back in 1983 disagrees and is saying that the virus was man made. follow up luc montagnier insists that the virus came out of a lab in follow up interview read also in line with remdesivir chloroquine and azithromycin might also shorten hospital stays. ,0
"programming alert exclusive documentary on origin of the ccp virus premieres the first documentary movie on the origin of ccp virus tracking down the origin of the wuhan coronavirus will premiere tonight on several youtube and facebook channels. the ccp virus which originated from china has rampaged through the world and caused more than 80,000 deaths infecting at least 1.4 million. the true number of deaths and infections is unknown due to the underreporting of cases from mainland chin. ",0
buffalo n.y. wivb)--mayor byron brown was handing out masks at the kenfield langfield development saturday.the mayor says the city has enough masks to make sure anyone living in buffalo municipal housing authority is protected. he added that with warmer weather on its way and people headed outside keeping your face covered is important. ,0
gateway pundit crazed democrat michigan governor gretchen whitmer prohibited big box retailers from in person sale of seeds because according to her food is non essential. crisis gardens or victory gardens were always encouraged during a time of war or a time of crisis to supplement rations and boost morale. but the tyrannical governor of michigan barred grocery stores and brick and mortar retailers from selling vegetable seeds. in late march michigan democrat governor gretchen whitm. ,0
on monday morning president donald trump tweeted for the purpose of creating conflict and confusion some in the fake news media are saying that it is the governors decision to open up the states not that of the president of the united states the federal government. let it be fully understood that this is incorrect he continued. it is the decision of the president and for many good reasons. with that being said the administration and i are working closely with the governors and th. ,0
donald trump 11:23 thank you very much everyone. before i begin i d like to offer my condolences and best wishes to the people all across our great south who have endured deadly tornadoes and other severe weather in texas louisiana mississippi alabama florida georgia tennessee and south carolina. donald trump 11:42 my administration will do everything possible to help those communities get back on their feet. were speaking with their governors and representatives. femas alr. ,0
crazed democrat michigan governor gretchen whitmer prohibited big box retailers from in person sale of seeds because according to her food is non essential. crisis gardens or victory gardens were always encouraged during a time of war or a time of crisis to supplement rations and boost morale. but the tyrannical governor of michigan barred grocery stores and brick and mortar retailers from selling vegetable seeds. in late march michigan democrat governor gretchen whitmer limited access o. ,0
america is getting a real glimpse of life under left wing democrat rule. frightening. this is the same left wing nut who banned hydroxychloroquine despite its unquestionable efficacy in treating coronavirus. related trump deranged michigan gov. whitmer reverses ban on hydroxychloroquine and chloroquin now begging for it michigan democratic governor gretchen whitmers latest executive order deems a number of home improvement and gardening items including fruit and vegetable seeds non es. ,0
washington dc the pentagon has issued an indefinite hold order to all military air wings and airlines to immediately stop spraying chemtrails until it can be determined how the covid-19 virus found its way into the chemtrail fluid supply. according to an unofficial pentagon source speaking on the condition of anonymity the entire chemtrail program is on hold until we can figure out who coughed onto a batch of chemicals being manufactured at one of our suppliers factories. news of this. ,0
bill gates the microsoft founder who is currently worth approximately 102 billion dollars is spending a fortune on eugenics and sterilization around the world. for gates vaccines seem to be his solution for the greatest problem in his view that existspeople. as you can see in the video below gates lauds vaccines as a way to limit the human population. notice that after claiming the earth must see a zero co2 impact from humanity by limiting services to zero gates claims that part o. ,0
can any government statistics on covid-19 deaths be trusted. it is an open question now that we are learning that the highly respected world class centers for disease control and prevention cdc has been lying to us. this revelation comes a few days after i wrote here at american thinker that new york city was lying about covid-19 deaths. the normal rules about reporting deaths have been violated by that city in the rush to inflate the body count presumably to steer more taxpayer money to t. ,0
updated in keeping with facebook 's efforts to report fake news we have updated this article to include the doctor 's full statement. while the world health organization vehemently disagrees dr. juergen rissland a lead doctor at the institute for virology at saarland university hospital in germany went on the record to say drinking whiskey can protect against covid-19. and that is definitely one report we can all get behind. while appearing on the morning show dr. rissland was asked. ,0
this account is under investigation or was found in violation of the medium rules. there are thousands of stories to read on medium. visit our homepage to find one that s right for you. ,0
a youtube channel named anggies fam posted a video that has been uploaded on april 6 telling a story about seven children who died from coronavirus vaccination in senegal africa. in the video the woman stated today somebody called my husband a nurse. a nurse told my husband that seven infants have died in senegal due to this coronavirus vaccine. i just do nt know why you must collect this thing when you know that its not being tested. you want to use your people as guinea pigs or lab. ,0
no one knows why the democrats hate senior citizens so much. they do everything that they can to screw our nations retirees trying to screw them out of social security screw them out of medicare and now they want to screw them out of their stimulus checks. nancy pelosi and her colleagues have been endlessly stalling the stimulus bill. they filled it was so much pork that all that was left for the people was 1200 each. had it not been for all of her additions we would have been entitled t. ,0
natural news is 5 g to partially blame for coronavirus deaths. can 5 g cause the blood that s circulating in your body to be unable to carry oxygen. what s especially horrifying about the critical care of coronavirus patients is that they are nt suffering from viral pneumonia but rather from an inability to absorb or carry oxygen in the blood. this has been confirmed by nyc icu emergency physician cameron kyle sidell who has released several videos detailing how coronavirus is not a kind o. ,0
the national basketball association recently suspended its season. at the time the reason given seemed justified given the emergence of covid-19 and that several players in the league have now tested positive. however it has been confirmed by anonymous sources that a league shutdown has been in the making for months and that they were simply looking for a good excuse to shut it all down. the players led by washington generals all star power forward art tubolls held a secret vote prior to t. ,0
a new data intercepted by the united states reveals that 21 million people died in china from december 2019 to march 2020 us intelligence officials conclude in a classified report for the trump administration. the intelligence report stated that at least 20.9 million of the deaths were linked to coronavirus. according to the us the intercepted data that shows that china underreported its coronavirus infections and deaths was validated for a second time when it tallied with a data released by. ,0
"ron johnson americans should go back to work because death is an unavoidable part of life "". ",0
why big pharma fauci and bill gates want to ban hydroxychloroquine a democratic michigan state lawmaker has credited president trump 's publicizing of the anti malarial drug hydroxychloroquine with saving her life after her health plummeted when she contracted coronavirus. state rep. karen whitsett of detroit told the ingraham angle on monday that if it was n't for trump pushing the drug through the food and drug administration 's approval process for off label use and touting it repeatedl. ,0
leeann jemmott wiki leeann jemmott bio leeann jemmott is best known as the partner of fred the godson. who died on april 22 2020 of the .... ,0
this is a rush transcript from the five march 31 2020. this copy may not be in its final form and may be updated. dana perino fox news anchor hello everyone. i 'm dana perino along with greg gutfeld juan williams jesse watters and dagen mcdowell. it is 5:00 in new york city. this is the five. all right happy tuesday the president and the coronavirus task force they are set to hold another briefing as the pandemic in america gets deadlier by the minute. we 'll take you to the white. ,0
the president thank you very much everybody. thank you. so america continues to wage all out war to defeat the virus this horrible horrible virus. you see how terrible it is especially when you look at the numbers from yesterday. and we explained why were extending our nationwide guidelines to slow the spread by 30 days. together we have the power to save countless lives. were attacking the virus on every front with social distancing economic support for our workers rapid medical int. ,0
when you register you agree to our terms of use and privacy policy. ,0
with masks in short supply many people are being forced to re use masks. that means the idea of microwaving masks has gone from a crazy sounding idea to a critically practical question. another reason this question is critical smart air tests found that washing n95 masks with soap and water cut particle capture effectiveness by 21. other tests found that even just dipping in alcohol no rubbing involved harmed performance. to get to the bottom of it smart air was dumb enough to test it by. ,0
the president thank you very much. appreciate everybody being here. beautiful day in the rose garden. tremendous distance between chairs. social distancing. you practice it very well. we appreciate it. that s great. i want to start today by highlighting several critical developments on both the testing and treatment that will help us win our war against the coronavirus. on friday the fda authorized a new test developed by abbott labs that delivers lightning fast results in as little as five. ,0
earlier today it was rumoured that queen elizabeth ii had tested positive for the novel coronavirus while many uk media outlets have kept silent. in a new press release the buckingham palace has confirmed that the queen of the united kingdom has indeed tested positive. the 93-year old could have come into contact with british prime minister boris johnson who tested positive yesterday. the royal palace said in the statement hmq has also tested positive and is currently self isolating at wi. ,0
correction this article has been updated to reflect new facts the claim that weed and ginger cures coronavirus made by the president of the rastafarian association of ghana has been debunked by independent fact checkers at science feedback health feedback who found their claim to be false and unsupported by available facts. there is no evidence supporting the claim that marijuana or ginger has beneficial effects for covid-19 treatment or cure. the world health organization who has stated. ,0
the u.s. has become the new global epicenter of the coronavirus pandemic as cases in the country surpass italy and china. as the numbers climb state and local officials worry about the amount of life saving equipment such as ventilators they will have access to at the worst of the pandemic. u.s. surgeon general vadm dr. jerome adams joins cbs this morning to address public fears claiming projections that reflect a severe lack of ventilators are based on worst case scenarios. ,0
chinese health authorities have confirmed the identity of the patient zero from whom the first case of coronavirus has originated. yin dao tang 24 from the province of hubei is the first case of the novel coronavirus that emerged on november 17 according to chinese government data. tang is believed to have contracted the disease after indulging in sexual acts with several animals including bats. chinese officials have warned to temporarily abstain from having sexual contact with any anim. ,0
the following is from a medical forum. the writer who is a widely respected professional scientist in the us prefers to stay anonymous because presenting any narrative different than the official one can cause you a lot of stress in the toxic environment caused by the scam which surrounds covid-19 these days. julian rose i work in the healthcare field. heres the problem we are testing people for any strain of a coronavirus. not specifically for covid-19. there are no reliable tests for a. ,0
governor andrew cuomo is considering a temporary six week ban on the sale of combustible cigarettes in order to reduce the states coronavirus death count a source familiar with his thinking tells the chronicle. the ban could come as soon as monday and is expected to be included in a budget measure already scheduled to be announced. new data out of italy suggest that the nations whopping coronavirus death rate now approaching 10 of those who test positive is highly correlated to cigarett. ,0
this is a rush transcript. this copy may not be in its final form and may be updated. 20:00:15 anderson cooper cnn host and good evening. i 'm anderson cooper. welcome to a special cnn coronavirus town hall with democratic presidential candidate and former vice president joe biden. this is obviously not our typical town hall format. for obvious reasons we have no audience. i 'm in a small remote studio in new york. the camera is robotically controlled. and vice president. ,0
united kingdom- queen elizabeth ii has tested positive for the novel coronavirus buckingham palace confirmed in a shocking release a few minutes after prime minister boris johnson revealed he tested positive for coronavirus. news of the queen testing positive for covid-19 does not come as a surprise since there was a possibility that she could have been exposed by the virus during one of her weekly meetings with prime minister boris johnson who tested positive an hour ago. buckingham palace r. ,0
bernie on coronavirus casualties may be even higher than what armed forces experienced in ww ii vermont senator bernie sanders weighed in on the ongoing coronavirus outbreak across the united states this week telling reporters the casualties could be higher than what the armed forces experienced in the second world war. in terms of potential deathsthe crisis we face is on a scale of a major warwe also have to face the truth and that is that the number of casualties may actually be e. ,0
it looks like nothing was found at this location. maybe try a search. ,0
thumbs up to the scientist in the united states of america as they finally found vaccine to cure corona virus. the president of the united states of america will officially make the announcement about the vaccine to cure the virus on sunday. roche medical company will launch the vaccine on sunday. the virus who trump called the chinese virus will finally be a thing of the past as the americans have showed once again why they are world power. the vaccine is said to be an injection which after a. ,0
the medical community strongly advises the population to get a flu shot to help combat the epidemic of this coronavirus. honestly i never made any sense to me. it is two different types of viruses. so not now the flu shot works for all viruses. concerningly the latest research shows that getting the flu vaccine increases the risk of getting the coronavirus by 36. influenza vaccination and respiratory virus interference among department of defense personnel during the 2017 2018 influen. ,0
officers in protective gear enter the cruise ship diamond princess where 10 more people were tested positive for coronavirus on thursday to transfer a patient to the hospital after the ship arrived at daikoku pier cruise terminal in yokohama south of tokyo japan february 7 2020. coronavirus rna was found on surfaces aboard the diamond princess cruise ship up to 17 days after passengers disembarked lasting far longer on surfaces than previous research has shown according to new data publi. ,0
"update we have updated this post and added clarification below. life comes at you fast as the saying goes or as the case may be in this era of a viral pandemic death comes at you fast. sadly it is the latter for the citizens of new york who will pay the price for gov. andrew cuomos d 2015 decision to not fix a shortfall and buy the 16,000 ventilators to shore up the states stockpile in case of a pandemic. cuomo spent more money than the cost of the ventilators on a solar panel boondogg. ",0
prolific acting legend tom hanks passed away suddenly this morning. the cause of his death has not been released. hanks enjoyed a long and successful career. he was well liked by all those in the hollywood community and his movies were always well received by the public even the really crappy ones like castaway. his body of work will live on for decades to come. for the past several years hanks had been been very vocal with his opposition to president trump. he often called the president. ,0
the page that you are looking for does not exist on this website. you may have accidentally mistype the page address or followed an expired link. anyway we will help you get back on track. why not try to search for the page you were looking for. ,0
belgium health minister maggie de block has put a ban on all non essential sexual activities of persons 3 or greater in indoor areas. health minister de block announced today that effective immediately non essential sexual activities of 3 people or more are banned in belgium to combat the spread of covid-19. de block said she was forced to act swiftly because of belgiums reputation as being the beer drinking and group sex capital of europe. health minister de block did not ban single. ,0
click here to access the online public inspection file viewers with disabilities can get assistance accessing this station 's fcc public inspection file by contacting the station with the information listed below. questions or concerns relating to the accessibility of the fcc 's online public file system should be directed to the fcc at 888 225 5322 888 835 5322 tty or fccinfo@fcc.gov. ,0
hannity laura and the whole gang over at fox news are in for a maga surprise. it has just been announced that they are winning one of the most coveted awards in journalism the pulitzer. oh the liberal media is going to be kicking dirt about this one. this accolade is specific to their fair and balanced coverage of the crisis. the network has been on the ball through this entire ordeal making sure the public is educated on the dangers of the current crisis. joe barron chairman of the. ,0
the controversial ethiopian politician and director general of the world health organization who claimed in a press conference in early march that the fatality rate for the coronavirus was many multiples that of the fatality rate of the common flu. this egregiously false premise has led to the greatest panic in world history. the director general of the who spoke on march 3 2020 and shared this related to the coronavirus while many people globally have built up immunity to seasonal flu. ,0
-- walmart is closing 269 of its stores including 154 locations in the united states the company said today. closing stores is never an easy decision but it is necessary to keep the company strong and positioned for the future said doug mcmillon president and ceo of wal mart stores. the decisions were made after an analysis of the stores financial performance and their alignment with the company 's long term goals walmart said in a news release. shares of walmart have fallen nearly 3. ,0
reach into your pocket or purse and pull put the wallet you carry when you go patriotically shopping at your nearest american small business or gun store. is there thirty billion dollars in there. no. then your last name is nt obama and you do nt own your own private safe island where you and your family and friends can wait out any crisis that the unwashed masses have to suffer through. two days ago while you and i were washing our hands and not going to the theater to see whatever terr. ,0
the president so we just had a great meeting. tremendous unity in the republican party. and were working on a lot of different things. we ve also had some very good updates on the virus. that s working out very smoothly. tremendous people. its a tremendous task force. they have done a great job not a good job a great job. as you know its about 600 cases its about 26 deaths within our country. and had we not acted quickly that number would have been substantially more. but we we ju. ,0
march 17 2020 american thinker for decades leftists have blamed all actual or potentially harmful events on global warming. they then justify their political initiatives from socialism to open borders to abortion as reasonable responses to climate change. since the chinese virus appeared on the scene however the world 's leftists have fallen silent about global warming. that silence may have to become permanent because it seems that coronavirus hates the heat. people have speculated. ,0
president trump along with members of the white house coronavirus task force held a press briefing on the latest response efforts. the president said testing is now available in all 50 states. he also discussed his conversation with executives from different industry sectors and how the government would work with those sectors. he lauded good working relationships with republican and democratic lawmakers as well as with the nations governors. treasury secretary steve mnuchin outlined various. ,0
result of the best guidance of cdc. ,0
a recent military study shows military personnel evaluated who received the flu vaccine were at 36 percent increased risk for coronavirus with varied benefit in preventing some strains of the flu. examining noninfluenza viruses specifically the odds of both coronavirus and human metapneumovirus in vaccinated individuals were significantly higher when compared to unvaccinated individuals or 1.36 and 1.51 respectively table 5. the flu vaccine studied demonstrated varied benefit in flu. ,0
copyright 2020 by ronpaul institute. permission to reprint in whole or in part is gladly granted provided full credit and a live link are given. ,0
ronaldo turning his cr7 hotels into hospitals to help stop coronavirus juventus forward cristiano ronaldo is doing his best to help others during the coronavirus crisis. after travelling to portugal in the wake of his mother maria dolores aveiro suffering a stroke the 35-year old has remained in his native country in order to self isolate. the decision comes after his juventus teammate daniele rugani tested positive for coronavirus and was photographed with most of the squad just days. ,0
this is a rush transcript. this copy may not be in its final form and may be updated. 20:00:00 tapper good evening from washington d.c. and welcome to this unique event the cnn univision democratic presidential debate with the two leading candidates for the democratic nomination former vice president joe biden and vermont senator bernie sanders. candidates welcome it 's good to have you. i 'm jake tapper along with cnn 's dana bash and univision 's ilia calderon. bash we co. ,0
mayor lo walker and the bossier city police dept. have issued a 9 pm curfew for all residents until further notice you may not use the roads and are required to be inside a residence till 6 am. this does not apply to people traveling through on the interstate not complying could land you jail time and fines. bos. ,0
"for reason 432,234 not to pretend to be the wrong gender which no one in the history of the world has ever transitioned you might want to consider the latest health updates that suggest transgender people are more susceptible to the coronavirus. take the dress of tom you re going to catch the flu. according to reuters more than 100 lgbt rights groups on wednesday called on public health officials to address the heightened vulnerability of gay and trans people to the coronavirus warn. ",0
"for americans who see the democrat left behind the over hyped media coverage and societal reactions to the coronavirus pandemic the new york times god bless em just proved those suspicions correct. and would nt you know it the strategy is a familiar one use a manufactured crisis to get rid of president donald trump. oh true coronavirus is real enough but given its so far minuscule infection rate in the u.s. 1,600 or so death rate ~40 and the fact that more than half of patien. ",0
thousands of flights around the world have been canceled due to the novel coronavirus. this has decreased the number of people that can be found in international airports in countries like south korea china and italy. the international air transport association has predicted a 29.3 billion loss in passenger revenue this year because of covid-19. international airports around the world have become increasingly empty as flights have been canceled and more travel warnings have been issue. ,0
after 20 years the cast away sequel the world has been waiting for has finally arrived. just like the first smash hit the next cast away film will feature tom hanks stranded on a south pacific island except this time the island is australia. the news breaks after it was confirmed tom hanks and his wife rita wilsons have been taken into a gold coast hospital after being diagnosed with covid-19. the hollywood star was working on a baz lurhmann film about elvis on the gold coast. the celeb. ,0
"a former american counter terrorism specialist and military intelligence officer of the cia has said that the coronavirus did not occur naturally through mutation but rather was produced in a laboratory possibly as a biological warfare agent. since the novel coronavirus outbreak began in china last december it has infected more than 90,000 people globally and killed more than 3,000. the majority of cases and deaths remain in mainland china. the death toll from the coronavirus in iran whic. ",0
after more than 30 years on the air the simpsons has created enough content to drive some fans to ask do they have a crystal ball or does satire simply come in waves as history tends to repeat itself. current events have led fans to highlight old simpsons clips once again. correction in a previous version of this article we highlighted how simpsons fans had discovered a theory that the show had predicted coronavirus and tom hank 's diagnosis of coronavirus over a decade ago. but we got th. ,0
british backpacker grace millane was strangled to death crammed into a suitcase and buried in a new zealand woodland after a tinder date in december 2018. on thursday her killer a 28-year old man was sentenced to life imprisonment with minimum 17 year non parole period. the courts of new zealand said in a statement overall the circumstances of the murder showed a high level of callousness including the intimate nature of the murder itself. in his november 2019 trial the prosecuti. ,0
the president my fellow americans tonight i want to speak with you about our nations unprecedented response to the coronavirus outbreak that started in china and is now spreading throughout the world. today the world health organization officially announced that this is a global pandemic. we have been in frequent contact with our allies and we are marshalling the full power of the federal government and the private sector to protect the american people. this is the most aggressive and c. ,0
"some 328 immigrants from china have been caught crossing the border illegally so far this year according to homeland security data that raises the prospect a coronavirus carrier could sneak into the country via the u.s.-mexico border. three other people from south korea another country with rapidly spreading cases have also been arrested at the border as have 122 people from the dominican republican where the coronavirus has now been detected. all told more than 1,000 migrants a day ar. ",0
an asian man wearing a surgical mask passed out yesterday in the middle of a crowded street in queens. the man was rushed to the hospital where according to social media reports he is believed to have died. the mans cause of death has not yet been determined but plenty of people suspect that he may have died of the coronavirus. as the video shows officers quickly arrived on the scene but seemed unwilling to physically assist the man perhaps out of fear. unfortunately new york city. ,0
"documents from a leading doctor show us hospitals should be preparing for 96 million coronavirus infections and nearly half a million deaths from the outbreak. the spread of the deadly disease could be far worse than officials claim with 480,000 americans expected to die from the virus and 4.8 million hospitalized according to a presentation hosted by the american hospital association aha in february. this puts the crisis on a level more than 10 times greater than that seen in a severe flu. ",0
zambian health ministry has in a statement on wednesday morning that 10 more people all zambians have tested positive for the coronavirus. the statement said the government is finding ways to deal with the issue. the cases which were confirmed on the 4th march 2020 are the second to be reported in zambia since the outbreak in china in january 2020. the cases involved ten zambians who came into contact with others who had returned from italy. they fell ill on the 1st march and were transf. ,0
you never let a serious crisis go to waste. rahm emanuel a new report details how speaker of the house nancy pelosi delayed funding allocated to helping prevent the spread of the coronavirus because she knew democrat candidates running for office could exploit the situation as a campaign talking point. sadly the coronavirus is just a tragedy worth exploiting to liberal and progressive lawmakers. at a press conference on wednesday mccarthy said that 's a great question. what 's the hold up. ,0
"omns mar 3 2020 the government of shanghai china has announced its official recommendation that covid-19 should be treated with high amounts of intravenous vitamin c. 1 dosage recommendations vary with severity of illness from 50 to 200 milligrams per kilogram body weight per day to as much as 200 mg kg day. these dosages are approximately 4,000 to 16,000 mg for an adult administered by iv. this specific method of administration is important says intravenous therapy expert atsuo yanagi. ",0
"iranian deputy minister of health alireza raisi said on tuesday that the total number of people with coronavirus infection has reached 2,500 and some 200 people have died and 435 others have recovered. out of the infected 23 are lawmakers representing eight percent of the 290-seat parliament members alireza raisi according to the islamic republic news agency irna said there are 835 new cases of coronavirus infections on tuesday of which 50 have died. gilan qom and tehran are at the top. ",0
president of the united states of america. ,0
with regard to the cost let me be very clear hhs has designated the coronavirus test as an essential health benefit. that means by definition its covered in the private health insurance of every american as well as covered by medicare and medicaid. amid ongoing concern about the new coronavirus vice president mike pence sought to assure americans that their health insurance will cover the tests needed for diagnosis. this story was produced in partnership with politifact. this story c. ,0
pope francis shows a bruise around his left eye and eyebrow caused by an accidental hit against the popemobile 's window glass while visiting the old sector of cartagena colombia on september 10 2017. pope francis who canceled a lent retreat for the first time in his papacy because he is suffering from a cold has tested negative for coronavirus the italian newspaper il messaggero reported on tuesday. vatican spokesman matteo bruni said he had no immediate comment on the report. the 83-yea. ,0
fox business lou dobbs relentlessly grilled trump health and human service secretary alex azar over the administrations response to the coronavirus outbreak calling out its lack of transparency and refusal to call it a pandemic. in a long contentious segment opening his monday night show dobbs drilled into the hhs secretary over the federal governments mixed messages and muddled response to the viral outbreak that has now resulted in six american deaths. there did seem to be a differe. ,0
if you are the site owner or you manage this site please whitelist your ip or if you think this block is an error please open a support ticket and make sure to include the block details displayed in the box below so we can assist you in troubleshooting the issue .. ,0
a sarasota hospital has activated all protocols for handling potential covid-19 cases it said in a letter to its patients and staff. the letter obtained by your content is dated march 1 2020 and confirms the hospital is now on red alert following a cdc notification that a patient has tested positive in their building. according to a source who was briefed on the entire situation a total at least three but possibly as many as 16 individuals have been exposed. however that figure does not. ,0
the vatican has confirmed in a statement that pope francis and two of his aides have tested positive for the novel coronavirus. the three new cases add up to the over 400 cases confirmed in italy under a week. pope francis missed a planned mass with clergy in rome yesterday after showing coronavirus like symptoms. the vatican had earlier said the pontiff 83 had a slight indisposition and could proceed with the rest of his planned work today. the pope and his aides have been quarantined and. ,0
the corrupt and dishonest liberal media is slamming trump for not doing anything over the overblown coronavirus but obama did far less and the media gave him a pass over the dreaded swine flu in 2009. h1n1 was a big deal but obama did nt know what the hell he was doing in april of 2009 the h1n1 became a pandemic. but it was nt until six months later october that then president obama declared a public health emergency on what was already a pandemic. by that time the disease had infec. ,0
when it comes to novel coronavirus safety the centers for disease control and prevention has some suggestions about facial hair. hair should not cross the respirator seal the cdc said. cnn as fears grow about the spread of novel coronavirus there s increasing demand for facial masks. but there s something that can interfere with how effective those are and that s facial hair. side whiskers soul patches lampshades and handlebar moustaches are good to go according to a 2017 centers f. ,0
pingback florida man arrested for robbery using cough as a weapon. its a satire newsmobile comment- you must log in to post a comment. this site uses akismet to reduce spam. learn how your comment data is processed. ,0
it may be time to show us what your scalp and edges really look like ladies. word on the street is that hair weave and lace fronts manufactured in china may contain the coronavirus. the centers for disease control and prevention cdc is closely monitoring an outbreak of respiratory illness caused by a novel new coronavirus first identified in wuhan hubei province china. chinese authorities identified the new coronavirus which has resulted in thousands of confirmed cases in china includi. ,0
face masks and respirators are being used around the world in an effort to combat the massive global spread of the deadly coronavirus. the cdc cautions that facial hair can interfere with those devices. a cdc infographic displays dozens of styles showing which ones are compatible with masks and respirators. some types of facial hair can keep the exhalation valve from working properly according to health officials. styles such as side whiskers handlebar mustaches and several others are ok. ,0
cnn as fears grow about the spread of novel coronavirus there 's increasing demand for facial masks. but there 's something that can interfere with how effective those are -- and that 's facial hair. side whiskers soul patches lampshades and handlebar moustaches are good to go according to a 2017 centers for disease control and prevention infographic on filtering facepiece respirators. but styles like long stubble a beard the dali and mutton chops are not recommended because they are likel. ,0
at an emergency meeting in beijing held last friday chinese leader xi jinping spoke about the need to contain the coronavirus and set up a system to prevent similar epidemics in the future. a national system to control biosecurity risks must be put in place to protect the peoples health xi said because lab safety is a national security issue. xi did nt actually admit that the coronavirus now devastating large swaths of china had escaped from one of the countrys bioresearch labs. but t. ,0
acting homeland security secretary chad wolf testified at a senate appropriations subcommittee hearing on president trumps fiscal year 2021 budget request. members asked about the administrations response to the coronavirus outbreak drug interdiction efforts the presidents u.s.-mexico border wall and 2020 election security. the homeland security department budget proposal includes approximately 49.7 billion in net discretionary funding along with an additional 5.1 billion for the disaste. ,0
rush folks this coronavirus thing i want to try to put this in perspective for you. it looks like the coronavirus is being weaponized as yet another element to bring down donald trump. now i want to tell you the truth about the coronavirus. interruption you think i m wrong about this. you think i m missing it by saying that s interruption yeah i m dead right on this. the coronavirus is the common cold folks. the drive by media hype of this thing as a pandemic as the andromeda strain. ,0
kids will be able to take lunchbox to school but not pencil case when they return. ,0
people of color may be immune to the coronavirus because of melanin pavel daryl kem senou a cameroonian student in china became the first african person known to be infected with the deadly coronavirus and the first to recover. some sources are claiming that black and brown people resists the coronavirus because of superior genetics. is there truth to this. this claim started because the first african to be infected with the coronavirus pavel daryl kem senou responded well to medical tre. ,0
technocrat scientists around the world are using crispr technology in top secret labs to develop doomsday type biological warfare weapons. the wuhan institute of virology is such a center and the most likely source of the coronavirus outbreak. tn does not endorse either greatgameindia or dr. francis boyle but the globalist censorship is notable and significant. for instance the globalist publication foreign policy strongly refuted the conspiracy theory on january 29 with the headline the. ,0
us covid-19 news editorial who is to be blame for the mess that america is in besides china and who off course its citizens its health experts or its government. over the last few months the world has been in a state of shock with what is happening in a .... ,0
wuhan china intellihub jiaxing garden on guitain fourth road was set ablaze on monday as drastic measures have been taken in an attempt to control the deadly bioengineered coronavirus spread .. ,0
"china intellihub dozens upon dozens of residency highrise buildings and other structures have been set on fire throughout china presumably in an attempt to contain the deadly covid-19 outbreak which has officially on record killed hundreds and unofficially may have killed over 50,000. there are so many fires in china right now harry chen phd explained in a recent tweet. chen went on to post video footage from the region. another highrise burns. how many residents are inside. you can. ",0
omns january 26 2020 the coronavirus pandemic can be dramatically slowed or stopped with the immediate widespread use of high doses of vitamin c. physicians have demonstrated the powerful antiviral action of vitamin c for decades. there has been a lack of media coverage of this effective and successful approach against viruses in general and coronavirus in particular. it is very important to maximize the bodys anti oxidative capacity and natural immunity to prevent and minimize symptoms. ,0
alex jones breaks down a scientific study showing how the coronavirus has key structural proteins of hiv indicating the virus is man made and was developed in a laboratory setting. also tune in at infowars.com/show original article by mike adams of natural news appears below two days ago a paper published in the biorxiv.org journal presented findings that indicated the coronavirus appeared to be engineered with key structural proteins of hiv. the paper entitled uncanny similarity of. ,0
natural news every virology lab in the world that has run a genomic analysis of the coronavirus now knows that the coronavirus was engineered by human scientists. the proof is in the virus itself the tools for genetic insertion are still present as remnants in the genetic code. since these unique gene sequences do nt occur by random chance they re proof that this virus was engineered by scientists in a lab. but the who and cdc are covering up this inconvenient fact in order to protect commu. ,0
update 1040et science moves fast during an outbreak like this and dr. feigl ding has issued a few tweets clarifying and correcting some of the information cited in the threads we included below. though beforehand he acknowledged that the paper conclusions are bat shit wild and need to be scrutinized by the scientific community immediately. the situation is fluid. who knows what researchers will discover next. over the past few days the mainstream press has vigorously pushed back agai. ,0
it seems like you have tried to open a page that does n't exist. it could have been deleted moved or it never existed at all. you are welcome to search for what you are looking for with the form below. ,0
natural news not long before chinese coronavirus started making global headlines the johns hopkins center for health security in partnership with the world economic forum and the bill and melinda gates foundation held a high level pandemic exercise called event 201 that seems to have been a predictive blueprint for what s now transpiring with the coronavirus outbreak. on october 18 2019 representatives from each of the aforementioned groups descended on new york city to discuss how the. ,0
the novel coronavirus outbreak affecting china and many other countries right now has been determined to be a military bio weapon which was being worked on at the wuhan virology laboratory by china 's people 's liberation army nanjiang command. somehow it got out. the world is now facing a massive wipe out of humanity as a result. the proof that this virus is a genetically modified bat sars like virus manipulated by the chinese army appears below. the evidence is irrefutable. two separat. ,0
natural news breaking the u.s. news media is currently running about one to two days behind the chinese media in covering the bombshell revelations surrounding the coronavirus pandemic. natural news has chinese speaking investigators on the ground in taiwan and they re scanning the chinese media for the most important announcements. earlier today the taiwan media began reporting on a new mainland chinese study that specifically looked at the individuals involved in this wuhan coronavirus o. ,0
an appropriate representation of the requested resource could not be found on this server. this error was generated by mod_security. ,0
you 've requested a page on a website www.react365.com that is on the cloudflare network. cloudflare is currently unable to resolve your requested domain www.react365.com. there are two potential causes of this most likely if the owner just signed up for cloudflare it can take a few minutes for the website 's information to be distributed to our global network. less likely something is wrong with this site 's configuration. usually this happens when accounts have been signed up with a pa. ,0
students of the department of pharmaceutical chemistry of the kwame nkrumah university of science and technology knust have successfully created and tested a coronavirus vaccine. the 8-mmeber medical student team from knust completed works on the vaccine last week but travelled to ivory coast when the first case of coronavirus was reported in the country this weekend. the students told the press that two of them were in china on an exchange program when the first case of the virus infection w. ,0
the bill and melinda gates foundation co hosted a pandemic exercise in late 2019 that simulated a global coronavirus outbreak. they also just happen to fund the group who owns the patent to the deadly virus and are working on a vaccine to solve the crisis. on june 19 2015 the uk government funded pirbright institute filed an application for a patent for the live coronavirus which was approved on nov 20 2018. suspiciously a pirbright institute primary funder is the bill and melinda gate. ,0
"earlier this week i reported on the cover up by the chinese government of outbreak of the coronavirus. now this. bill holter of jsmineset is reporting a friend of his states a chinese friend and resident of wuhan told him they have 10,000 dead. city falling apart. and while these reports are unconfirmed we know the most reliable sources are from people on the ground. the least reliable are state or government sources. the coronavirus in china is spreading and largely could have been prevent. ",0
last year a mysterious shipment was caught smuggling coronavirus from canada. it was traced to chinese agents working at a canadian lab. subsequent investigation by greatgameindia linked the agents to chinese biological warfare program from where the virus is suspected to have leaked causing the wuhan coronavirus outbreak. note the findings of this investigation has been corroborated by none other than the bioweapons expert dr. francis boyle who drafted the biological weapons convention act fo. ,0
there is an unknown connection issue between cloudflare and the origin web server. as a result the web page can not be displayed. what can i do. if you are a visitor of this website please try again in a few minutes. if you are the owner of this website there is an issue between cloudflare 's cache and your origin web server. cloudflare monitors for these errors and automatically investigates the cause. to help support the investigation you can pull the corresponding error log from your. ,0
just over three months ago a high level pandemic exercise entitled event 201 was held in new york city. on october 18th the johns hopkins center for health security in conjunction with the world economic forum and the bill melinda gates foundation brought together 15 leaders of business government and public health to simulate a scenario in which a coronavirus pandemic was ravaging the planet. the current coronavirus outbreak that originated in china did not begin until december an. ,0
update march 11 2020 on social media and news outlets a theory has circulated that the coronavirus at the root of the covid-19 outbreak originated in a research lab. scientists say there is no evidence that the sars cov-2 virus escaped from a lab. ralph baric an infectious disease researcher at the university of north carolina at chapel hill last week november 9 published a study on his teams efforts to engineer a virus with the surface protein of the shc014 coronavirus found in hors. ,0
multiple updates since first published. see bottom -- the outbreak of an alleged new coronavirus in china is completely out of control and is killing thousands every day. as of 6:00 pm eastern us time on 23 january covert intelligence sources who are former colleagues of mine from my 15 years with the fbi the final five years handling national security terrorism and foreign counter intelligence on the joint terrorism task force and who are presently inside china confirm over 2.8 milli. ,0
elisa granato the first volunteer who availed herself in oxford for a jab in the first europe human trial of a vaccine to protect against the coronavirus pandemic has died. she died two days after the vaccine was administered authorities have said and added that an investigation into the cause of the death has been initiated. a statement by the researchers said elisa had complications few hours after taking the vaccine and died while on admission. elisa granato who is a scientist was one. ,0
the president thank you very much. later this evening we expect the house to pass the paycheck protection program and health care enhancement act. i m grateful that congress is answering my call to deliver these additional 320 billion in relief for the american worker and for small businesses. at a time when many americans are enduring significant economic challenges this bill will help small businesses to keep millions of workers on the payroll. you see states are starting to open up now. ,0
experts warn most states that are reopening still are nt doing enough testing as more u.s. states start to loosen stay at home orders experts warn that covid-19 could come back if there s not enough testing. according to the associated press a significant number of states that are reopening are still not meeting key testing benchmarks suggested by harvards global health institute. according to the institute and the world health organization who there should be enough testing done that the. ,1
a new study finds an increase in screen time does nt hurt kids social skills. getty images a new study found that despite the time spent on smartphones todays young people are as socially skilled as those of the previous generation. researchers compared teacher and parent evaluations of kids who entered kindergarten in 1998 years before facebook with children who did so in 2010. even children within both groups who experienced the heaviest exposure to screens showed similar developme. ,1
scientists around the world are working on a number of vaccines and treatments for covid-19. xinhua zhang yuwei via getty images scientists around the world are working on potential treatments and vaccines for the new coronavirus disease known as covid-19. several companies are working on antiviral drugs some of which are already in use against other illnesses to treat people who already have covid-19. other companies are working on vaccines that could be used as a preventive measure aga. ,1
coronaviruses cause respiratory illnesses so the lungs are usually affected first. early include fever cough and shortness of breath. these appear as soon as 2 days or as long as 14 days after exposure to the virus. but damage can also occur in other parts of the body especially during serious illness. all data and statistics are based on publicly available data at the time of publication. some information may be out of date. visit our coronavirus hub and follow our live updates pag. ,1
medical experts are studying if remdesivir can help people with covid-19. a leaked report on preliminary clinical trial results suggests that an experimental drug may work against covid-19. but experts caution against reading too much into this. the leaked report is anecdotal meaning it ca nt be used to show whether the drug is safe or effective. all data and statistics are based on publicly available data at the time of publication. some information may be out of date. visit our coronavi. ,1
your social media posts may say more about your stress and anxiety levels than you think. getty images the mental health of teenagers is most impacted by the pandemic. increases in addiction and substance use related content on social media may indicate that the public is self medicating. tweets show more negative indicators and trends of mental health in states that are more harshly impacted by covid-19. all data and statistics are based on publicly available data at the time of publicati. ,1
experts say rural areas have older populations that are less healthy and have fewer medical facilities than urban and suburban regions. jeremy hogan echoes wire barcroft media via getty images the covid-19 pandemic has already swept through cities and urban centers. now the illness appears to be building like an infectious prairie fire in rural america as well as in larger towns in the midwest. that was nt the case just a month ago. many rural communities are nt seeing anything. they re sim. ,1
an early study indicated an antimalarial drug might be effective in treating covid-19 but experts say more research is needed and people should nt use off label medications on their own. kay nietfeld picture alliance via getty images all data and statistics are based on publicly available data at the time of publication. some information may be out of date. visit our coronavirus hub and follow our live updates page for the most recent information on the covid-19 outbreak. when a study was publ. ,1
experts say that while some studies have shown ultraviolet radiation can kill microorganisms it is not sanctioned as a covid-19 therapy and such exposure can be dangerous for your health. getty images while some research has been done on ultraviolet radiation as a way to kill microorganisms it is not sanctioned as a covid-19 therapy. the research that s been done has shown this exposure can be dangerous for peoples health. new research shows that medical misinformation spread by public. ,1
"for people who were hospitalized with covid-19 a full recovery may take weeks to months. getty images there have been more than 116,000 recovered cases of covid-19 in the united states which is nearly double the number of deaths according to the johns hopkins coronavirus resource center. even for people who have officially recovered feeling 100 percent back to normal may be a long process. pulmonary rehabilitation is part of the recovery process since covid-19 is an illness that often. ",1
researchers say many home methods of checking to see if chicken is safe to eat are nt effective. in particular they note the color of the meat inside the chicken is nt a good indicator. experts say a food thermometer is the best safety method to check to see if chicken has been cooked to at least 165f 74c. half of home cooks may be misjudging if chicken is safe to eat. that s according to a from the norwegian institute of food fisheries and aquaculture research. in the study res. ,1
experts say biology as well as behavior may be among the reasons more men than women are developing covid-19 and dying from the disease. getty images several studies have shown that more men are dying from covid-19 than women. experts say part of the reason is women tend to have stronger immune systems than men. they add that men also tend to engage in more risky behavior such as ignoring physical distancing and they do nt take symptoms as seriously. all data and statistics are based on p. ,1
researchers are hoping antibody tests will help them understand who is immune to covid-19. getty images after an infection is cleared antibodies continue to exist in the blood. if a person were to be exposed to the same virus again those antibodies would rush to the site of viral exposure and use their memory to blunt the virus from causing harm. but if a person shows antibodies against the new coronavirus it does nt necessarily mean they re immune to reinfection. all data and statistic. ,1
kids process stress and anxiety differently at different ages. how parents help should be tailored to a childs needs and age. getty images like adults kids are struggling right now. but how that struggle manifests and what parents can do to help varies by age. younger children may be regressing and are in need of age appropriate explanations about what s going on. depression among teenagers may be on the rise as a result of physical distancing and missing events. online counselors and. ,1
researchers say people with covid-19 have reported losing their sense of smell but that s not the only symptom people should look for. getty images researchers say that losing ones sense of smell can be a symptom of covid-19. anyone who s recently lost their sense of smell should keep an eye out for other symptoms such as fever or persistent cough. if other covid-19 symptoms are present its best to seek medical help. if the loss of smell is related to covid-19 the sense will likely. ,1
experts say cancer survivors as well as their spouses and partners will experience job lock where they continue at their workplace to maintain their current health insurance. getty images researchers say 20 percent of cancer survivors have job lock where they stay in jobs mainly to keep their health insurance. experts say cancer survivors should take the time to fully understand their health coverage at work. there are alternatives for health insurance under the affordable care act. ,1
according to the fda one plasma donation can help as many as four people. getty images the food and drug administration fda is encouraging people who have recovered from a confirmed infection with the new coronavirus to consider donating their plasma so it can be injected into people with severe forms of the infection. its a treatment called and variations of it have been used to treat other infectious diseases including previous variations of the coronavirus. the fda says one donat. ,1
experts say parents should practice self care so they re emotionally equipped to help their children deal with anxiety about covid-19. getty images researchers say children can tell when parents are under stress even if parents try to hide their anxiety. experts say that during the covid-19 pandemic its important for parents to acknowledge their stress to their children in an age appropriate manner. they add that parents should practice self care so they re able to take care of their ch. ,1
experts warn people are being more exposed to cleaners and disinfectants especially among children. getty images calls to u.s. poison control centers about chemical cleaners and disinfectants surged 20 percent between january and march 2020 compared with the prior year. the report indicates an uptick in poisoning that s clearly associated with the spread and mounting worry of covid-19. all different age groups showed an increase in exposures to cleaners and disinfectants but young childr. ,1
the cdc recently added new known symptoms of covid-19. getty images experts are still learning the symptoms of the infection. loss of smell dizziness and rash are among the symptoms of covid-19 that people may miss. cardiovascular and blood clotting issues are also now becoming a problem for some people with the disease. all data and statistics are based on publicly available data at the time of publication. some information may be out of date. visit our coronavirus hub and follow our li. ,1
even if you re stuck at home you may be able to help researchers. getty images researchers at rice university are seeking volunteers for crowdsourced studies to help them better understand the impact of the pandemic. you do nt even have to leave the couch to get involved in the research. playing the role of citizen scientist through crowdsourced studies can be an empowering experience during a time when many people feel vulnerable. all data and statistics are based on publicly available da. ,1
the cdc has referred to large gatherings as potential super spreading events that could possibly undo the progress that s been made in the battle against covid-19. getty images despite warning that gathering in groups can contribute to the spread of covid-19 people are meeting in large numbers for parties beach days and political protests. the spread of covid-19 has been linked to social gatherings. the centers for disease control and prevention cdc has referred to such gatherings a. ,1
health experts warn experimental drugs have been found to be effective before they re made widely available. getty images the antimalarial drug hydroxychloroquine is being widely promoted as a cure for covid-19 but we still lack good data on its true benefits. some small clinical trials have shown possible benefits. but others have shown the opposite. the fda reissued a warning that people should nt take the drug without a doctors supervision. the antimalarial drug hydroxychloroquine r. ,1
experts say nursing facilities are nt really set up to deal with a pandemic such as covid-19. getty images experts say nursing facilities are nt well equipped to handle a pandemic such as covid-19. they recommend that family members with loved ones in a nursing home communicate with as many employees there as possible. they also recommend having regular facetime sessions with loved ones as well as bringing them reading material. all data and statistics are based on publicly available data. ,1
researchers say 25 percent to 50 percent of people with covid-19 are unaware they have the virus. this allows the novel coronavirus to spread more rapidly throughout a community. experts say these carriers without symptoms make it even more important for people to wear face masks in public. all data and statistics are based on publicly available data at the time of publication. some information may be out of date. visit our coronavirus hub and follow our live updates page for the most re. ,1
fatigue and body aches are symptoms of both the flu and the novel coronavirus but the flu usually does nt cause shortness of breath. getty images experts note that the novel coronavirus the flu and allergies have different symptoms. the main symptoms of the novel coronavirus are fever tiredness cough and shortness of breath. allergies have more chronic symptoms and include sneezing wheezing and coughing. the flu has symptoms similar to the novel coronavirus such as fever and bod. ,1
"experts are trying to determine how many people have developed covid-19. getty images researchers are trying to determine how many people had already been exposed to the virus that causes covid-19 and became immune to it. stanford researchers sampled over 3,000 residents to discover how many had antibodies to sars cov-2 in their blood also known as. the stanford findings have nt yet been peer reviewed and questions have been raised about the sample size being too small. another study. ",1
people living with diabetes may be at four times greater risk for death from covid-19 than those who do nt live with the condition. getty images new research has found that people with diabetes and poorly managed hyperglycemia who are hospitalized for covid-19 have a death rate and longer length of hospital stay that s four times higher than people without these conditions. forty two percent of those without a prior diagnosis of diabetes before being admitted and who developed hyperglycemia. ,1
people with mild symptoms of covid-19 can quickly become seriously ill. experts say these worsening conditions are usually caused by an overreaction of the immune system after symptoms first appear. experts say its important to rest and stay hydrated even if your symptoms are mild. they also say you should isolate yourself at home if you have any symptoms. all data and statistics are based on publicly available data at the time of publication. some information may be out of date. visi. ,1
experts say covid-19 sheltering in place has added more burdens on the parents of new babies. they say its important for new parents to seek out virtual assistance from friends and family. they also advise that friends and family can develop meal trains to drop off food. experts also urge new parents to practice self care and share the load with child raising and housework. all data and statistics are based on publicly available data at the time of publication. some information may be. ,1
while sheltering in place people living with autism may be finding it harder to do daily tasks and be facing more stress than normal because the daily routines they rely on have been disrupted. getty images stay at home orders can be particularly challenging for people living with autism. right now autistic individuals could be facing emotional distress at the changes brought forth by the covid-19 outbreak. while sheltering in place they may be finding it harder to do daily tasks and fa. ,1
more people are drinking alcohol while in quarantine. getty images a spike in alcohol sales has alarmed health experts and officials around the world. increased drinking can make people even more vulnerable to respiratory diseases like covid-19. those who have any of the known risk factors for covid-19 like diabetes or heart disease should drink even less. all data and statistics are based on publicly available data at the time of publication. some information may be out of date. visit o. ,1
in the fight against covid-19 nurses are real life superheroes. getty images many nurses around the world are making huge personal sacrifices to help fight the covid-19 pandemic. some have traveled from across the country to help. others have found themselves working in departments they never practiced in before learning new routines and protocols as they go. in many cases they re also working without the proper personal protective equipment ppe they need to ensure their own safety. . ,1
even for people who recovery from covid-19 health issues can remain. getty images patients with covid-19 who developed acute respiratory distress syndrome ards could have a greater risk of long term health issues. additionally people requiring intensive care are at increased risk for mental health issues like post traumatic stress disorder ptsd anxiety and depression. impaired lung function from sars cov-2 infection can negatively affect other organs like the heart kidneys and br. ,1
healthline contacted several public health specialists to see what they think of reopening the country amid the covid-19 pandemic. experts say some sort of physical distancing will still be required over the long term. additionally reopening too quickly could mean a resurgence of the virus. all data and statistics are based on publicly available data at the time of publication. some information may be out of date. visit our coronavirus hub and follow our live updates page for the most r. ,1
doctors in new york city say the rate of kidney injury among covid-19 patients is putting a strain on dialysis machines and other treatment equipment. getty images doctors in new york city say people hospitalized with severe cases of covid-19 are experiencing kidney damage. the doctors say this phenomenon is putting a strain on dialysis machines and other equipment used to treat kidney injury. they say a national effort is needed to help new york city with this emerging health issue as wel. ,1
dr. sasha shillcutt a cardiac anesthesiologist says she and her fellow anesthesiologists are on a level of high alert throughout their hospital shifts. image via sasha shillcutt anesthesiologists have been called to the front lines in the covid-19 pandemic. one of their chief tasks is the intubation of a patient who needs to go on a ventilator a delicate process that exposes an anesthesiologist to potential infection. anesthesiologists say there s also an emotional component they fill. ,1
experts say phone calls and video chats are good ways to stay in touch with family members hospitalized with covid-19. getty images family members are having to learn how to be patient advocates when they are nt allowed to visit loved ones with covid-19 in the hospital. experts say phone calls and video chats are the best ways to stay in touch with a hospitalized relative. experts say its important to designate one family member to be the point person to talk to doctors. they add its a. ,1
from the time of day you shop to how much of an item you buy there are a number of simple things you can do to make grocery shopping safer for everyone during the pandemic. getty images the cdc has made certain recommendations during the covid-19 pandemic to keep us all safer. being a considerate shopper means following these guidelines. its also important to be aware of the needs of others so everyone is able to buy the food and supplies they need. store employees and delivery personn. ,1
some level of physical distancing may be needed even next year. getty images as the country comes out of lockdown there will likely be a resurgence of sars cov-2 infections. so some level of physical distancing will be needed well into the future. because of the risk that infections will spike again intermittent physical distancing may be needed. all data and statistics are based on publicly available data at the time of publication. some information may be out of date. visit our corona. ,1
the world health organization who says we do nt have enough evidence to understand if and why some people may experience reactivation after recovery. we need more data to determine if and why the virus may be having a flare up in some infected people. but we may discover its all tied back to the functionality of each persons immune system. all data and statistics are based on publicly available data at the time of publication. some information may be out of date. visit our coronaviru. ,1
paper towels are the better choice for drying your hands. getty images the ongoing covid-19 pandemic has brought a laser focus on handwashing and hygiene. a new study finds using paper towels is more effective than conventional jet air dryers for removing microbes when drying poorly washed hands. the research team discovered there was much more environmental contamination after jet air dryer use. all data and statistics are based on publicly available data at the time of publication. some. ,1
experts are looking to keep patients with covid-19 off ventilators if possible .. getty images in some people with covid-19 an overreaction of their immune system can damage their lungs. an anti inflammatory drug may help reduce this damage and keep them off a ventilator. the food and drug administration has also given the green light to clinical trials of compounds that were still being studied for use in other conditions. all data and statistics are based on publicly available data at th. ,1
physical activity does nt have to take the form of traditional exercise in order to be beneficial. there are a number of ways you can get your heart rate up while staying close to home. getty images experts say that remaining physically active during the covid-19 outbreak is an important way to combat this disease. exercise has many benefits including reducing your stress and boosting your immune system. physical activity does nt have to take the form of traditional exercise in order to b. ,1
experts say you do nt need to wear gloves at the grocery store especially if you are diligent about washing your hands and not touching your face. getty images experts say wearing gloves while grocery shopping probably wo nt lower your risk of contracting the virus that causes covid-19. they say the gloves can make you more conscious of touching items as well as send a message to people nearby that you are taking precautions. the centers for disease control and prevention provides tips on. ,1
california installed strict shelter in place orders in mid march. experts say this significantly contained covid-19 spread early on. getty images california is looking at plans to slowly lift its covid-19 shelter in place orders. the state has had fewer covid-19 cases and deaths than other states. experts say californias decision to implement stay at home orders early on has been a big factor in its success in battling the outbreak. they add that californias healthcare system was also. ,1
transfer of the novel coronavirus via clothing is unlikely but experts agree there are a few scenarios in which immediate laundering is a good idea. getty images there have been no documented cases of transmission of the novel coronavirus via clothing and shoes at this point. if you are taking care of or frequently in close proximity to an individual with covid-19 doing laundry often is an essential part of preventive hygiene. this includes in particular high risk individuals such as h. ,1
stress induces the production and release of key stress hormones in your body which can have a huge impact on your skin. getty images staying inside for long periods of time can have effects on your skin. dry air stress and a change in skincare routine can all disrupt your skin health. mild soaps moisturizers and do it yourself facials can help keep your skin healthy. all data and statistics are based on publicly available data at the time of publication. some information may be out of. ,1
telehealth options are making a big difference for people seeking medical help during the covid-19 pandemic especially older adults. getty images in march the centers for medicare medicaid services began allowing medicare beneficiaries to receive care via telehealth. telemedicine is best served when it occurs between you and a doctor you already have a relationship with. to help keep patients with chronic conditions out of the emergency room and to leave room for those with covid-19. ,1
we talked to experts about using herbal remedies amid a pandemic. getty images herbal remedies have long been used to treat infections and viruses such as the common cold influenza fever and even herpes. but one of the biggest problems with using these herbs in the u.s. is that many herbal and natural remedies are low quality. certain herbs if misused could boost the immune system even more and lead to a cytokine storm. all data and statistics are based on publicly available data a. ,1
experts say staffing levels are becoming a major concern as more frontline workers become ill with covid-19. getty images more frontline workers such as police officers firefighters paramedics and hospital employees are becoming ill with covid-19. experts say the increase is due to a lack of personal protective equipment as well as the close contact these workers have with the virus. staffing levels at hospitals police stations and ambulances are being affected. experts say emerge. ,1
while there s currently no scientific evidence that establishes hiv itself as an increased risk factor for covid-19 experts say that does nt mean people living with hiv should nt take extra steps to protect their health. getty images currently there s no scientific evidence that establishes living with hiv as an increased risk factor for covid-19. some hiv medications are being used in clinical trials to see whether they can combat sars cov-2 the virus that causes covid-19. so far not. ,1
despite the high number of deaths there are early signs that the united states has avoided the worst case scenario. while projections have changed over time about the potential public health outcomes from covid-19 one thing that experts agree on its not going away anytime soon. in the fall there s a possibility of covid-19 returning along with the seasonal flu. this week was expected to be the most difficult as far as deaths and hospitalizations related to covid-19 in the united stat. ,1
picking the right material for a face mask can help keep you safe. getty images using doubled up 600-thread count pillowcases or flannel pajamas you could make a mask that provides up to 60 percent filtration. other materials that can be used to filter out dangerous particles include hepa filters vacuum cleaner bags and quilters cotton. but be careful of materials like household air filters that may contain fiberglass. they could still damage your lungs even if they filter out virus p. ,1
a new study reports that about a third of people in the united states who are working from home during the covid-19 pandemic are also drinking on the job. about 36 percent of men and 26 percent of women said they drink during work hours. experts say alcohol consumption while working can affect job performance and could be noticed by employers. the experts also expressed concerns over the possibility that heavy alcohol use could increase during shelter in place orders. all data and stat. ,1
new figures indicate that the covid-19 pandemic is hitting african american communities harder than other groups. experts say the trend is fueled by factors such as higher rates of underlying medical conditions as well as a lack of health services. experts say more testing should be done in minority communities and more medical services should be provided. all data and statistics are based on publicly available data at the time of publication. some information may be out of date. visit o. ,1
here are 9 healthier choices you may want to consider and 6 items you should consider limiting or avoid altogether. instead she said look for foods rich in antioxidants fiber protein and healthy fats to support your energy needs and keep you at your best. it is important to keep in mind both shelf life and the nutritional value. it can be tempting to pack your cart with cookies and sweet treats to get your mind off the stressors we all face but these foods wo nt support your immune syst. ,1
experts say the false negatives in covid-19 tests probably occur due to insufficient collecting of samples not the laboratory examination itself. getty images early research indicates that a common test for covid-19 may produce false negatives up to 30 percent of the time. experts say the inaccuracies are probably caused by the collection of samples not the actual laboratory testing. they say that people who have covid-19 symptoms should assume they have the illness even if they test. ,1
experts say establishing consistent daily and weekly routines is a way for people to feel there is some certainty during covid-19 isolation. among the advice for daily routines is to create a workspace outside your bedroom and get dressed as if you re going into the office. among the advice for weekly routines is to make your days consistent but still different as well as selecting certain days for exercise and special dinners. all data and statistics are based on publicly available dat. ,1
experts say treating yourself at home for a mild case of covid-19 is similar to how you would treat yourself if you have the flu. getty images common symptoms for mild cases of covid-19 include sore throat coughing and fever. there s no shortcut to getting over the virus other than best practice advice such as staying hydrated getting plenty of rest and monitoring symptoms. those with mild symptoms should follow the cdcs to limit further transmission. those at higher risk due to a. ,1
celebrities and musicians are creating online videos to help lift peoples spirits during the covid-19 shelter in place orders. in addition people are creating sidewalk chalk art and putting teddy bears in windows to help ease the lockdowns isolation. experts say the efforts show how people are trying to shine a bright light during the darker days of this pandemic. all data and statistics are based on publicly available data at the time of publication. some information may be out of da. ,1
experts are worried if people are asymptomatic they could still spread the virus. getty images the from the cdc has sparked a fiery debate among health experts. the guidance will allow asymptomatic people who ve been exposed to the virus to go back to work as long they take certain steps. some experts say the guidance could mean triggering a second wave of covid-19. all data and statistics are based on publicly available data at the time of publication. some information may be out of date. ,1
members of the military tell healthline they have not been adequately protected from the new coronavirus sars cov-2 on bases and on ships. getty images members of the army air force and navy tell healthline they are fearful of developing covid-19 on ships and military bases. they say the pentagon is not doing enough to protect them from the virus in their close quarters. veterans organizations also say the u.s. department of veterans affairs is not providing adequate healthcare for vet. ,1
there are simple ways to keep your house clean during the covid-19 outbreak. getty images sars cov-2 and other potentially life threatening pathogens can invade your living spaces remarkably easily. a recent study found that sars cov-2 can persist on plastic or stainless steel surfaces for 2 to 3 days. according to the american lung association there are cleaning agents and household products that can irritate the eyes or throat or cause health problems that include cancer. all data and. ,1
experts say past research has helped speed up the process for a covid-19 vaccine but new potential products still have to get through some time consuming scientific steps. thibault savary afp via getty images past research is helping speed up the search for a covid-19 vaccine but the approval process will probably still take 18 months to 2 years. experts note that potential vaccines still need to go through a rigorous three phase clinical trial process. experts add that its important. ,1
covid-19 symptoms can vary widely in different people ranging from deadly pneumonia to a loss of smell or even no symptoms. many people report mild symptoms initially before more severe fever and coughing. while 80 percent of cases are estimated to be mild they can still take a severe toll. all data and statistics are based on publicly available data at the time of publication. some information may be out of date. visit our coronavirus hub and follow our live updates page for the most. ,1
experts say do nt count on supplements as a way to stop covid-19. getty images doctors warn that relying on supplements and taking too much of them may do more harm than good. many vitamins and minerals can impact overall immunity but no single one can solely influence immunity. want to add a new supplement. talk about it with your doctor. all data and statistics are based on publicly available data at the time of publication. some information may be out of date. visit our coronavirus. ,1
experts say people with severe mental illness are more likely to contract the new coronavirus and are less likely to get proper treatment for its disease covid-19. getty images experts say people with severe mental illness face serious issues during the covid-19 pandemic. they say people with mental illness have lifestyles that increase their risk for contracting the new coronavirus. they also have more underlying health conditions that raise their risk for developing more serious cases o. ,1
experts say people with asthma do nt face a higher risk of contracting covid-19 but they do face a higher risk of serious illness if they contract with the virus. experts recommend people with asthma consult with their doctor about their medications. people with asthma are also advised to reduce stress and take extra precautions around their home. all data and statistics are based on publicly available data at the time of publication. some information may be out of date. visit our coron. ,1
distance learning during the covid-19 outbreak can provide kids with benefits that go beyond academics. getty images while under stay at home orders its important for children to still have a consistent structure to their day. although kids may not be learning as much as they would in the classroom online lessons and meetings with other students can help provide social interaction children are missing while stuck at home. if your childs schoolwork seems overwhelming speak with his or. ,1
experts are learning how covid-19 could mutate. tayfun coskun anadolu agency via getty images every virus mutates its part of the virus life cycle. those shifts and changes are nt always a big deal. the new coronavirus is an rna virus a collection of genetic material packed inside a protein shell. rna viruses like the flu and measles are more prone to changes and mutations compared with dna viruses such as herpes smallpox and human papillomavirus hpv. as the new coronavirus sars-. ,1
homemade face coverings probably wo nt protect you against covid-19 but they can help prevent you from spreading the disease to others if you have the virus. spencer platt getty images as confirmed cases of covid-19 continue to rise the cdc is recommending that everyone wear a cloth mask when they go out in public. experts say the homemade masks wo nt protect someone from getting sick but they can help prevent the spread of the disease by those with the virus. experts also recommend tha. ,1
experts say pets can help people feel less lonely as well as provide joy during the isolation of the covid-19 outbreak. getty images experts say a pets can help people deal with loneliness and isolation during covid-19 shelter in place orders. they add that pets especially dogs can help motivate people to go outside to exercise and take breaks from work. pet adoptions are on the rise during the covid-19 outbreak but experts say people should take into consideration where they live and w. ,1
experts are learning how antibody tests may help fight covid-19. horacio villalobos corbis via getty images the fda approved the first antibody test for covid-19. several groups are also working on a blood test that would show whether someone once had covid-19 and possibly whether they re immune. these types of tests could help officials discover who s no longer at risk for developing the disease. all data and statistics are based on publicly available data at the time of publication. s. ,1
while sheltering in place kids and teens are going to be craving interactions with friends that ca nt be replicated online. getty images social distancing may be particularly difficult for some children and teens. as children get older and more socially adept their peer group becomes the more important hub of their social development than their immediate family. experts say that while some parents may worry about the impact stay at home orders can have on a childs social development th. ,1
caring for people with alzheimers disease during this period of social distancing can be challenging but following these 5 simple tips may help. getty images demonstrating how to wash your hands for a loved one with alzheimers disease can help ensure they practice safe hygiene. the alzheimers association recommends planning for other caregivers to step up in case you become ill with covid-19. talk to your loved one about the pandemic in terms they understand. practice self care so yo. ,1
masks used by medical personnel have been the focus of covid-19 shortages but experts say products such as pain relievers and saline bags could also be affected. ina fassbender afp via getty images in addition to masks and gloves health officials say the covid-19 pandemic could result in shortages of medical supplies such as saline bags and prescription pain relievers. there s a particular concern about shortages of a drug used to treat malaria and lupus that s now being tested as a poten. ,1
experts are saying there are signs that covid-19 could become a seasonal illness like influenza. they say better treatments and a vaccine will be important if covid-19 returns next year. health officials in australia have already told citizens to get flu shots early and start practicing social distancing as the southern hemisphere begins to enter its winter season. all data and statistics are based on publicly available data at the time of publication. some information may be out of dat. ,1
experts say covid-19 is two to three times more contagious than flu so the virus can spread rapidly from person to person from gatherings. getty images experts are noting examples across the country of how one social gathering such as a choir practice or a funeral can quickly spread covid-19. they note the illness caused by the novel coronavirus appears to be two to three times more contagious than the flu. they add that early research indicates that people with covid-19 may transmit the. ,1
health care providers take extra steps to avoid covid-19 in new york city. stephanie keith getty images all data and statistics are based on publicly available data at the time of publication. some information may be out of date. visit our coronavirus hub and follow our live updates page for the most recent information on the covid-19 outbreak. physicians tell us what its like to battle the new coronavirus in the epicenter of the u.s. outbreak. in new york city regular life has become surreal. ,1
medical experts say its key to not stop your medications without talking to your physician. getty images the concern began after a study in stated that ibuprofen boosts the angiotensin converting enzyme 2 ace2 which may facilitate and worsen covid-19. the world health organization warned most patients to stick with acetaminophen. now they say they do not advise against using ibuprofen. most cardiologists advise patients to stay on their medications. all data and statistics are based on. ,1
knowing what to buy and how much can help you be better prepared during a pandemic. getty images of course the best time to shop for a pandemic is before it begins. but there are many things you can do during a pandemic to prepare yourself. having nonperishable foods and water on hand will prepare you for any sort of natural disaster including a pandemic. its not necessary to hoard during a pandemic. practicing social distancing and keeping your hands clean will help keep you safe whi. ,1
some experts are saying people who use e cigarettes and regular cigarettes could face a higher risk of serious illness with covid-19. they say that s because vaping and smoking damages the lungs and makes it more difficult for a person to fight off covid-19. the experts add that despite the potential serious consequences people who vape or smoke might still not be considered high priority patients at medical facilities. they say the best thing to do now is stop smoking and vaping. all. ,1
home healthcare workers are using everything from televisits and protective gear to thermometers to continue to take care of people in their homes. getty images the covid-19 outbreak is forcing home healthcare workers to change how they treat older adults and ill people. agency officials say their workers are conducting more televisits to help avoid transmitting the virus to their clients. they re also wearing personal protective gear more often and carrying thermometers to check for fever. ,1
as the covid-19 outbreak grows in the united states people who are immunocompromised are put in great danger simply living their lives. as the majority of americans are now under some sort of shelter in place order we talked to two people who are immunocompromised about their lives amid the pandemic. an estimated 60 percent of all americans live with at least one chronic health condition that puts them seriously at risk for complications from the novel coronavirus. all data and statistics ar. ,1
a recent study reports that covid-19 can live on surfaces such as cardboard for up to 24 hours and plastic and stainless steel for up to 3 days. however a microbiologist says this does nt call for panic. bathrooms and kitchens are areas that harbor germs in the home. experts say proper cleaning can clear away a variety of germs. all data and statistics are based on publicly available data at the time of publication. some information may be out of date. visit our coronavirus hub and foll. ,1
with many dentist offices closed experts say its more important than ever to brush properly and floss regularly. getty images most dentist offices are closed for routine procedures during the covid-19 outbreak. dentists are urging people to brush twice a day and floss once a day to take care of their teeth. they say keeping your toothbrush clean is also important for good dental health. all data and statistics are based on publicly available data at the time of publication. some informat. ,1
covid-19 may hurt your heart according to new reserach. marco mantovani getty images a new study finds covid-19 can cause heart injury even in people without underlying heart issues. according to research from the chinese center for disease control and prevention ccdc the death rate for covid-19 patients with heart disease was 10.5 percent. experts say its important for people with cardiovascular disease to be isolated from people with covid-19 symptoms. all data and statistics are b. ,1
experts have advise about how to clean your groceries. marco bello anadolu agency via getty images the virus that causes covid-19 can be viable for up to 72 hours on certain surfaces. taking extra care when handling your groceries can reduce your risk of exposure. experts say these simple steps can keep you safe. all data and statistics are based on publicly available data at the time of publication. some information may be out of date. visit our coronavirus hub and follow our live updates. ,1
experts say south korea introduced testing and other measures more quickly and efficiently than the united states in response to the covid-19 outbreak. seongjoon cho bloomberg via getty images the united states is reporting 15 times more confirmed covid-19 cases and deaths than south korea despite having only about six times the population. experts say the disparity is due to south korea ramping up testing more quickly and implementing preventive measures such as school closures earlier. . ,1
what may seem like a simple playdate could negatively impact the health of your child others you come in contact with and the duration of the covid-19 pandemic. getty images despite stay at home orders and current guidelines about the need for social distancing some parents continue to plan playdates for their kids with other children. some parents may have heard kids are nt at risk from covid-19 but that s not accurate. children are nt only at risk from covid-19 themselves but they c. ,1
sleep deprivation can affect your immune system and make you more vulnerable to illness. getty images stress and anxiety can make getting a healthy amount of sleep each night more difficult. regularly getting enough quality sleep is an important component of your physical and mental health. sleep deprivation can reduce your immune system and increase inflammation in the body making you more vulnerable to illness. all data and statistics are based on publicly available data at the time of. ,1
"known cases of covid-19 in the united states have now topped 80,000 and experts think that s likely far lower than the actual number of cases. deaths in the united states are more than 1,100. multiple states have issued some form of a shelter in place or stay at home order. all data and statistics are based on publicly available data at the time of publication. some information may be out of date. visit our coronavirus hub and follow our live updates page for the most recent information. ",1
by focusing a conversation with your roommate around your actions and the responsible steps that you are taking while social distancing you can empower them to do the same. getty images millions of americans in shared living situations across the country are facing the same dilemma how can you convince a roommate to take covid-19 social distancing and hygiene measures seriously. experts advise having an open and empathic discussion with your roommate. during the conversation stay calm a. ,1
medical personnel are speaking out about how they re being forced to reuse masks gloves and gowns and resort to making their own protective medical gear. one nurse told healthline she s only allowed one surgical mask per shift. the centers for disease control and prevention cdc the reuse and overuse of ppe as crisis capacity and though necessary does not commensurate with u.s. standards of care. all data and statistics are based on publicly available data at the time of publica. ,1
myths circulating about the covid-19 outbreak are leading some people to behave in ways that could endanger their health and the health of others. getty images while the flu and covid-19 both cause respiratory illness they are different. dry cough fever and fatigue are three early symptoms most commonly associated with infection from sars cov-2 the coronavirus that causes covid-19 disease. although older people and those who are immunosuppressed are at greatest risk for complications. ,1
stay at home orders restrict people from leaving their homes for anything other than essential activities. they re intended to limit peoples contact with each other in order to slow the spread of the disease. getty images on march 16 2020 the u.s. government announced a set of guidelines intended to slow the spread of covid-19. individual states have now begun to issue stay at home orders as well. stay at home orders restrict people from leaving their homes for anything other than essen. ,1
experts say you can expect the covid-19 pandemic to linger for at least a year with social distancing protocols and empty store shelves occurring along with waves of infections. getty images numerous reports and computer modeling indicates that well see multiple waves of the covid-19 pandemic over the coming months. self isolation wo nt stop the disease but it will reduce strain on medical resources allowing doctors to save more lives. scientists and doctors around the world are workin. ,1
in some places only healthcare workers and the most seriously ill patients are getting tested for the new coronavirus that causes covid-19. horacio villalobos corbis via getty images in some places only healthcare workers and the most seriously ill patients are being tested for covid-19. experts say a shortage of test kits and masks is forcing medical professionals to make these tough choices. they say testing is important to provide swift and proper treatment for people who contract the. ,1
turning to alcohol pot or other substances to help ease feelings of stress and loneliness during the covid-19 outbreak could do more harm than good. heres what experts suggest instead. getty images experts advise against using substances such as marijuana or alcohol to help reduce stress anxiety and loneliness while social distancing during the covid-19 outbreak. in the context of the covid-19 pandemic these behaviors can present additional problems. marijuana and other inhaled subst. ,1
news of deaths among healthcare workers involved in the fight against the new coronavirus has highlighted the dangers of the disease. in connecticut at least 200 nurses have been sidelined from their duties and put in isolation due to lack of testing. according to current cdc guidelines depending on the type of exposure and presentation of symptoms healthcare workers could be excluded from work for a minimum of 2 weeks or none at all. all data and statistics are based on publicly avail. ,1
speaking with older parents about the importance of social distancing during the covid-19 pandemic can be challenging but experts say following a few simple tips can make a big difference. getty images getting older parents to understand the importance of social distancing during the covid-19 pandemic may be challenging for some people. if your parent is less likely to listen to your advice having another person your parent trusts speak with them such as a family friend sibling or pasto. ,1
there are simple steps you can take to help prep for the possibility that you may contract covid-19 or aid in your recovery if you ve already tested positive and start to feel mild to moderately symptomatic jennifer williams mph a research scientist and hydration expert at the medical device and consumer products company abbott told healthline. that means you can probably recover at home. the good news an estimated 80 percent of those with covid-19 in china experienced only mild to mod. ,1
experts say sheltering in place at home is important even if there are nt any reported cases of covid-19 in your community. getty images experts say its important for people in towns without any covid-19 cases to start taking precautionary measures such as self isolation. they note that if people wait until covid-19 cases show up then its already too late. the experts said young adults and children who have mild or no symptoms can still spread the disease. they say these efforts to f. ,1
experts contend that staying home and practicing social distancing are key to flattening the curve of covid-19 cases. flattening the curve refers to slowing the number of new cases so that hospitals are nt overwhelmed at any one time. many city and state governments have closed nonessential businesses and limited group gatherings. all data and statistics are based on publicly available data at the time of publication. some information may be out of date. visit our coronavirus hub and f. ,1
chemotherapy is continuing but other healthcare services are being postponed for people undergoing cancer treatment. getty images the covid-19 outbreak has disrupted healthcare services for people who are being treated for cancer. while chemotherapy is continuing other healthcare services are being postponed. experts say these delays can increase anxiety for people who are already feeling stressed about cancer. all data and statistics are based on publicly available data at the time of p. ,1
experts say isolation and boredom can be triggers for people recovering from substance use. getty images experts say people who are recovering from substance use are facing serious relapse issues during the coronavirus shelter in place orders. they say the self isolation and boredom that comes with it can be a trigger to relapse into drug or alcohol use. they say that many organizations such as alcoholics anonymous have information on how people can connect using social media and other onl. ,1
a recent study from china concluded that people with type a blood may have a higher risk of contracting the new coronavirus than people with type o do. experts say the research is interesting but more studies need to be done to verify the results. the experts add that past research has shown some connection between blood type and illnesses such as the stomach flu as well as the risk of stroke and cognitive impairment. all data and statistics are based on publicly available data at the. ,1
researchers are learning how covid-19 is impacted by otc medications. getty images experts say there s no clear evidence that ibuprofen makes covid-19 worse. one thing specific to covid-19 is that some lab experiments are showing that ibuprofen may boost the amount of ace2 receptors that the virus uses to infect cells and could make the virus spread faster. all data and statistics are based on publicly available data at the time of publication. some information may be out of date. visit our. ,1
experts say giving your home a deep cleaning can bolster your immune system encourage healthy eating and reduce stress. getty images experts say doing a thorough spring cleaning of your home has a number of health benefits. for starters a clean home can strengthen your immune system and help you avoid illnesses. a decluttered house can also reduce stress and depression as well as help avoid injuries. all data and statistics are based on publicly available data at the time of publication. ,1
"jrme salomon frances director general for health announced that more than 50 percent of the countrys covid-19 patients in intensive care are under the age of 60 according to cnn reports. he did not specify the age range for this group. of patients in the icu about 12 percent were below the age of 45. few died. in a group of 500 patients hospitalized about 20.8 percent were between the ages of 20 and 44 and 18 percent were between 45 and 54. in the united states among almost 2,500. ",1
the hashtag highriskcovid19 has been trending on twitter with stories of people of all ages who are immunosuppressed. about 20 percent of people who develop covid-19 have severe or critical cases according to data from china. people with a weakened immune system have an increased risk of developing serious complications like pneumonia. all data and statistics are based on publicly available data at the time of publication. some information may be out of date. visit our coronavirus hub a. ,1
social distancing is a responsibility that individuals take on to make sure they re not the vector of disease and to break the chain of transmission said may chu phd a clinical professor in the department of epidemiology at the colorado school of public health in aurora colorado. its critical that everyone practices social distancing not just those who are sick jones told healthline. this can help vulnerable populations like older adults from getting the virus. due to delays in te. ,1
as the covid-19 outbreak continues to spread some children may have questions and be experiencing increased fear. getty images with extensive news coverage about the potentially deadly nature of the covid-19 pandemic children may develop fears about the risk to their own health and safety. experts say parents should listen to their childrens fears and not dismiss them. before talking to kids about what they may be seeing on the news or hearing from their peers parents should make sure. ,1
experts say people with diabetes should purchase a 90-day supply of insulin as well as exercise eat healthy wash their hands and practice social distancing during this outbreak. getty images experts say people with diabetes may be at higher risk for covid-19 complications than the general public although the research is nt definitive. experts recommend people with diabetes prepare for a possible infection by purchasing a 90-day supply of insulin. they say people with diabetes should in. ,1
the american red cross says the covid-19 outbreak has drastically reduced blood donations needed for surgeries transfusions and transplants. getty images all data and statistics are based on publicly available data at the time of publication. some information may be out of date. visit our coronavirus hub and follow our live updates page for the most recent information on the covid-19 outbreak. the new coronavirus is testing healthcare systems worldwide where communities across the country are. ,1
when its necessary to wash your hands more frequently these tips can help keep your skin from becoming dry and chapped. getty images diligent handwashing may keep germs away but it may also damage skin. washing in warm water rather than hot can keep your hands from getting dry. blotting rather than drying hands dry can keep abrasions from forming. hand sanitizer can be used temporarily in place of washing when hands are extremely chapped. all data and statistics are based on publicly. ,1
"hospitals are preparing for a surge of patients with covid-19 in the coming weeks. getty images the official number of cases of covid-19 has now topped 7,800. but experts believe the number is likely much higher. a lack of testing kits means many people with symptoms have not been tested. without robust testing health officials are having a hard time determining the scale of the outbreak. all data and statistics are based on publicly available data at the time of publication. some informa. ",1
your cellphone can be a carrier of microbial life forms including bacteria viruses and fungi. getty images during the covid-19 pandemic its important to clean commonly touched surfaces. one type of surface that we touch frequently is our phone touch screen. phone touch screens can usually be cleaned using disinfecting wipes but check with the maker of your phone first. frequency of cleaning will vary depending on your habits and the likelihood of exposure. all data and statistics a. ,1
experts say connecting with others especially those in similar situations can ease loneliness if you re quarantined or isolated during the coronavirus disease outbreak. getty images a new app called quarantine chat may help some people who are experiencing loneliness while in isolation during the covid-19 outbreak. mental health experts say its important for people to stay connected during a quarantine as well as talk to others who are in similar situations. experts say there are a num. ,1
research is limited but experts do nt see evidence that the disease can be passed in utero. newborns may face risks if they contract the disease after being born. experts are still learning the best way for women who contract covid-19 to give birth to minimize the risk of transmission. all data and statistics are based on publicly available data at the time of publication. some information may be out of date. visit our coronavirus hub and follow our live updates page for the most recent i. ,1
stress and anxiety about the spread of the novel coronavirus coupled with increased social distancing and isolation recommendations may be affecting your mental health more than you realize. getty images as we all face uncertainty about the novel coronavirus there are measures we can take to stay calm. for those living with a mental health condition like depression anxiety or ptsd filling prescriptions ahead of time and asking your therapist to hold telemedicine sessions can ensure you. ,1
people may be tempted to make their own hand sanitizers but expert washing your hands with soap and warm water is a better choice. getty images recipes for homemade hand sanitizers are available online but experts say those diy products may not be the best option during the coronavirus disease outbreak. they say the recipes are too complicated for most people and products that are mixed incorrectly can cause burns or other issues. the experts say washing your hands with soap and warm wa. ,1
all data and statistics are based on publicly available data at the time of publication. some information may be out of date. visit our coronavirus hub and follow our live updates page for the most recent information on the covid-19 outbreak. the emergency department and its staff are known for being able to handle almost anything that comes their way. the emergency department is both the front door to the hospital healthcare system and the safety net when all else fails. if your primary docto. ,1
"experts are concerned we could run out of hospital beds as covid-19 spreads. getty images when washington state authorities sent an urgent request for 233,000 respirators and 200,000 surgical masks to be released from the federal stockpile they received less than half the amount they requested. according to the most recent figures the united states has roughly three hospital beds for every 1,000 people. typically about of them are occupied leaving approximately 300,000 beds available n. ",1
two families in new york discuss what life is like when you ca nt venture into public. tamar weinberg and her family have been in quarantine since march 3. photo courtesy of tamar weinberg. all data and statistics are based on publicly available data at the time of publication. some information may be out of date. visit our coronavirus hub and follow our live updates page for the most recent information on the covid-19 outbreak. tamar weinberg has lost track of how many days she s been in quaran. ,1
the novel coronavirus can spread through the air as well as contact with contaminated surfaces such as plastic and stainless steel where the virus can live for up to 3 days. getty images experts say the canceling of events that draw large crowds is an important step in combating the further spread of the novel coronavirus. the virus spreads like other viruses that cause common respiratory illnesses such as the flu via droplets that are excreted by coughing sneezing and breathing. a. ,1
experts say there are a number of ways you can get in a full body workout at home. getty images experts say fitness centers are a great place to get exercise but also a place where something like the new coronavirus can spread. some gyms have instituted practices to thoroughly clean equipment more often. fitness experts say there are a number of ways you can get in a full body workout while exercising at home. all data and statistics are based on publicly available data at the time of publ. ,1
misinformation about covid-19 is spreading online including many fake cures or treatments for the disease. at least seven companies have been warned by the food and drug administration for fraudulent products to treat covid-19. the products cited in these warning letters include teas essential oils tinctures and colloidal silver. all data and statistics are based on publicly available data at the time of publication. some information may be out of date. visit our coronavirus hub and. ,1
people wait in line to buy tickets for the south by southwest music festival last week before the popular annual event was canceled. getty images during the past week public events from music festivals to sports contests to conferences have been canceled due to the coronavirus disease outbreak. experts say its essential to ban large gatherings because of how widespread the disease is and how easily it is to transmit. they note the illness can spread even in small gatherings sometimes by. ,1
the last time a pandemic was declared was 11 years ago. alfonso di vincenzo kontrolab lightrocket via getty images the world health organization declared a global pandemic due to the rise of covid-19. there are distinct between an outbreak epidemic and pandemic. a pandemic is an epidemic that s spread over several countries or continents and affects a large percent of the population. all data and statistics are based on publicly available data at the time of publication. some informati. ,1
the 1918 flu pandemic led to hundreds of thousands of deaths in the u.s. getty images sars the 1918 flu pandemic and ebola have all helped public health officials prepare for major outbreaks. each major outbreak is different though and experts have a hard time predicting how they will end. the fallout of each disease largely depends on other circumstances when we catch it how contagious and fatal it is how hygienic people are and how quickly a vaccine or cure becomes available. all. ,1
"officials in china are battling a new coronavirus disease outbreak 17 years after the sars outbreak. getty images after being criticized for a slow response to sars china is once again facing global scrutiny for its handling of the new coronavirus. by the time the global sars outbreak was contained the virus spread to over 8,000 people worldwide and killed almost 800. the new coronavirus sars cov-2 which causes the disease covid-19 has already surpassed the 2003 sars outbreak. all dat. ",1
viruses love it when you touch your face but there are simple things you can do to help break the habit. getty images touching your face can significantly increase the risk of infection with flu or cold viruses and the new coronavirus. your eyes and mouth are areas where viruses can easily enter your body. studies have found that people touch their faces more than 16 times in an hour. we touch our faces so often that the odds of recontaminating our hands between washings are extremely h. ,1
in some cases testing for the novel coronavirus is free but you could still be on the hook for other medical costs related to testing or hospital visits. widespread testing of people at risk for coronavirus infection is needed to avoid rapid spread of the virus. the uninsured and underinsured are the ones most likely to think twice before going to the hospital or doctors office for a coronavirus test. all data and statistics are based on publicly available data at the time of publicati. ,1
the elderly especially those with preexisting conditions like diabetes heart disease and lung disease may be severely affected by the new virus. covid-19 may be similar to seasonal flu. from 70 to 85 percent of all flu related deaths and 50 to 70 percent of flu related hospitalizations occur among those 65 years and over according to the. but there is nt a reason to panic. experts recommend taking steps to prepare in case you contract the disease. the cdc that all people wear clo. ,1
there are clear steps to take if you think you might be sick. getty images there s currently a limited supply of test kits with public health departments so not everyone will qualify for testing. the first thing you ll want to do is ask yourself why you think you may have covid-19. if you have milder symptoms give your primary care physician a call first for advice. all data and statistics are based on publicly available data at the time of publication. some information may be out of dat. ,1
all data and statistics are based on publicly available data at the time of publication. some information may be out of date. visit our coronavirus hub and follow our live updates page for the most recent information on the covid-19 outbreak. as the new coronavirus quickly spreads around the globe health officials are hustling to manage the spread and cushion the blow of a pandemic. travel bans are limiting entry to high risk countries borders are being sealed off and people are being force. ,1
experts say there are common medications that may help for in case of viral infection. str afp via getty images here are some tips on what medications and over the counter otc drugs to have on hand during the covid-19 outbreak. get at least 1 month of prescription medications so you do nt have to worry about running out. otc medications may help relieve some symptoms of the coronavirus in mild cases. all data and statistics are based on publicly available data at the time of publication. ,1
as of march 3 in addition to the 48 cases from repatriated people from the diamond princess cruise ship in japan there have been 60 new cases of covid-19 across 12 states. experts say people do nt need to panic but should prepare in case they re quarantined at home for 14 days. all data and statistics are based on publicly available data at the time of publication. some information may be out of date. visit our coronavirus hub and follow our live updates page for the most recent informati. ,1
while the seasonal flu dissipates in the summer months as people stop congregating in close quarters the same may not be true for covid-19. experts are looking to see how the virus spreads in the southern hemisphere which is currently in summer for clues. at this point experts are unsure whether covid-19 will become an annual respiratory disease or if it can be stopped in time. all data and statistics are based on publicly available data at the time of publication. some information m. ,1
italy has been hard hit by the new coronavirus. antonio masiello getty images asking all patients about their recent travel history could help slow the spread of covid-19 say infectious disease experts. the main of covid-19 fever cough and shortness of breath and other emerging infectious diseases also occur with other illnesses. all data and statistics are based on publicly available data at the time of publication. some information may be out of date. visit our coronavirus hub and fol. ,1
this article was updated on april 27 2020 to include information about home testing kits and on april 29 2020 to include additional symptoms of the 2019 coronavirus. sars cov-2 is a new coronavirus that emerged in late 2019. it causes a respiratory illness called covid-19. many people who get covid-19 have a mild illness while others can become severely ill. covid-19 shares many similarities with seasonal influenza. however there are also several differences between the two. below well take. ,1
the current worldwide outbreak of covid-19 has left many people with concerns about the spread of this new disease. among those concerns is one important underlying question what exactly is a pandemic. the spread of the novel coronavirus sars cov-2 was officially defined as a pandemic by the world health organization who on due to its sudden emergence and expansion around the world. in this article well explore what defines a pandemic how to prepare for a pandemic and how many pandemi. ,1
"to help limit transmission of the virus the centers for disease control and prevention cdc is advising americans to avoid all nonessential travel to china. since the covid-19 virus was first detected in china in december 2019 more than 75,000 cases of the infection have been confirmed there. individual travelers can help limit covid-19 and other virus transmission by practicing good hand hygiene minimizing contact with people who are sick and taking other steps to help manage the ri. ",1
one of the most effective ways to prevent the spread of illnesses is to encourage employees to stay home when they re sick. during the outbreak of h1n1 swine flu in 2009 an estimated 8 million workers contagious with h1n1 did nt take time off of work. this led to as many as 7 million additional cases of the virus. all data and statistics are based on publicly available data at the time of publication. some information may be out of date. visit our coronavirus hub and follow our live upda. ,1
"a new study found certain people were super spreaders who infected others with the coronavirus. xiong qi xinhua via getty over 43,000 people have been infected with the new coronavirus. in the united states 12 people have been diagnosed with the disease. two new studies published in jama friday found that the virus is transmitted easily from person to person. all data and statistics are based on publicly available data at the time of publication. some information may be out of date. vis. ",1
there are a number of ways germs can grow on your shower curtain but experts say most of them are nt a serious health threat for most people. getty images a study by a research company says your shower curtain probably has the most germs of anything in your bathroom. experts say the germs and bacteria that grow on a shower curtain are nt a serious health threat to most people. experts also say you should still properly clean your shower curtains on a regular basis. you may be showering in. ,1
this article was updated on april 29 2020 to include additional information on symptoms. covid-19 is an infectious disease caused by a new coronavirus discovered after an outbreak in wuhan china in december 2019. since the initial outbreak this coronavirus known as sars cov-2 has spread to most countries around the world. it has been responsible for millions of infections globally causing hundreds of thousands of deaths. the united states is the most affected country. as yet there s no v. ,1
two flu strains are overlapping each other this flu season. this means you can get sick twice from different flu strains. while the flu vaccine is nt a perfect match its the best defense against the flu. editors note this is a developing story that s been updated since it was first published. healthline will continue to update this article when there s new information. the flu is still going strong with seeing widespread activity. up to 26 million americans have gotten the flu this. ,1
multiple companies are working on a vaccine to fight the new coronavirus. getty images several groups are working on a vaccine for the new coronavirus but there s no guarantee that it will be ready before the end of the current outbreak. one group says they may have an experimental vaccine ready for initial testing in just a month. but experts caution this expedited timeline does nt always allow for careful evaluation of the safety and effectiveness of the vaccines. all data and statistic. ,1
the new coronavirus was first detected in wuhan china. getty images coronaviruses are named for their crown like shape and were first identified in the mid-1960s. the virus typically causes respiratory illnesses like the common cold. a new found the virus may have originated in bats and then spread to humans via a snake or pangolin. seven coronaviruses are known to infect humans. all data and statistics are based on publicly available data at the time of publication. some information may. ,1
the flu vaccine can help prevent the flu but if you do get sick there are four fda approved medications for treating flu symptoms. these meds need to be taken within 24 to 48 hours of onset of symptoms to be effective. typically the medications lessen severity of symptoms by preventing the flu virus from multiplying. the 2019 20 dominant flu strains have peaked at unusual times and are also affecting children and young adults more than usual. the 2019 20 flu season has already throw. ,1
several prescription antiviral drugs are available that can reduce the severity and duration of the flu if they are given within the first 48 hours. getty images prescription antiviral drugs can help to eliminate the flu sooner and reduce the severity of symptoms. they are especially beneficial to those at risk of developing severe flu complications. antivirals have been found to reduce the duration of the illness by up to 1 1/2 days when given within the first 48 hours. the flu season thi. ,1
researchers say only about half of millennials have received a flu shot and a third do nt plan to get the vaccination. getty images a survey reports that about 51 percent of millennials in the united states have nt received a flu shot and 32 percent do nt plan to get one. the survey also indicated that millennials and african americans were most likely to be influenced by anti vaccination groups. experts say millennials may be reluctant to get vaccinated because they have fewer healthcar. ,1
the flu is still spreading as we near peak flu season. getty images northern and western states are now being hit hard. currently the influenza b strain is appearing most often around the country. the cdc announced high numbers of pediatric deaths related to the flu. the united states may be gearing up for one of the worst flu seasons in years health experts predict. the centers for disease control and prevention cdc reported friday that there have been 32 pediatric deaths so far this s. ,1
influenza vaccination lowers your risk of infection can reduce the severity of an infection in some cases and helps protect others who are unable to receive vaccinations due to health conditions. getty images the u.s. centers for disease control and prevention cdc estimates between 9.3 million and 49 million cases of the flu occur each year in the united states. although not 100 percent effective the influenza vaccination may help prevent the flu and reduce the severity of the disease i. ,1
healthy gym etiquette can help you avoid common germs that can lead to illness. while germs can be contracted at the gym the risks do nt outweigh the benefits of a good workout. practicing good handwashing hygiene covering up cuts and skin breaks wearing shoes wiping down equipment before and after use and bringing your own towels and mats can help keep germs away. sometimes its hard just to get yourself to the gym. once you re there the last thing you want to worry about is comin. ,1
you likely wo nt have both a cold and the flu at the same time according to a new study that found strong evidence that the viruses that cause the illnesses interfere with each other. that interaction could mean that having the flu prevents or delays the onset of a cold and vice versa. the research could open the door to potential new vaccines or treatments that mimic the way one virus wards off the other. experts say the best prevention against influenza this season is to get a flu s. ,1
flu cases are still on the rise. getty images the cdc predicts there have been up to 5.3 million cases of the flu. new research suggests that whatever strain you first picked up as a child will determine how well your immune system fights future flu infections. experts say there may be an uptick in flu cases during the holiday season. its been a wild and unpredictable flu season so far. the flu got an earlier start than usual this year and a strain that s particularly harsh among childre. ,1
"there have been as many as 3.7 million cases of the flu and up to 3,300 flu related deaths in the united states according to the cdc. flu activity has been elevated for 5 weeks. the last time flu activity picked up this quickly was more than 15 years ago. editors note this is a developing story that s been updated since it was first published. healthline will continue to update this article when there s new information. during the first month of this years flu season widespread flu. ",1
many daycare centers have no requirements for children to get vaccinated for the flu. getty images young children are at increased risk for getting the flu and having severe symptoms. but a study finds many daycare centers do nt require flu vaccinations for eligible children or adults. experts point to lax state regulations as one reason that few centers require vaccinations. each year children under the age of 5 face the when it comes to influenza. new research has pinned down one potent. ,1
cdc officials say everyone over the age of 6 months should vaccinated against the flu. getty images currently 30 states have laws requiring children to get flu vaccinations at a medical office. some experts say children should be able to get flu shots at pharmacies and drugstores to help reduce the spread of the illness. concerns over liability as well as updating medical records on vaccinations are some of the reasons for the restrictions. getting a flu shot for children is an option fre. ,1
"one child in texas died after contracting flu like symptoms. but experts warn the flu can also be dangerous for people over 65. the cdc estimates up to 85 percent of annual flu deaths are in older adults. flu activity continues to increase across the country with seven states reporting high levels of flu activity. another 42 states now reporting low or minimal flu activity. the overall hospitalization rate is 1.4 per 100,000 people according to the centers for disease control and pre. ",1
if you re living with asthma you may not be able to always avoid colds and the flu but being prepared with accurate information is the best way to face them. getty images cold and flu season can be particularly challenging for people who have asthma. a number of myths and false claims about how best to treat asthma during this time continue to persist. properly managed asthma can help with symptoms brought on by the cold and flu. cold and flu season can take a toll on anyone but for tho. ,1
experts say people with serious illnesses such as diabetes and heart disease can have more serious symptoms if they get the flu. getty images three health organizations are teaming up to get the word out that people with serious conditions such as heart disease and diabetes need to get a flu shot. experts say people with chronic illnesses can experience more serious complications from influenza. experts say people can get flu shots at their doctors office as well as at pharmacies and walk. ,1
shortages are being reported in some areas for the higher dose influenza vaccine given to people over the age of 65. flu illnesses are already showing up in some parts of the country in particular the southern and southeastern regions. manufacturers have told health officials that deliveries of the regular flu vaccine are on schedule despite a delay in september to adjust the formula. as the flu season begins across the united states some older adults are having trouble accessing the h. ,1
hospitalized patients with advanced covid-19 and lung involvement who received remdesivir recovered faster than similar patients who received placebo according to a preliminary data analysis from a randomized controlled trial involving 1063 patients which began on february 21. the trial known as the adaptive covid-19 treatment trial or actt sponsored by the national institute of allergy and infectious diseases niaid part of the national institutes of health is the first clinical trial. ,1
initiative aims to speed delivery of accurate easy to use scalable tests to all americans. the national institutes of health today announced a new initiative aimed at speeding innovation development and commercialization of covid-19 testing technologies a pivotal component needed to return to normal during this unprecedented global pandemic. with a 1.5 billion investment from federal stimulus funding the newly launched rapid acceleration of diagnostics radx initiative will infuse fundin. ,1
urgent public health measures are needed to control the spread of the novel coronavirus sars cov-2 and the disease it causes coronavirus disease 2019 or covid-19. scientific research to improve our understanding of the virus and how it causes disease and to develop strategies to mitigate illness and death is of paramount importance. a new strategic plan from the national institute of allergy and infectious diseases niaid part of the national institutes of health details the institutes. ,1
living document expected to be updated often as new clinical data accrue. a panel of u.s. physicians statisticians and other experts has developed treatment guidelines for coronavirus disease 2019 covid-19. these guidelines intended for healthcare providers are based on published and preliminary data and the clinical expertise of the panelists many of whom are frontline clinicians caring for patients during the rapidly evolving pandemic. the guidelines are posted online covid19treatme. ,1
study supports clinical testing under way across u.s. early treatment with the experimental antiviral drug remdesivir significantly reduced clinical disease and damage to the lungs of rhesus macaques infected with sars cov-2 the coronavirus that causes covid-19 according to national institutes of health scientists. the study was designed to follow dosing and treatment procedures used for hospitalized covid-19 patients being administered remdesivir in a large multi center clinical trial led. ,1
an investigational vaccine called chadox1 mers protected two groups of rhesus macaques from disease caused by middle east respiratory syndrome coronavirus mers cov. mers cov is a relative of the severe acute respiratory syndrome coronavirus 2 sars cov-2 which causes coronavirus disease 2019 covid-19. national institutes of health scientists and colleagues are pursuing similar studies with chadox1 sars2 a vaccine candidate against sars cov-2. they posted their results with chadox1 mers on. ,1
nih to launch public private partnership to speed covid-19 vaccine and treatment options the national institutes of health and the foundation for the nih fnih are bringing together more than a dozen leading biopharmaceutical companies the health and human services office of the assistant secretary for preparedness and response the centers for disease control and prevention the u.s. food and drug administration and the european medicines agency to develop an international strategy for a coo. ,1
n95 respirators can be decontaminated effectively and maintain functional integrity for up to three uses according to national institutes of health scientists. n95 respirators are designed for single use and are worn by healthcare providers to reduce exposure to airborne infectious agents including the virus that causes covid-19. the study was conducted in a controlled laboratory setting and the results were posted on a preprint server on today. the findings are not yet peer reviewed but are. ,1
"a new study has begun recruiting at the national institutes of health in bethesda maryland to determine how many adults in the united states without a confirmed history of infection with sars cov-2 the virus that causes coronavirus disease 2019 covid-19 have antibodies to the virus. the presence of antibodies in the blood indicates a prior infection. in this serosurvey researchers will collect and analyze blood samples from as many as 10,000 volunteers to provide critical data for epide. ",1
a clinical trial to evaluate the safety and effectiveness of hydroxychloroquine for the treatment of adults hospitalized with coronavirus disease 2019 covid-19 has begun with the first participants now enrolled in tennessee. the outcomes related to covid-19 treated with hydroxychloroquine among in patients with symptomatic disease study or orchid study is being conducted by the prevention and early treatment of acute lung injury petal clinical trials network of the national heart lung. ,1
autoimmunity may be rising in the united states autoimmunity a condition in which the bodys immune system reacts with components of its own cells appears to be increasing in the united states according to scientists at the national institutes of health and their collaborators. in a study published april 8 in arthritis and rheumatology the researchers found that the prevalence of antinuclear antibodies ana the most common biomarker of autoimmunity was significantly increasing in the un. ,1
nida director outlines potential risks to people who smoke and use drugs during covid-19 pandemic the piece raises several important concerns regarding covid-19 for specific vulnerable populations. the precarious intersection of the covid-19 national health emergency and the concurrent epidemic of drug overdose deaths is outlined in the annals of internal medicine this week by dr. nora d. volkow director of the national institute on drug abuse nida part of the national institutes of health. ,1
the national library of medicine expands access to coronavirus literature through pubmed central the national library of medicine nlm part of the national institutes of health is working on multiple fronts to aid in the covid-19 response through new initiatives with the global publishing community and artificial intelligence researchers. nlm is expanding access to scientific papers on coronavirus for researchers care providers and the public and for text mining research. this work makes. ,1
covid-19 workers get training to protect their own health the national institutes of health will launch a website with important educational resources for coronavirus workers dealing with the spread of covid-19. the initiative got underway after congress passed a supplemental appropriation of 10 million on march 6 for worker based training to prevent and reduce exposure of hospital employees emergency first responders and other workers who are at risk of exposure to coronavirus through their. ,1
new coronavirus stable for hours on surfaces the virus that causes coronavirus disease 2019 covid-19 is stable for several hours to days in aerosols and on surfaces according to a new study from national institutes of health cdc ucla and princeton university scientists in the new england journal of medicine. the scientists found that severe acute respiratory syndrome coronavirus 2 sars cov-2 was detectable in aerosols for up to three hours up to four hours on copper up to 24 hours on c. ,1
a phase 1 clinical trial evaluating an investigational vaccine designed to protect against coronavirus disease 2019 covid-19 has begun at kaiser permanente washington health research institute kpwhri in seattle. the national institute of allergy and infectious diseases niaid part of the national institutes of health is funding the trial. kpwhri is part of niaids infectious diseases clinical research consortium. the open label trial will enroll 45 healthy adult volunteers ages 18 to 55 y. ,1
nih reports first known employee with covid-19 infection nih informed its staff early this morning that it has its first known case of an nih staff member who has tested positive for covid-19 the disease caused by the sars cov-2 coronavirus. nih has reported the case to state and local public health officials. while this is an unfortunate development it is not surprising and nih expects that there will be more cases of infection among nih staff. the individual works for the national institu. ,1
covid-19 a reminder of the challenge of emerging infectious diseases the emergence and rapid increase in cases of coronavirus disease 2019 covid-19 a respiratory illness caused by a novel coronavirus pose complex challenges to the global public health research and medical communities write federal scientists from nihs national institute of allergy and infectious diseases niaid and from the centers for disease control and prevention cdc. their commentary appears in the new england jou. ,1
a randomized controlled clinical trial to evaluate the safety and efficacy of the investigational antiviral remdesivir in hospitalized adults diagnosed with coronavirus disease 2019 covid-19 has begun at the university of nebraska medical center unmc in omaha. the trial regulatory sponsor is the national institute of allergy and infectious diseases niaid part of the national institutes of health. this is the first clinical trial in the united states to evaluate an experimental treatment. ,1
the experimental antiviral remdesivir successfully prevented disease in rhesus macaques infected with middle east respiratory syndrome coronavirus mers cov according to a new study from national institutes of health scientists. remdesivir prevented disease when administered before infection and improved the condition of macaques when given after the animals already were infected. the new report from nihs national institute of allergy and infectious diseases niaid appears in the proceeding. ,1
nih officials discuss novel coronavirus that recently emerged in china the new cluster of viral pneumonia cases originating in wuhan china marks the third time in 20 years that a member of the large family of coronaviruses covs has jumped from animals to humans and sparked an outbreak. in a new jama viewpoint essay anthony s. fauci m.d. director of the nihs national institute of allergy and infectious diseases niaid looks back at two earlier novel cov outbreaks that initially caused. ,1
a study in wuhan china detected genetic material of the new coronavirus in airborne suspensions or aerosols in hospitals and public spaces. the finding reinforces the importance of thorough sterilization of infection hotspots good ventilation and avoidance of crowding. a preliminary study of data from two hospitals in wuhan china suggests that tiny airborne particles may carry and spread sars cov-2. all data and statistics are based on publicly available data at the time of publication. ,1
phase 1 cell invasion and viral replication in the nose both sars cov-2 and sars cov gain entry via a receptor called ace2. more commonly known for their role in controlling blood pressure and electrolytes these receptors are also present in the lungs back of the throat gut heart muscle and kidneys. in 2004 researchers from the university medical center groningen in the netherlands reported that ace2 receptor cells were not present on the surface layer of cells in the nose and were there. ,1
a recent study suggesting that the novel coronavirus accumulates in the testes has gained significant media attention. in this article we see how experts have responded to the theory. a recent paper theorizes that sars cov-2 might accumulate in the testes. all data and statistics are based on publicly available data at the time of publication. some information may be out of date. visit our coronavirus hub and follow our live updates page for the most recent information on the covid-19 outbreak. ,1
at medical news today we have been looking at how scientific advances are providing much needed hope during the covid-19 pandemic. this special feature discusses the recent progress of vaccine clinical trials and other ways in which researchers hope to fight the new coronavirus. this special feature looks at some recent developments in the global scientific communitys fight against the coronavirus. all data and statistics are based on publicly available data at the time of publication. some in. ,1
new research suggests that loss of smell as a symptom of covid-19 may indicate a mild case of the disease. there may be an association between the loss of smell or anosmia and mild cases of covid-19. all data and statistics are based on publicly available data at the time of publication. some information may be out of date. visit our coronavirus hub and follow our live updates page for the most recent information on the covid-19 outbreak. a new study has found that loss of smell which is a re. ,1
in this special feature we look at how the pandemic and the measures taken to curb it have impacted communities all over the world. to this end we have spoken to people from many different countries and asked them about their own experiences. at the moment many countries have taken measures some of them stringent to slow down the spread of sars cov-2 the virus that causes covid-19. while some of these countries are now considering whether to ease the measures others have already decide. ,1
keep reading to learn more about why disinfection is an important safety measure. we also provide guidance on laundering clothing. stay informed with live updates on the current covid-19 outbreak and visit our coronavirus hub for more advice on prevention and treatment. although it is still unclear how long sars cov-2 can survive on clothing experts recommend caution when laundering clothes and other textiles. taking extra care is especially important for those living with someone who has a s. ,1
several research teams writing in the journal radiology suggest that blood clots play a significant role in why some people become seriously sick with covid-19. blood clots may lead to serious complications in some people with severe covid-19. all data and statistics are based on publicly available data at the time of publication. some information may be out of date. visit our coronavirus hub and follow our live updates page for the most recent information on the covid-19 outbreak. the death tol. ,1
all data and statistics are based on publicly available data at the time of publication. some information may be out of date. visit our coronavirus hub and follow our live updates page for the most recent information on the covid-19 outbreak. a new study by researchers from the massachusetts institute of technology mit and harvard university both in cambridge ma alongside colleagues from other institutions may have pinpointed the cells that sars cov-2 primarily targets in the human body. ,1
all data and statistics are based on publicly available data at the time of publication. some information may be out of date. visit our coronavirus hub and follow our live updates page for the most recent information on the covid-19 outbreak. the results of the new tests have been published as a preprint in the journal emerging infectious diseases. in the absence of a vaccine or effective antiviral drugs hand hygiene is a mainstay of efforts to prevent the spread of severe acute respiratory s. ,1
a new study in cell cultures suggests that ivermectin an existing antiparasitic drug is able to eliminate sars cov-2 within 48 hours. however whether this approach is safe and effective in human beings remains to be seen. all data and statistics are based on publicly available data at the time of publication. some information may be out of date. visit our coronavirus hub and follow our live updates page for the most recent information on the covid-19 outbreak. as the race toward an efficien. ,1
projections by specialists suggest that periodical physical distancing measures may become a necessity if the new coronavirus becomes a seasonal occurrence. sars cov-2 may become endemic and we may experience seasonal surges in infections. all data and statistics are based on publicly available data at the time of publication. some information may be out of date. visit our coronavirus hub and follow our live updates page for the most recent information on the covid-19 outbreak. a new study from. ,1
a team of scientists from china has found a new candidate drug against the novel coronavirus sars cov-2 which works by inhibiting a key part of the viruss machinery. a team of scientists has identified a compound that might help treat covid-19. all data and statistics are based on publicly available data at the time of publication. some information may be out of date. visit our coronavirus hub and follow our live updates page for the most recent information on the covid-19 outbreak. much of t. ,1
hypertension or high blood pressure is highly prevalent in the united states and beyond. as the covid-19 pandemic continues researchers are keen to understand whether hypertension or the drugs that treat it might interact with the virus. all data and statistics are based on publicly available data at the time of publication. some information may be out of date. visit our coronavirus hub and follow our live updates page for the most recent information on the covid-19 outbreak. to date the nov. ,1
all data and statistics are based on publicly available data at the time of publication. some information may be out of date. visit our coronavirus hub and follow our live updates page for the most recent information on the covid-19 outbreak. in a new study researchers from the university of michigan in ann arbor northwell health in new york city and cold spring harbor laboratory also in new york ny have made a discovery that could help advance scientists knowledge about how covid-19 pro. ,1
in this article we take a look back at some of the other pandemics that humans have endured. specifically we investigate cholera the black death and the spanish flu among others. we will note any similarities and take lessons where we can. although covid-19 is like nothing most of us have ever experienced before pandemics are nothing new. pandemics have played a role in shaping human history throughout the ages. few people reading this today will remember outbreaks on this scale but histo. ,1
the sars cov-2 virus causes covid-19. this disease primarily causes symptoms that affect the lungs and airways. the symptoms of covid-19 may resemble those of the common cold or flu. at the moment people who experience such symptoms should act as if they have covid-19. they will need to take specific steps to monitor their health and prevent spreading sars cov-2 to others. this article discusses what a person should do if they develop symptoms of covid-19. stay informed with live updates on the. ,1
one of the things we know about covid-19 so far is that people who already have certain conditions are more likely to have a severe form of the disease. new research helps to explain why and points to an impaired blood clotting system. all data and statistics are based on publicly available data at the time of publication. some information may be out of date. visit our coronavirus hub and follow our live updates page for the most recent information on the covid-19 outbreak. the conditions that. ,1
in a previous special feature we covered the role of biological sex differences in the spread of the new coronavirus. here we look at how the pandemic is affecting womens sexual and reproductive health in the united states and across the world. an obstetrician gynecologist wears protective gear as she consults with her patient at the rsia tambak hospital in jakarta indonesia on april 22 2020. image credit adek berry afp via getty images all data and statistics are based on publicly avail. ,1
this article was updated to include information about home testing kits on april 27 2020. lupus is a chronic autoimmune condition in which the immune system attacks its own tissues. people with lupus are at higher risk of infections and those with lupus who develop covid-19 may be at higher risk of developing severe symptoms. some treatments for lupus may also increase the risk of infections or severe complications from infections. prevention is one of the most important tools against covid-19. ,1
all data and statistics are based on publicly available data at the time of publication. some information may be out of date. visit our coronavirus hub and follow our live updates page for the most recent information on the covid-19 outbreak. late last month a team of researchers from the london school of hygiene tropical medicine lshtm the registered charity medical detection dogs and durham university all in the u.k. announced an intriguing new initiative. the team wants to explore. ,1
covid-19 is the illness that the new coronavirus sars cov-2 causes. the virus primarily spreads through contact with infected people or surfaces. crohns disease is an inflammatory bowel disease ibd that causes mainly digestive symptoms. the two conditions are unrelated but people with crohns disease should be aware of certain factors regarding covid-19. a persons general health may play a role in their risk for covid-19. additionally some treatment options such as immunosuppressants m. ,1
people with autoimmune disorders such as rheumatoid arthritis ra may be more likely to experience infections. therefore those with ra who develop covid-19 may be at higher risk for developing severe symptoms and additional complications. treatment options for ra may also affect the immune system increasing the risk further. however in most cases doctors do not recommend abruptly stopping any treatments for ra as this may lead to a flare. the best way to reduce the risk of developing cov. ,1
viral pneumonia is pneumonia that develops as a result of a viral infection in the lungs. the symptoms of viral pneumonia are often similar to those of bacterial pneumonia but depending on the virus responsible there may be a few additional symptoms. a wide range of viruses can cause viral pneumonia including influenza and coronaviruses such as sars cov-2 which causes covid-19. viral pneumonia is often mild but in rare cases it can be life threatening. read on to learn more about the sym. ,1
the sars cov-2 virus causes the illness covid-19 which may lead to mild to severe respiratory problems. these symptoms may mean people with chronic obstructive pulmonary disease copd have a higher risk of more severe illness from covid-19 due to their existing lung problems. in this article we look at how covid-19 may affect people with copd symptoms to look for and extra precautions people with copd can take. stay informed with live updates on the current covid-19 outbreak and visit our c. ,1
researchers have estimated that the number of children in the united states who spent time in a hospital with covid-19 is likely higher than officials had previously thought. and the projected numbers of severe cases in children may overtax the health system they warn. new research suggests that the new coronavirus has affected a higher number of children than researchers initially thought. according to a study paper newly published in the journal of public health management practice officia. ,1
in addition to rt pcr testing some experts argue that ct scans can diagnose covid-19. others disagree. medical news today spoke to two doctors who present their opposing viewpoints. are ct scans a viable diagnostic tool for covid-19. two experts tell us about the pros and cons. as the covid-19 pandemic continues to claim lives across the globe early diagnosis of people with sars cov-2 is essential. once a person has received a diagnosis limiting their physical contact with others is one way t. ,1
wild bats are generally beneficial for people living in many areas around the world. they pollinate crops control pest insects and produce guano which farmers collect from caves to use as fertilizer. many experts think that these mammals were the original hosts of several viruses that pose a significant threat to human health. these include the coronaviruses that caused the outbreak of severe acute respiratory syndrome sars in 2002 2003 middle east respiratory syndrome mers in 2012 an. ,1
i m not on the front line. rather as a physician assistant]-intensivist who never leaves the icu i m the last line of defense. i m part of a team that deals with the sickest patients in the hospital. my patients need invasive machines and potent medications to maintain proper oxygen levels in their blood to stay alive. some develop multisystem organ failure and require machines to not only take control of their breathing but also of their cardiac or kidney function. these people require th. ,1
new research suggests that air pollution may have an effect on the number of people who die from covid-19. scientists have found a link between the lethality of covid-19 and air pollution. all data and statistics are based on publicly available data at the time of publication. some information may be out of date. visit our coronavirus hub and follow our live updates page for the most recent information on the covid-19 outbreak. a team of researchers from aarhus university in denmark and the univ. ,1
the flu is contagious. people who catch the flu can transmit the virus to another person even before symptoms appear. a person can still be contagious up to 1 week after their symptoms appear. some people may continue to transmit the virus even after 7 days. keep reading to learn more about how the flu spreads and how people can limit its transmission. we also discuss treatment options and when to see a doctor. a person may transmit the flu virus through droplets when they sneeze. the flu is a. ,1
echinacea is a genus of flowering plants in the daisy family and a common ingredient in cold remedies. promoters of echinacea believe that the supplement boosts the immune system and can reduce symptoms of infections and other illnesses including the common cold. however researchers have yet to confirm that it provides these benefits. below we look at the potential uses of echinacea and what the scientific evidence has to say. the antimicrobial and antiviral properties of echinacea ma. ,1
a new study has recently revealed the extent of insomnia and associated symptoms of anxiety depression and traumatic response among medical practitioners in china during the height of the covid-19 outbreak. nurses are particularly susceptible to insomnia and anxiety during the pandemic new research shows. stay informed with live updates on the current covid-19 outbreak and visit our coronavirus hub for more advice on prevention and treatment. a new study by researchers in china has demonstrat. ,1
although sars cov-2 is a viral respiratory infection some cases of covid-19 do involve symptoms in the digestive system. this could worsen some symptoms of inflammatory bowel disease ibd. people with ibd should take steps to prevent contracting sars cov-2 which causes covid-19. they should also be aware of any treatment options that could suppress their immune system paying special attention to any complications that could arise from the disease. this article covers ibd and covid-19 includ. ,1
medical news today spoke to a registered nurse whose regular day job is looking after patients on psychiatric units. now he finds himself caring for people with covid-19 as well as patients on other wards. to mark mental health awareness month this may were bringing you research backed information to help support the mental well being of you and your loved ones during this difficult time. you can view all of our content for mental health awareness month here. joe who asked us not to include. ,1
researchers conclude that homemade masks and some medical masks can withstand simple disinfection without significantly reducing their effectiveness. new research finds that disinfecting protective masks at home is safe if done properly. all data and statistics are based on publicly available data at the time of publication. some information may be out of date. visit our coronavirus hub and follow our live updates page for the most recent information on the covid-19 outbreak. a new study has fou. ,1
even after hand washing viruses can remain on a persons skin. a recent small scale study concludes that drying the hands with paper towels removes these pathogens more efficiently than jet dryers. according to a recent study paper towels remove viruses more effectively than jet dryers. hand washing is a vital tool in the fight against covid-19. scientists have demonstrated that a good hand washing regimen can significantly slow the progress of an outbreak. however there is more than one way. ,1
when it comes to domestic violence researchers and nongovernmental organizations are urging governments to look to previous health crises for examples of what to do and avoid in their covid-19 responses. in a new bioethics report titled lessons never learned crisis and genderbased violence lead author neetu john an assistant professor of population and family health at columbia university and her co authors draw parallels between covid-19 and previous epidemics. they show that the 2014. ,1
an allergy the common cold the flu and other infections can cause a sore throat. in addition to pain there may be irritation scratchiness and swelling. identifying the cause of a sore throat is the first step toward treating it effectively. if an allergy a cold or the flu is responsible a sore throat generally responds well to home care. however issues such as mononucleosis tonsillitis and a more severe flu can cause soreness that requires professional treatment. a sore throat can be. ,1
during the covid-19 pandemic it is important to clean commonly touched surfaces regularly. throughout the day most people will likely touch a cell phone multiple times. so disinfecting a phone could help to slow or prevent the spread of infection. a phone may fall on bathroom floors come into contact with tiny droplets from sneezes and coughs and encounter every type of germ a persons hand does. but unlike the hands phones are impossible to wash with soap and water. therefore cell phones. ,1
certain exercises can help the lungs work more efficiently. this can reduce shortness of breath when a persons lung capacity is limited. the lungs allow for the exchange of oxygen and carbon dioxide which is essential for the body to function. age smoking pollution and other factors can cause the lungs to work less efficiently. certain health problems can restrict the lungs capacity such as chronic obstructive pulmonary disease copd and asthma. a person may not be able to change how muc. ,1
azithromycin is a prescription drug. its available as an intravenous iv form given by a healthcare provider the oral tablet is available as a generic drug as well as the brand name drug zithromax. generic drugs usually cost less than the brand name version. in some cases they may not be available in all strengths or forms as the brand name drug. azithromycin is used to treat infections caused by certain bacteria. the drug should not be used to treat infections caused by viruses such as. ,1
new research suggests that the loss of forest habitat increases contact between humans and nonhuman primates and therefore the transmission of diseases from animals to humans as with coronavirus disease 19 covid-19. all data and statistics are based on publicly available data at the time of publication. some information may be out of date. visit our coronavirus hub and follow our live updates page for the most recent information on the covid-19 outbreak. a new study published in the journal. ,1
under study for covid-19 hydroxychloroquine and a related drug chloroquine are currently under study as possible treatments for covid-19. this is the illness caused by the new coronavirus. these drugs have not yet been approved by the fda for this use. do not use these medications to treat covid-19 unless your doctor recommends that you do so. for current information about the covid-19 outbreak explore our live updates. and for information on how to prepare advice on prevention and treatme. ,1
there are several things a person can do that might help relieve a coughing attack. however the best way to treat a cough is to tackle the underlying cause. coughing is a symptom of many different health conditions. some of these conditions are relatively harmless while others are much more severe. this article outlines the different types of cough and lists the most common causes of acute and chronic coughs. it also provides information on how to stop a coughing attack and when to see a docto. ,1
as a company one of the biggest challenges has been adjusting to working remotely. while remote working has long been an option for the team at medical news today its now become a necessity one that many of us are still getting used to. it has been difficult to balance work and home life as there is not a clear cut line or distinction between work hours and time to relax said one editor at mnt. being unable to see my colleagues friends and family has made me feel very isolated an. ,1
when people are hostile online it is often because they have a smaller social network and therefore are not exposed to diverse points of view a new study finds. how does your social network affect how you interact online. anyone spending time on a social media platform is likely to discover how quickly a conversation can turn hostile. now a study using computer assisted content analysis has identified social network size as a key factor in the civility of discourse. the work considers onlin. ,1
headache and fever are common symptoms of a variety of medical conditions. sometimes people may experience a headache and a fever together. sometimes having a headache and a fever at the same time can be serious so people experiencing both may wish to consult a doctor for a diagnosis. some people may also have concerns about whether they have contracted sars cov-2 the virus that causes covid-19 as both of these symptoms have an association with covid-19. however several other conditions can. ,1
it is usually safe to use an albuterol sulfate inhaler beyond the expiry date listed on the device although the inhaler may not be as effective as it once was. an albuterol sulfate or salbutamol inhaler provides relief from asthma symptoms and attacks. some common brand names are proventil and ventolin. most people do not use reliever inhalers every day and they may expire long before a person thinks to check. as of april 2020 some parts of the united states have experienced shortages of. ,1
screens are everywhere in our daily lives. as adults we are constantly switching between working on a computer checking our phones watching tv in the evening sometimes even playing on a tablet at the same time. children are picking up on this behavior with screen time among children increasing. data from the centers for disease control and prevention cdc show that children aged 810 spend on average 6 hours per day in front of a screen. at ages 1114 this increases to nearly 9 hours. ,1
the novel coronavirus now known as sars cov-2 has spread from wuhan china to every continent on earth except antarctica. the world health organization who officially changed their classification of the situation from a public health emergency of international concern to a pandemic on march 11 2020. the virus has been responsible for millions of infections globally causing hundreds of thousands of deaths. the united states is the most affected country. as ever when the word pandemic. ,1
all data and statistics are based on publicly available data at the time of publication. some information may be out of date. visit our coronavirus hub and follow our live updates page for the most recent information on the covid-19 outbreak. earlier this month preliminary findings in a preprint started making headlines because they suggested that the list of possible covid-19 symptoms should include the loss of smell and taste. that study assessed symptoms in 579 people who reported having t. ,1
about a month ago medical news today started a series aiming to bring together the more encouraging research that emerges around covid-19. we continue with this special feature that focuses on an incoming vaccine and other potential treatments for this new coronavirus and the disease it causes. a new vaccine may be available as early as the fall according to some researchers. all data and statistics are based on publicly available data at the time of publication. some information may be out of. ,1
researchers have analyzed the records of 85 individuals who died with covid-19 in the early stages of the outbreak in wuhan china. the analysis revealed that the majority of those patients had a few consistent factors in common. a new study analyzing the data of 85 people who died with covid-19 found that the majority were male more than 50 years old and had underlying health conditions. all data and statistics are based on publicly available data at the time of publication. some information. ,1
while the world is firmly in the grip of the covid-19 pandemic we take a look back at sars and mers and their underlying pathogens which are also coronaviruses. three new coronaviruses have emerged since the turn of the century. all data and statistics are based on publicly available data at the time of publication. some information may be out of date. visit our coronavirus hub and follow our live updates page for the most recent information on the covid-19 outbreak. coronaviruses are a large. ,1
can our pets become infected with sars cov-2. could they transmit the virus to other animals or to their human companions. and can humans transmit it to animals. this special feature aims to answer these and more questions. can sars cov-2 affect pets and if so what can we do to ensure their well being as well as ours. we investigate. all data and statistics are based on publicly available data at the time of publication. some information may be out of date. visit our coronavirus hub and foll. ,1
"the recent coronavirus outbreak began in wuhan china in december 2019. known as sars cov-2 the virus has resulted in more than 4.4 million infections and 302,000 deaths. covid-19 has now been reported on every continent except antarctica. keep up to date with the latest research and information about covid-19 here. 05/15/2020 14:23 gmt global number of deaths from covid-19 has passed 300,000 this week the journal histopathology published the case study of a female who consumed a. ",1
this article was updated to include information about home testing kits on april 27 2020. the novel coronavirus or sars cov-2 causes a disease called covid-19. this can produce symptoms similar to those of other respiratory conditions such as allergies or the flu. this article looks at the symptoms of covid-19 and how to tell them apart from those of colds flus and allergies. it will also cover some home treatments and when to see a doctor. stay informed with live updates on the current co. ,1
the symptoms of the flu and covid-19 have some differences. people who have the flu will typically experience symptoms within 14 days. the symptoms for covid-19 can develop between 114 days. however according to 2020 research the median incubation period for covid-19 is 5.1 days. as a point of comparison the incubation period for a cold is 13 days. the symptoms of covid-19 are similar in both children and adults. however according to the centers for disease control and prevention cdc. ,1
the current outbreak of covid-19 has sparked global anxiety and concern that it might spread too far and too fast and cause dramatic harm before health officials find a way to stop it. what are the realities of the pandemic. we investigate. what are the realities of the new coronavirus outbreak. this article was updated on may 7 2020 in december last year reports started to emerge that a coronavirus that specialists had never before seen in humans had begun to spread among the population of wu. ,1
as more and more countries are on lockdown due to covid-19 and an increasing number of people are living in isolation the question on everyones mind is when will this be over. we look at what experts have to say. the covid-19 pandemic and the ensuing isolation have meant that many of us have had to make adjustments to our daily lives. all data and statistics are based on publicly available data at the time of publication. some information may be out of date. visit our coronavirus hub and f. ,1
this article was updated on may 7 2020 coronaviruses typically affect the respiratory tracts of birds and mammals including humans. doctors associate them with the common cold bronchitis pneumonia severe acute respiratory syndrome sars and coronavirus disease 2019 covid-19. these viruses can also affect the gut. coronaviruses usually cause the common cold though they can be responsible for more severe illnesses. over the past 70 years scientists have found that these viruses can infe. ,1
many health experts believe that the new strain of coronavirus likely originated in bats or pangolins. the first transmission to humans was in wuhan china. since then the virus has mostly spread through person to person contact. coronaviruses are a group of viruses that can cause disease in both animals and humans. the severe acute respiratory syndrome sars virus strain known as sars cov is an example of a coronavirus. sars spread rapidly in 20022003. the new strain of coronavirus is called. ,1
a recent review examines the relationship between coronaviruses and the cardiovascular system. although information about sars cov-2 specifically is scant the authors believe that research into other coronaviruses might provide insight. all data and statistics are based on publicly available data at the time of publication. some information may be out of date. visit our coronavirus hub and follow our live updates page for the most recent information on the covid-19 outbreak. a type of coronav. ,1
this article was updated on may 7 2020 covid-19 is a highly contagious infectious disease that the newly identified virus sars cov-2 causes. sars cov-2 belongs to the family of viruses known as coronaviruses. in the majority of people who develop it covid-19 causes a mild respiratory illness similar to influenza. in some individuals however it can lead to a severe respiratory condition that requires hospitalization. people can be without symptoms or asymptomatic despite having a sars cov-2. ,1
an experimental new study has recently tested the efficacy of favipiravir avigan for treating covid-19. the anti flu drug favipiravir avigan could combat the new coronavirus but people should interpret these results with caution. all data and statistics are based on publicly available data at the time of publication. some information may be out of date. visit our coronavirus hub and follow our live updates page for the most recent information on the covid-19 outbreak. recently there has be. ,1
this article was updated on april 6 2020 to include information about face coverings. all data and statistics are based on publicly available data at the time of publication. some information may be out of date. visit our coronavirus hub and follow our live updates page for the most recent information on the covid-19 outbreak. in this article we ask some of medical news todays experts what they want the public to know about the covid-19 pandemic. the answers are insightful and direct. what do. ,1
"coronaviruses are present in many species of animals such as camels and bats. mutations of the virus can infect humans. previous outbreaks of diseases that coronaviruses have caused in humans have been severe. they typically spread rapidly and can cause death in some people. one example is severe acute respiratory syndrome sars which caused a pandemic in 2002. there were around 8,439 cases and 812 deaths as a result of the virus. the outbreak of the disease known as covid-19 is the result. ",1
this article was updated to include information about home testing kits on april 27 2020. most tests for the new strain of coronavirus involve taking a swab sample for analysis. the virus known as severe acute respiratory syndrome coronavirus 2 sars cov-2 causes coronavirus disease 19 covid-19. developing reliable tests for the virus is essential to slow its spread. currently these tests are for people at risk of developing severe covid-19. for example healthcare professionals will li. ,1
in conversation with world health organization who expert advisor prof. david heymann medical news today heard about his past experiences with sars and mers what individuals can do to stop the spread of the new coronavirus and how long he expects the pandemic to last. who advisor prof. david heymann spoke to medical news today about the covid-19 pandemic. image credit fabrice coffrini afp via getty image all data and statistics are based on publicly available data at the time of publicat. ,1
covid-19 affects people differently in terms of infection with the virus sars cov-2 and mortality rates. in this special feature we focus on some of the sex differences that characterize this pandemic. the data that are available so far indicate that there are significant differences between how the sexes respond to the new coronavirus. all data and statistics are based on publicly available data at the time of publication. some information may be out of date. visit our coronavirus hub and fol. ,1
speaking to medical news today in part one of a two part interview prof. paul kellams message is clear. the current situation is very bad and we all have a role to play in the global effort to curb the covid-19 pandemic. prof. paul kellam is part of a team working on a vaccine against sars cov-2. all data and statistics are based on publicly available data at the time of publication. some information may be out of date. visit our coronavirus hub and follow our live updates page for the most r. ,1
this article will discuss how the new coronavirus spreads and how to lower the risk of contracting it. the new strain of coronavirus spreads through person to person contact. it is highly contagious. anyone who has it should remain home and avoid contact with people. this article was updated on march 25 2020 to include information on transmission through different bodily fluids and on april 4 2020 to include information about using face masks. stay informed with live updates on the current. ,1
in the second part of our interview with professor martin bachmann we hear how his lab is coping with working during a pandemic the concept of herd immunity and how long the pandemic may last. research into a coronavirus vaccine is ongoing. image credit jeff pachoud afp via getty images all data and statistics are based on publicly available data at the time of publication. some information may be out of date. visit our coronavirus hub and follow our live updates page for the most recent in. ,1
researchers say that sars cov-2s rapid spread is likely due to the movements of people with no or very mild symptoms namely those who are unaware that they even have the virus. that is why social distancing is such an important containment measure they explain. the cdc recommend that all people wear cloth face masks in public places where it is difficult to maintain a 6-foot distance from others. this will help slow the spread of the virus from asymptomatic people or people who do not know. ,1
the investigators now report their findings in the journal antiviral research. stay informed with live updates on the current covid-19 outbreak and visit our coronavirus hub for more advice on prevention and treatment. in their initial as well as current research the investigators were particularly interested in the function of the spike protein. this is a protein that viruses use to transfer their genetic information into cells causing infection. but in the context of the current covid-. ,1
the new study appears in the journal nature medicine and kristian andersen ph.d. an associate professor of immunology and microbiology at the scripps research institute in la jolla ca is the first and corresponding author on the paper. andersen and colleagues set out to see what they could deduce about the origin of the new coronavirus from analyzing the genomic data available. as the authors mention in their paper since the start of the covid-19 outbreak researchers have been trying to. ,1
please note that since we originally wrote this article the authors have made some corrections to their study following access to additional data. we have now amended our article to reflect those corrections. as the world races to find the best ways to cope with the new coronavirus researchers continue to contribute to our understanding of covid-19 the disease that the virus causes. the exact symptoms are a main point of interest. as with many other viral infections sars cov-2 infections. ,1
the death toll for covid-19 is on the rise and so is the total number of cases. in the context of this global pandemic feeling overwhelmed by all the negative information is a natural response. but researchers are also hard at work trying to understand treat and prevent the new coronavirus. we take a look at some of their results. emerging evidence may offer a glimmer of hope with regards to the treatment and prevention of covid-19 but we must interpret the results with caution. all data an. ,1
"sars cov-2 the virus that leads to coronavirus disease 19 covid-19 has spread rapidly from the first known cases in china in december 2019 to countries around the world. on march 10 2020 the world health organization who reported that there were 113,702 confirmed cases of covid-19 around the world plus 4,012 deaths. in response to this global health crisis researchers are working on developing a coronavirus vaccine as soon as possible. learn more about vaccine development and the possi. ",1
pneumonia is a severe lung infection. in some people it can be fatal especially among the elderly and those with respiratory disorders. covid-19 the disease the novel coronavirus causes can spread to the lungs causing pneumonia. while many people recover some develop severe pneumonia that does not respond well to treatment. in this article we look at the relationship between covid-19 and pneumonia the treatment available and precautions a person should take. stay informed with live upda. ,1
"all data and statistics are based on publicly available data at the time of publication. some information may be out of date. visit our coronavirus hub and follow our live updates page for the most recent information on the covid-19 outbreak. the new coronavirus called sars cov-2 has caused more than 168,000 infections globally leading to the health condition covid-19. in an effort to understand the nature of this highly contagious virus researchers have been drawing comparisons with the s. ",1
there are many questions about the novel coronavirus that remain unanswered such as how does the virus spread. and where did it originate. now chinese based researchers say they think the pangolin a scaly otherwise harmless mammal that eats ants may have spread the virus to humans. when coronaviruses spread to humans it is usually via contact with an animal that carries the virus. medical news today has recently published an extensive feature on the new virus explaining that so. ,1
in the face of increasingly widespread fears of a covid-19 pandemic what concrete steps can a person take right now to prevent the infection. read our practical guide based on official sources. in this special feature we explain how to maximize the chances of staying healthy during the covid-19 outbreak. all data and statistics are based on publicly available data at the time of publication. some information may be out of date. visit our coronavirus hub and follow our live updates page for the. ,1
"a recent paper looks at how long coronaviruses can survive on various types of surfaces. it finds that the virus tends to persist longer in colder more humid conditions. the authors also ask how we can destroy coronaviruses. the novel coronavirus now officially known as covid-19 has been making headlines since it first came to light late in 2019. spreading from china to 23 other countries covid-19 has now infected 45,171 people. because this version of the coronavirus is new to science r. ",1
a recent review of modeling studies and data from previous coronavirus outbreaks suggests that the educational social and economic costs of closing schools might outweigh the benefits. however hard evidence is lacking. new research questions the role of closing schools in slowing down the pandemic. all data and statistics are based on publicly available data at the time of publication. some information may be out of date. visit our coronavirus hub and follow our live updates page for the most. ,1
sars cov-2 the virus that causes the disease covid-19 is highly contagious especially through close personal contact. although anyone can get it most people who become severely ill or die from covid-19 have serious underlying illnesses. because the disease is new researchers have not performed any specific research on multiple sclerosis ms and covid-19. according to the national multiple sclerosis society there is no evidence that people with ms face a higher risk of covid-19. however p. ,1
it is hard to imagine a topic more sensitive and a situation more difficult than deciding who gets to live and die in the time of a pandemic. yet this is the reality of the covid-19 outbreak and the resource shortage it has caused. deciding who gets priority during a pandemic is a challenge that can not be overstated. all data and statistics are based on publicly available data at the time of publication. some information may be out of date. visit our coronavirus hub and follow our live updates. ,1
all data and statistics are based on publicly available data at the time of publication. some information may be out of date. visit our coronavirus hub and follow our live updates page for the most recent information on the covid-19 outbreak. critically ill patients can develop a severe inflammatory lung condition called acute respiratory distress syndrome ards which affects their ability to breathe unaided. the hallmark of ards is damage to the lining of the lungs from inflammation that al. ,1
the number of covid-19 cases around the world has just passed 1 million and it may seem as though this pandemic will never go away. it is important to remember that in their labs scientists are making quiet progress every day helping untangle the causes of this crisis and inching closer to stopping it. researchers are working at breakneck speed to come up with ways of treating and preventing covid-19. all data and statistics are based on publicly available data at the time of publication. s. ,1
all data and statistics are based on publicly available data at the time of publication. some information may be out of date. visit our coronavirus hub and follow our live updates page for the most recent information on the covid-19 outbreak. prof. akiko iwasaki an immunobiologist at yale university in new haven ct is the senior author of the paper which appears in the annual review of virology. as prof. iwasaki and the co authors note seasonal cycles are known to play a crucial role in. ,1
all data and statistics are based on publicly available data at the time of publication. some information may be out of date. visit our coronavirus hub and follow our live updates page for the most recent information on the covid-19 outbreak. in january 2020 doctors treating the first confirmed case of covid-19 in the united states identified the sars cov-2 virus not only in nasal and oral swabs but also in stool samples. this has led scientists in the u.k. and china to propose that wastewate. ,1
the covid-19 pandemic has changed the healthcare landscape for many patient populations including pregnant women. to mark mental health awareness month this may were bringing you research backed information to help support the mental well being of you and your loved ones during this difficult time. you can view all of our content for mental health awareness month here. altered hospital policies concerns about contracting the sars cov-2 virus and changes to doctors office hours have all af. ,1
stay informed with live updates on the current covid-19 outbreak and visit our coronavirus hub for more advice on prevention and treatment. in this article we take a look at the research to try to determine whether a person can get covid-19 more than once. despite the growing body of research on the novel coronavirus one question that may concern many people is whether they can get covid-19 twice. anthony fauci md the director of the national institute of allergy and infectious diseases. ,1
as the centers for disease control and prevention cdc are changing tack regarding their recommendation to the public about wearing face masks some experts explain how certain masks could help keep the coronavirus at bay. however these should be our last resort they warn. all data and statistics are based on publicly available data at the time of publication. some information may be out of date. visit our coronavirus hub and follow our live updates page for the most recent information on th. ,1
all data and statistics are based on publicly available data at the time of publication. some information may be out of date. visit our coronavirus hub and follow our live updates page for the most recent information on the covid-19 outbreak. last month the world health organization who announced the launch of a multinational trial testing the four most promising therapeutic avenues for covid-19. one of these avenues is remdesivir a drug that research scientists initially developed for th. ,1
currently there are no drugs that can prevent covid-19 and there is no vaccine. as the virus traverses the globe scientists are working at breakneck speed to identify ways to slow or stop the disease. all data and statistics are based on publicly available data at the time of publication. some information may be out of date. visit our coronavirus hub and follow our live updates page for the most recent information on the covid-19 outbreak. taking a new drug from initial trials through to th. ,1
covid-19 is a highly infectious disease caused by the sars cov-2 virus. as the disease primarily affects the respiratory system people with moderate to severe asthma who develop covid-19 may be at higher risk of developing severe symptoms. people with asthma may have concerns about how covid-19 will affect them. the best way to reduce the risk of developing severe illness from covid-19 is by controlling the condition and maintaining consistent infection prevention habits. keep reading to learn. ,1
a recent commentary penned by a group of conservation and primate experts asks the international community to take action to protect the great apes from potential sars cov-2 infection. all data and statistics are based on publicly available data at the time of publication. some information may be out of date. visit our coronavirus hub and follow our live updates page for the most recent information on the covid-19 outbreak. the covid-19 pandemic has touched almost every corner of the globe. au. ,1
pneumonia vaccines help prevent invasive pneumococcal diseases. how often a person should get the shot depends on their age and overall health. pneumonia is an infection that causes inflammation in the lungs air sacs. the inflammation can cause the sacs to fill with pus or fluid. typical symptoms include cough fever chills and difficulty breathing. there are two types of pneumonia bacterial and viral. according to the american lung association bacterial pneumonia is more common and results. ,1
medical news today spoke to new york city anesthesiologist dr. sai kit wong about his experiences as the covid-19 pandemic takes hold in the united states. please note this interview contains some content that our readers may find distressing. as the number of covid-19 cases in the u.s. continues to rise the pressure on hospitals to treat severely sick patients is growing. new york state and new york city in particular has seen a steep increase in covid-19 cases and deaths. dr. sai kit wong. ,1
regular hand washing is one of the main ways to help prevent the transmission of coronavirus. people should use plenty of soap and water to wash their hands for at least 20 seconds especially after if a person is not able to use soap and water they can use a hand sanitizer containing at least 60 alcohol. washing the hands with soap or hand sanitizer helps kill any viruses on the hands that people may have come into contact with. learn more about the proper hand washing technique in this arti. ,1
all data and statistics are based on publicly available data at the time of publication. some information may be out of date. visit our coronavirus hub and follow our live updates page for the most recent information on the covid-19 outbreak. in an effort to find more ways of slowing the covid-19 pandemic researchers and public health officials around the world have been debating whether using face masks in public might help. this is a long and fraught debate and international specialists an. ,1
dr. e. hanh le senior director of medical affairs at healthline media is no stranger to health emergencies. now she shares what motivates her to look for opportunities to volunteer during the covid-19 pandemic and describes the roadblocks that she faces. all data and statistics are based on publicly available data at the time of publication. some information may be out of date. visit our coronavirus hub and follow our live updates page for the most recent information on the covid-19 outbreak. ,1
"a new report assessing the effectiveness of chinas emergency response during the early stages of the covid-19 outbreak suggests that measures such as the travel ban may have prevented more than 700,000 cases outside wuhan. chinas response measures during the early stages of the covid-19 outbreak may have prevented hundreds of thousands of new cases. all data and statistics are based on publicly available data at the time of publication. some information may be out of date. visit our coronaviru. ",1
a new preliminary study has found correlations between blood type and the likelihood of being hospitalized with covid-19. according to the authors people with type a blood might be more at risk than those with other blood types. a new preliminary study asks whether blood type might help predict covid-19 risk. all data and statistics are based on publicly available data at the time of publication. some information may be out of date. visit our coronavirus hub and follow our live updates page f. ,1
researchers are working tirelessly towards new vaccines to stop the covid-19 pandemic. in part one of a two part interview with professor martin bachmann the expert immunologist spoke with medical news today about his vaccine what life is like in his lab at the moment and how he thinks the pandemic will unfold. prof. martin bachmann speaking at the world immune regulation meeting in davos switzerland in 2019. image credit ojoer 2019. all data and statistics are based on publicly availabl. ,1
in the second part of our interview with prof. paul kellam from imperial college london in the united kingdom he urges people to heed the advice of governments while he is busy helping the effort to develop a vaccine against the new coronavirus. there is currently a global effort to develop a vaccine against the new coronavirus. image credit jeff pachoud afp via getty images. all data and statistics are based on publicly available data at the time of publication. some information may be out o. ,1
people with medicare can get one flu shot per year free of charge. the cost does not apply to the deductible and there is no copayment or coinsurance. this means that the agency covers 100 of the cost. both medicare part b and medicare advantage plans provide the coverage. it is important to note however that medicare does not cover the cost of a flu shot from every provider. the shot must come from providers who have agreed to accept medicare approved payment. medicare pays these providers. ,1
experts draw attention to the hidden sorrows of the sars cov-2 virus on people with parkinsons disease. new research sheds light on the needs of people with parkinsons disease during the pandemic. all data and statistics are based on publicly available data at the time of publication. some information may be out of date. visit our coronavirus hub and follow our live updates page for the most recent information on the covid-19 outbreak. experts from radboud university nijmegen in the netherl. ,1
"a new study which has yet to appear in a journal estimates that people who do not yet display any symptoms transmit around 10 of infections. a new study asks how often people transmit coronavirus infections before symptoms arise. for live updates on the latest developments regarding the novel coronavirus and covid-19 click here. the coronavirus sars cov-2 has infected more than 175,000 people worldwide. because the virus is novel scientists are scrambling to understand how it behaves. th. ",1
stay informed with live updates on the current covid-19 outbreak and visit our coronavirus hub for more advice on prevention and treatment. an editorial of the journal of clinical endocrinology metabolism jcem has suggested that people who take the class of steroid hormones known as glucocorticoids may be more likely to contract covid-19 and if they do are more likely to have severe symptoms. glucocorticoids are frequently a medication doctors prescribe for chronic inflammatory diseases. ,1
the world health organization who have launched solidarity a giant trial testing the potential of therapies old and new to beat the coronavirus that is causing the current pandemic. the who have launched solidarity a trial to test the four most promising treatments for covid-19. all data and statistics are based on publicly available data at the time of publication. some information may be out of date. visit our coronavirus hub and follow our live updates page for the most recent informat. ,1
a common drug found in many hospitals may reduce the number of deaths caused by infections with the sars cov-2 virus. scientists may be able to repurpose a drug thus reducing the need for ventilators among covid-19 patients. all data and statistics are based on publicly available data at the time of publication. some information may be out of date. visit our coronavirus hub and follow our live updates page for the most recent information on the covid-19 outbreak. a team of researchers has propo. ,1
practicing proper hand hygiene and not touching the face can help limit the spread of sars cov-2. however there is a growing concern about how to disinfect other surfaces such as clothes and shoes. sars cov-2 the virus responsible for covid-19 infects people through direct and indirect contact with respiratory droplets. as a result the majority of the worlds population has adopted measures such as physical or social distancing and self isolation in order to limit the spread of covid-19. ,1
covid-19 is a highly infectious disease caused by the novel coronavirus. it spreads through close personal contact with someone who has the virus. the cdc recommend that all people wear cloth face masks in public places where it is difficult to maintain a 6-foot distance from others. this will help slow the spread of the virus from asymptomatic people or people who do not know they have contracted the virus. cloth face masks should be worn while continuing to practice physical distancing. instru. ,1
research suggests that the best strategy for minimizing the toll of the new coronavirus involves widespread and extended social distancing. new findings explain why covid-19 suppression is the only viable option for stopping the pandemic. all data and statistics are based on publicly available data at the time of publication. some information may be out of date. visit our coronavirus hub and follow our live updates page for the most recent information on the covid-19 outbreak. research from the. ,1
danser co authored the paper with dr. murray epstein from the division of nephrology and hypertension at the university of miami miller school of medicine in florida and daniel battle from the division of nephrology hypertension at the northwestern university feinberg school of medicine in chicago. stay informed with live updates on the current covid-19 outbreak and visit our coronavirus hub for more advice on prevention and treatment. a. h. jan danser from the department of internal medic. ,1
telemedicine is a way to provide remote medical care. medicare covers some telemedicine services. these are healthcare services that people can access remotely. during the coronavirus pandemic people in many parts of the united states are unable to leave their homes. many of these people may need to access essential medical care without attending a facility. medicare has expanded the coverage of telemedicine services also known as telehealth to account for this sudden change. this expansion w. ,1
this article was updated on april 3 2020 to include information about hospital restrictions regarding giving birth during the pandemic. the covid-19 outbreak is upending daily life everywhere. pregnant women and others anticipating the birth of a new baby have good reason to wonder what kind of effect the novel coronavirus will have on their health of their unborn children. the centers for disease control and protection cdc do not yet know if covid-19 affects the health of a fetus or a newbor. ,1
walking pneumonia is a nonmedical term that people use to describe cases of milder pneumonia. doctors call this atypical pneumonia. however both atypical and typical pneumonia can cause severe symptoms and require hospitalization. this article will discuss the key differences between these two types of pneumonia including causes and treatments. if a person experiences problems breathing they should always seek medical attention before their condition worsens. a person with atypical pneumonia. ,1
the el nio event coinciding with the 1878 epidemic was one of the strongest on record. according to research published in the bulletin of the american meteorological society in 1999 this provided the perfect conditions for a. aegypti to spread yellow fever. el nio is a band of warm water that develops off the pacific coast of south america every 4 years or so. the phenomenon results in high rainfall warm springs and hot summers in southern u.s. states. between 1793 and 1905 there were n. ,1
a preliminary study suggests that cats can contract the new coronavirus yet this happened in an artificial context where scientists gave the felines high doses of sars cov-2. the research did not prove convincingly that cats were able to transmit the virus further between themselves or to humans. cats may be able to contract sars cov-2 according to early reporting of a preliminary study yet the evidence is not foolproof. all data and statistics are based on publicly available data at the tim. ,1
"to date more than 340,000 people worldwide have contracted sars cov-2 which is the virus that causes covid-19. of these more than 14,000 have died and almost 100,000 have now recovered. in this short feature we provide a snapshot of the global situation with brief updates from selected countries. the u.s. has now reported 35,000 cases of covid-19 and 471 associated deaths. new york city alone accounts for around 5 of all cases globally. on saturday the u.s. government advised nearly 1. ",1
jianbo lai from the department of psychiatry at the first affiliated hospital of zhejiang university school of medicine in hangzhou china is the first author of the study which appears in the journal jama network open. lai and colleagues set out to examine the mental health outcomes of healthcare professionals who treated patients with covid-19 in china. namely they looked at healthcare professionals who worked in 34 hospitals that had fever clinics or wards for covid-19 patients. frontl. ,1
as covid-19 moves from epidemic to pandemic status we discuss what implications this may have for all of us and describe how experts have reacted. we also share some coping strategies for anxiety. the who have reclassified covid-19 as a pandemic. what happens next. all data and statistics are based on publicly available data at the time of publication. some information may be out of date. visit our coronavirus hub and follow our live updates page for the most recent information on the covid-19. ,1
a new model has predicted that demand for beds in intensive care units icus will outstrip supply in two regions of the united kingdom by around april 6 2020. hospitals in london and the midlands could run out of icu beds within weeks. all data and statistics are based on publicly available data at the time of publication. some information may be out of date. visit our coronavirus hub and follow our live updates page for the most recent information on the covid-19 outbreak. doctors and compute. ,1
the technique is called passive antibody therapy. it was used as early as the 1930s and its premise is simple. medical practitioners collect blood from a person who has recovered from an infection and process it to separate the serum the part of the blood that contains antibodies. these are molecules that learn to fight specific pathogens such as viruses once they have been confronted with them. ultimately the purpose is to inject a person with a current infection or who is more. ,1
all data and statistics are based on publicly available data at the time of publication. some information may be out of date. visit our coronavirus hub and follow our live updates page for the most recent information on the covid-19 outbreak. some recent reports have suggested that covid-19 can reoccur in people after they have recovered from the disease. however the available scientific evidence has not confirmed that there is a risk of reinfection with sars cov-2 the virus that causes covi. ,1
in the wake of the covid-19 global pandemic which started when the virus sars cov-2 jumped from animals into humans we ask an important question why are infections acquired from animals so dangerous to human health. humans may have contracted the new coronavirus from pangolins which are often trafficked illegally in china. while it is not yet clear which animals were the source of the new coronavirus was it bats. was it pangolins. was it both. scientists are sure that sars cov-2 the vi. ,1
all data and statistics are based on publicly available data at the time of publication. some information may be out of date. visit our coronavirus hub and follow our live updates page for the most recent information on the covid-19 outbreak. as the number of covid-19 cases continues to rise in the u.s. the cdc have been keeping track of which groups face the greatest risk of exposure to the virus and which are most likely to experience severe symptoms of the resulting illness. in a new offic. ,1
"in a press briefing on march 3 2020 the director general of the world health organization who dr. tedros adhanom ghebreyesus reported a 3.4 mortality rate from covid-19. but how reliable is this figure. we take a look at what british experts have to say on the matter. various experts have weighed in on the challenges of calculating an accurate mortality rate for covid-19. in the media briefing dr. ghebreyesus reported a total of 90,893 cases of covid-19 globally with 3,110 resulting in. ",1
at a time of immense stress and uncertainty the slow movement and controlled breathing of yoga can ease anxiety and help with physical tension. try these simple yoga moves begin in childs pose with the knees bent under the chest and the torso and head down. extend the legs out and push up onto the hands into downward facing dog. the hips should be in the air so that the body forms an inverted v. bring one leg forward between the hands with the foot flat on the ground the knee bent a. ,1
the cdc recommend that all people wear cloth face masks in public places where it is difficult to maintain a 6-foot distance from others. this will help slow the spread of the virus from asymptomatic people or people who do not know they have contracted the virus. cloth face masks should be worn while continuing to practice social distancing. instructions for making masks at home can be found here. note it is critical that surgical masks and n95 respirators are reserved for healthcare workers. ,1
a new paper by the chinese centers for disease control and prevention ccdc finds that the majority of coronavirus cases are mild with older adults and people who have other conditions being most at risk. wearing face masks handwashing and other protective measures may have helped the coronavirus outbreak slow suggests new research. ccdcs novel coronavirus pneumonia emergency response epidemiology team has conducted a study wherein they analyze all the confirmed coronavirus cases as of fe. ,1
"according to the latest report from the world health organization who there are currently 81,109 confirmed cases of covid-19 a condition that develops due to infection with the coronavirus sars cov-2 around the world. worldwide 2,762 people have already died as a result of the spread of the sars cov-2 virus. there is currently no cure for this infection meaning that physicians and health professionals can not do much for people who have it. although most healthy adults can rely on the. ",1
"researchers show that antibodies that can neutralize the virus that causes sars can reduce how well the new coronavirus infects cells in laboratory studies. they also use an approved drug to reduce virus entry into cells. scientists nudge closer to creating a vaccine for the new coronavirus. with global cases of covid-19 surpassing 100,000 researchers are looking for ways to prevent new viral infections. the new coronavirus called sars cov-2 has strong similarities to other viruses in the cor. ",1
as the global number of covid-19 cases continues to rise scientists are grappling with numerous questions about the novel coronavirus. many of these questions concern the ways in which the sars cov-2 virus is transmitted how does the virus spread. how long does it survive on surfaces. which disinfectants can kill the virus. since the first documented case of an asymptomatic person infecting others with sars cov-2 the medical community has been aware that people may be contagious befor. ,1
in this article we discuss the benefits and risks of flu shots. flu shots can have some mild side effects such as pain and bruising at the injection site. however getting the flu vaccine every year is the best option to prevent flu from spreading and causing severe illness. a flu shot is a vaccine for preventing influenza. influenza or the flu is a seasonal virus that affects the respiratory system. vaccination is important for people at risk of severe illness from the flu. the centers f. ,1
new research reviews the basic reproduction number r0 of the new coronavirus that is the number that indicates how transmissible a virus is and finds that it is much higher than current estimates. all data and statistics are based on publicly available data at the time of publication. some information may be out of date. visit our coronavirus hub and follow our live updates page for the most recent information on the covid-19 outbreak. since its breakout in december 2019 scientists have. ,1
pneumonia is an inflammatory disorder of the lungs due to an infection of the airways. it is a serious condition and home remedies will not treat or cure it. however certain home remedies may help ease the symptoms and enhance healing during the recovery period. pneumonia can be life threatening. medical help is essential and many people will need to spend time in the hospital. afterward it can take several weeks or months to recover. although medical treatment is essential home remedies ca. ,1
scientists from nine countries have issued a joint statement strongly condemning conspiracy theories surrounding the origin of the new coronavirus sars cov-2 and urging those who cultivate the rumors to consider the harmful consequences of misinformation. on wednesday of this week 27 public health specialists hailing from international research institutions in nine countries have issued a joint statement published in the lancet. in the statement they express increasing concern over the s. ,1
in a new commentary two doctors warn that understanding how the new coronavirus affects children is critical for accurately assessing the impact of the covid-19 global pandemic as well as for figuring out ways to treat or prevent the disease. new research stresses the importance of understanding the impact that covid-19 has on children. all data and statistics are based on publicly available data at the time of publication. some information may be out of date. visit our coronavirus hub and fol. ,1
so far reports have maintained that children appear to be less susceptible to infection with the new coronavirus sars cov-2 than adults. but some researchers now claim that this is not the case. as the new coronavirus continues to spread the public still wonders who is most at risk of infection. children are a primary concern how susceptible are they to sars cov-2 infection really. until now reports in peer reviewed journals such as this one featured in jama network last month have. ,1
all data and statistics are based on publicly available data at the time of publication. some information may be out of date. visit our coronavirus hub and follow our live updates page for the most recent information on the covid-19 outbreak. the cdc recommend that all people wear cloth face masks in public places where it is difficult to maintain a 6-foot distance from others. this will help slow the spread of the virus from asymptomatic people or people who do not know they have contracted th. ,1
all data and statistics are based on publicly available data at the time of publication. some information may be out of date. visit our coronavirus hub and follow our live updates page for the most recent information on the covid-19 outbreak. face masks need to fit snuggly to the wearers face and they must close tightly around the nose to ensure that they offer maximum protection. however in a fast paced stressful and sometimes hot environment this can lead to discomfort and skin damage. ,1
as the world faces the uncertainties that accompany a pandemic researchers urge authorities to respond to the crisis in an equitable and inclusive way that does not shut out people belonging to the most vulnerable social categories. researchers urge public health officials to ensure that those who are marginalized or in any other way vulnerable receive the support they need in this pandemic. all data and statistics are based on publicly available data at the time of publication. some informat. ,1
three physicians from johns hopkins university in baltimore md have joined efforts to write an article outlining key action points that the united states healthcare community should take in response to covid-19. researchers have determined top priorities for the u.s. government and healthcare facilities as they prepare for the spread of sars cov-2. the cdc recommend that all people wear cloth face masks in public places where it is difficult to maintain a 6-foot distance from others. this wil. ,1
early flu symptoms include a sore throat body aches and chills. symptoms in children may present differently to adults. those who get the flu are most contagious within the first 3 4 days after developing the illness. as such recognizing early flu symptoms could help stop the transmission of the virus to others. early treatment may also provide greater symptom relief. covid-19 the infection caused by sars cov-2 can produce similar symptoms to those of the flu but it is not the same. a pers. ,1
although some people who contract sars cov-2 experience serious symptoms others are able to recover after a fairly short period of time. a new study shows how the immune system of one otherwise healthy person was able to fight the virus within days. in a new study in the journal nature medicine researchers from the university of melbourne at the peter doherty institute for infection and immunity in australia have outlined how the human immune system mounts its response to the new coronavirus. ,1
influenza is a contagious respiratory disease that affects the nose throat and lungs. in some cases it can be life threatening. flu viruses are constantly changing which can make them hard to treat. medications can help relieve symptoms and some people also try alternative therapies such as essential oils. however there is no evidence to suggest that essential oils can treat or cure flu symptoms or those of other viruses including coronaviruses. they also will not prevent a virus from be. ,1
researchers have used mathematical models to assess the effectiveness of the public health measures taken to contain the covid-19 outbreak on the diamond princess cruise ship. the conclusion. more cases could have been prevented if those aboard had been allowed to disembark. on february 3 2020 10 people aboard the diamond princess cruise ship tested positive for the new coronavirus sars cov-2. each had developed the resulting illness covid-19. by february 4 the people with covid-19 had. ,1
there may be some overlap between the signs of migraine and covid-19 symptoms. in some cases a person with a sars cov-2 infection may experience headaches similar to migraine headaches. managing migraine should not interfere with other treatment or prevention measures for covid-19. although severe complications are possible with covid-19 having migraine should not increase the likelihood of complications from the infection. stay informed with live updates on the current covid-19 outbreak and v. ,1
new research has shone further light on the different rates of transmission of sars cov-2 suggesting app based contact tracing may significantly reduce the spread of the virus. an app based contact tracing system could make it easier to avoid being in contact with someone who has the sars cov-2 virus. a study appearing in the journal science suggests that a significant amount of the transmission of the sars cov-2 virus may be from people who are presymptomatic. as a consequence the authors sug. ,1
as part of the global response to the pandemic the citizens of many countries are having to stay at home. however prolonged isolation can take its toll on mental health. in this special feature mental well being advocates share their top tips on what you can do to cope with anxiety and stress while stuck at home. what can people do to look after their mental health while stuck at home. to mark mental health awareness month this may were bringing you research backed information to help suppo. ,1
social distancing measures require citizens around the globe to stay at home. in this situation how can people stay active and maintain their physical and mental well being while also protecting themselves and others by staying put. read our brief how to guide for some ideas. how can you keep physically active while being stuck at home. in this special feature we offer some helpful tips. to mark mental health awareness month this may were bringing you research backed information to help su. ,1
to prevent viral infections doctors suggest practicing good hand hygiene. in light of the recent coronavirus outbreak public health guidelines continue to emphasize this. is hand washing really that helpful in the context of an epidemic. new research suggests that it is. a new study explains why hand washing is so important when it comes to controlling a virus outbreak. all data and statistics are based on publicly available data at the time of publication. some information may be out of date. ,1
in the wake of the covid-19 pandemic stores across several countries reported toilet paper shortages. this may inconvenience many people and cause them to turn to other products. however a pandemic is not the only reason to consider toilet paper alternatives some of which may reduce waste and help the environment. it is essential to note however that most of these options are not suitable to flush. anything soft enough not to irritate skin and thick enough not to break can work as a toilet. ,1
covid-19 is a novel illness that affects a persons lungs and airways. people with bronchitis may be wondering what covid-19 means for them. bronchitis refers to inflammation of the main airways of the lungs or the bronchi. people with bronchitis may be at risk of serious illness if they develop covid-19 after exposure to sars cov-2 the new coronavirus. this is similar to what happens if they get the flu. however much remains unknown about the effects of covid-19 on those with bronchitis. thi. ,1
to stem the tide of covid-19 the advice from all major health bodies is to wash your hands properly and frequently. however regular hand washing can exacerbate skin conditions such as eczema or psoriasis. in this feature we ask the experts for advice. washing the hands regularly and thoroughly is one of the best ways to slow down the spread of sars cov-2. all data and statistics are based on publicly available data at the time of publication. some information may be out of date. visit our co. ,1
controlling a virus especially one as contagious as the novel coronavirus relies on knowing how it spreads. for example the centers for disease control and prevention cdc say that coronavirus spreads by the dispersion of infected respiratory droplets into the air when a person with covid-19 sneezes or coughs a person touching a contaminated surface such as a counter or doorknob and then touching their mouth or nose according to the cdc the disease is probably most contagious when pe. ,1
klebsiella pneumoniae is a type of bacteria that can cause a range of infections. these usually develop in hospital settings. people have k. pneumoniae in their digestive tracts. when the bacteria spread to other parts of the body they can cause a variety of infections including keep reading to learn more about the causes symptoms and treatments of k. pneumoniae infections. klebsiella pneumoniae may cause infections such as pneumonia meningitis and liver abscess. there are many types of. ,1
people with psoriasis may be wondering how covid-19 might affect them. covid-19 is a new illness resulting from infection with the novel coronavirus or sars cov-2. at present it is unclear how covid-19 may affect those with psoriasis which is an immune mediated condition. this mean the condition occurs as a result of abnormal immune system activity. scientists are also unsure about how it may impact the treatment of these individuals. some treatments for psoriasis which are immunosuppressive. ,1
according to a telebriefing that the centers for disease control and prevention cdc held earlier this week we could be looking at a pandemic in the united states. since the telebriefing in the u.s. the cdc have confirmed a possible instance of community spread of sars cov-2 which is the virus that causes covid-19. there has been a myriad of mixed messages misinformation and conspiracy theories in the press surrounding covid-19. how concerned should we be. has the scope of the virus bee. ,1
all data and statistics are based on publicly available data at the time of publication. some information may be out of date. visit our coronavirus hub and follow our live updates page for the most recent information on the covid-19 outbreak. the new article is the result of a collaboration between three experts in endocrine disorders including diabetes. it begins by stating in our professional lives we have not witnessed a healthcare crisis of this magnitude and severity. the covid-19 p. ,1
often the same illness causes a sore throat and swollen lymph glands. both can be symptoms of an infection which may be viral or bacterial. the lymph glands or lymph nodes are a part of the bodys immune system. they collect and filter fluid to remove infection from the body. lymph glands especially those in the throat may swell in response to infection or another illness. infections that cause swollen glands may also cause a sore throat among other symptoms. in this article we look at s. ,1
as international headlines surround the covid-19 pandemic those with celiac disease may have concerns about what the condition means for them and their dietary treatments. currently there is no research to indicate if those with celiac disease are at higher risk for developing covid-19 or its complications. however people in the celiac disease community should consider specific factors. read on to learn more about how covid-19 can affect people with celiac disease. stay informed with live upd. ,1
although a person with ulcerative colitis uc may not develop severe illness from covid-19 some uc medications may weaken their immune system. in this article we look at how covid-19 may affect people with uc and explain what precautions a person should take. stay informed with live updates on the current covid-19 outbreak and visit our coronavirus hub for more advice on prevention and treatment. a person should not stop taking their medication. uc can cause inflammation in the digestive tra. ,1
a recent study concludes that the four most common human coronaviruses follow distinct seasonal patterns. a new study tracks the seasonality of human coronaviruses. a recent study by the university of michigan school of public health in ann arbor tracked a group of participants over 8 years. the team looked in detail at the prevalence of the four most common human coronaviruses in the population. the research which now appears in the journal of infectious diseases shines a light on an understu. ,1
covid-19 is a new disease caused by sars cov-2. people with arthritis may have concerns about their risk of developing covid-19 due to their underlying health condition. experts do not yet understand how covid-19 may affect someone with arthritis relative to the general population. however it appears that people with inflammatory or autoimmune arthritis may be at greater risk of contracting the infection and developing more severe symptoms than others. keep reading to learn more about the pot. ,1
the human immune system is a complex defense system involving multiple organs and specialized cells and tissues. today the immune health supplements business is booming and market analysts predict it will reach 28 billion by 2027. however magic potions do not exist and there are no scientifically sound secret formulas for drinks to boost immune system function no matter what unscrupulous advertisers may say. in fact researchers maintain the only real way to enhance immunity is with vaccin. ,1
people with breast cancer may have a higher risk of developing sars cov-2 infection. there are additional risks as well. if a sars cov-2 infection causes covid-19 the symptoms of this illness may be more severe in a person with breast cancer. in addition the response to the pandemic may result in delays to cancer treatment and screening. in this article we investigate the added risks that covid-19 may pose to people with breast cancer. we also describe ways to manage these risks. stay in. ,1
no current medicine can prevent or cure covid-19 although researchers are testing and developing new therapeutic options. some available medications can help alleviate mild to moderate covid-19 symptoms however. a person who comes in contact with the novel coronavirus abbreviated to sars cov-2 may develop symptoms of the disease covid-19. symptoms of covid-19 usually appear 214 days after exposure to the virus sars cov-2. the symptoms include a cough which is usually dry the who states. ,1
may 1 2020 today in the world of coronavirus news. more than 500 transportation security administration employees have tested positive for the coronavirus according to the agencys covid-19 data page. as of thursday morning the page indicates that 505 employees have tested positive and among those 212 have recovered and five have died. in a chart tsa also lists the confirmed cases at each airport which is split between the number of tsa screening officers and non screening employees. ,1
may 1 2020 today in the world of coronavirus news. more than 80 of patients hospitalized for the coronavirus in georgia in march were african americans according to a new cdc study released wednesday. the cdc headquartered in atlanta surveyed eight hospitals across the state including seven in the metro atlanta area and one in southern georgia. among the 305 covid-19 patients 247 or 83 were black. thirty two patients were white 10 were hispanic and eight were asian or pacific i. ,1
may 1 2020 today in the world of coronavirus news. all residents in los angeles county should be able to receive a coronavirus test whether or not they are experiencing covid-19 symptoms los angeles mayor eric garcetti announced wednesday evening. testing is by appointment only at coronavirus.lacity.org/testing and are available at eight locations inside the city of los angeles according to the announcement. the website has links to schedule an appointment find a nearby testing locatio. ,1
"may 1 2020 today in the world of coronavirus news new york city will shut down subway service from 1 to 5 a.m. daily starting may 6 so trains and stations can be disinfected the metropolitan transportation authority said thursday on its website. the city is the epicenter of the coronavirus pandemic with at least 12,571 confirmed coronavirus deaths and 5,295 probable coronavirus deaths according to the city website. the mta said it has launched a free essential connector service to pro. ",1
"may 1 2020 today in the world of coronavirus news ... the federal government will increase inspections and shipments of equipment to nursing homes which have been hotbeds of coronavirus cases according to a news release on the white house website. fema will start sending supplemental shipments of personal protective equipment to all 15,400 medicaid and medicare certified nursing homes in the us the release said and the centers for medicare medicaid services will provide 81 million to. ",1
what your doctor is reading on medscape.com may 01 2020 --daniella sisniega md a neurology resident at mt. sinai medical center in new york city recently dusted off her stethoscope and headed for the frontlines of the covid-19 pandemic. she announced her intentions on twitter saying she is happy to do her part. sisniega joins other neurology attendings fellows and residents across the globe who are joining the ranks of their critical care and emergency medicine colleagues to provide t. ,1
what your doctor is reading on medscape.com may 01 2020 --news about the prevalence of cancer among patients with covid-19 and concerns related to providing cancer care during a pandemic resulted in this week 's top trending clinical topic. a meta analysis published in jco global oncology confirmed earlier reports which suggested that patients with cancer and survivors are an important at risk population for covid-19. the new findings were limited by the retrospective nature of the studies i. ,1
what your doctor is reading on medscape.com may 01 2020 -- the majority of patients who have cancer or are suspected of having cancer are not accessing healthcare services in the united kingdom or the united states because of the covid-19 pandemic the first report of its kind estimates. as a result there will be an excess of deaths among patients who have cancer and multiple comorbidities in both countries during the current coronavirus emergency the report warns. the authors calculate t. ,1
what your doctor is reading on medscape.com may 01 2020 -- as the covid-19 pandemic rages guidelines have scrambled to adapt. only a few weeks ago the centers for disease control and prevention cdc and other public health luminaries pleaded with the public not to don face masks. now many supermarkets across the nation wo n't let you enter unless your face is covered. as a staff cardiologist in a hospital in upstate new york i followed guidelines to conserve and reuse single use masks ami. ,1
what your doctor is reading on medscape.com may 01 2020 -- here 's what 's happening on social media so far this week that 's related to the coronavirus pandemic. twitter sounded the alarm on masks for very young children over the weekend. in response to an amazon ad for jonigo breathable gauze masks for children 03 years old pediatric physician assistant alyson smith tweeted hey @amazon this product could be deadly to babies and must be removed immediately. smith and other users stress. ,1
may 1 2020 -- sweden has taken a different approach to fighting covid-19 than most other countries -- and its causing a global stir. instead of tight lockdowns swedish officials have encouraged citizens to use common sense work from home if possible and not gather in crowds over 50. primary schools are open as are bars and restaurants with images showing people enjoying drinks and crowding streets. their aim officials have said is to slow the pace of the virus so as not to overwhelm. ,1
what your doctor is reading on medscape.com may 01 2020 -- while uncertainty prevails i worry that hard questions are being avoided. i will strive not to be tone deaf but in the same way we discuss prognosis with patients with cancer or heart failure we must also address difficult questions concerning the covid-19 crisis. the social distancing policies are harming peoplenot potential harms but real harms. economic harm is a euphemism because the economy is people. i have had patients s. ,1
may 1 2020 -- drugs taken by millions of americans to curb high blood pressure do not appear to increase the risk of either getting covid-19 or having a more severe infection according to the results of three large new studies. ace inhibitors including drugs like lisinopril enalapril and ramipril are the most widely used high blood pressure drugs in the u.s. whether or not to leave patients on ace inhibitors or another popular class of high blood pressure medications called arbs or angio. ,1
may 1 2020 -- a mom and dad who beat the coronavirus were finally able to meet their newborn twins 20 days after they were born. jennifer and andre laubach started to have covid-19 symptoms in mid march according to beaumont hospital in troy mi. two weeks later -- 32 weeks into her pregnancy -- jennifer unexpectedly went into labor. because andre tested positive for the virus he was nt able to be in the delivery room with her. instead four health care teams helped her deliver her two baby. ,1
friday may 1 2020 healthday news -- a 3-week old texas infant in critical condition with covid-19 was successfully treated and recovered doctors report. this is one of the first cases of its kind according to the team of doctors at the university of texas health science center at houston uthealth. they noted that the initial belief that children are n't at risk of serious illness from covid-19 has been disproved as more information is gathered on the disease caused by the new coronaviru. ,1
friday may 1 2020 healthday news -- many people who are seriously ill with covid-19 end up on ventilators to help them breathe but sometimes even ventilators are n't enough. that 's when a device called ecmo may help. ecmo can do the work of the lungs and in some cases the heart. ecmo stands for extracorporeal membrane oxygenation. it 's a machine that oxygenates blood using a complex circuit of pumps tubes filters and monitors. someone on ecmo has to be monitored by a team of experts an. ,1
friday may 1 2020 healthday news -- they 're not at school. they miss their friends. and mom and dad look worried. lockdown during the coronavirus pandemic can take a toll on everyone especially kids. most children are aware of what 's going on at some level said dr. david schonfeld director of the national center for school crisis and bereavement at children 's hospital los angeles. even toddlers pick up on their parents anxiousness and changes in the family 's schedule. to help your chi. ,1
"april 30 2020 -- most children who catch covid-19 get few if any symptoms. they seem to shrug off fevers and coughs. out of more than 1,000 reported infections in china and singapore only one -- a 13-month old -- had a severe infection and no child under 9 died. although this is obviously good news it does nt mean that children are nt playing a major role in the global pandemic. they can still catch the virus and its likely that they are contagious for some time even if they feel fine. ",1
"april 30 2020 --""it was the one thing i was hoping would n't happen and now it has. those were the words of cnn anchor chris cuomo talking on air in mid april with his brother new york gov. andrew cuomo as he was quarantined at home with covid-19 and hoping he would n't spread it to the rest of his family. but he had his wife cristina tested positive and then their son mario,14 also contracted it. the parents have been cleared and are recovered and mario is recuperating. cuomo 's fea. ",1
april 29 2020 today in the world of coronavirus news deaths from the new coronavirus will increase in the u.s. in the next few weeks according to a cdc update based on seven different models. the jump in cases and deaths will depend on contact reduction through social distancing which means that reopening states could see an increase in deaths. the models try to predict changes at the national and state levels for the next 4 weeks. the models are based on covid-19 data demographics a. ,1
thursday april 30 2020 healthday news -- stress placed on the heart by covid-19 a hesitancy by people to call 911 and even reluctance on the part of bystanders to perform cpr may be boosting rates of out of hospital cardiac arrest a new report finds. the data comes from four provinces in northern italy a region that was hit very hard and very early by the coronavirus pandemic. the researchers said that between feb. 21 and march 31 2020 there was a 58 jump in the number of cardiac ar. ,1
"thursday april 30 2020 healthday news -- the coronavirus pandemic has put a spotlight on the sacrifices of america 's health care workers yet many of them live in poverty and ca n't afford health insurance. a new study finds that more than 600,000 health care workers are poor and potentially without insurance or paid sick leave and up to 4 million have health problems that put them at risk of dying from covid-19. it 's nice that politicians want to label health care workers heroes and that. ",1
april 29 2020 today in the world of coronavirus news few of those hospitalized with the coronavirus are smokers and researchers are trying to understand why according to vice. one hypothesis is that nicotine which has anti inflammatory properties may interfere with the way that covid-19 causes an overreaction of the immune system. the hypothesis comes from konstantinos farsalinos a cardiologist in greece who focuses on tobacco use reduction. farsalinos noticed that few covid-19 patie. ,1
what your doctor is reading on medscape.com april 28 2020 -- endocrinology units turned entirely over to patients with covid-19 when the pandemic struck the french capital could start returning to routine care soon says one expert from the front line. jean franois gautier md phd is professor of medicine and head of diabetes and endocrinology at lariboisire hospital in paris france. gautier transformed his unit into an inpatient unit dedicated to patients infected with the virus when. ,1
what your doctor is reading on medscape.com april 30 2020 -- the coronavirus may have ushered in the era of social distancing but in some ways it has brought the global medical community closer together even if it 's online rather than in person. this week there is a facebook tribute to healthcare workers universal sadness over a suicide and a virtual swearing in ceremony. every thursday evening buildings all across the world glow blue in a show of support for healthcare professionals a. ,1
"what your doctor is reading on medscape.com april 30 2020 -- in the heart of california 's central valley the city of atwater is shielding itself from the coronavirus pandemic. atwater is located on state route 99 in merced county about a 2-hour drive to the bay area and the state capitol of sacramento. on march 9 even though no one in the town of 30,000 had yet been diagnosed with covid-19 mayor paul creighton declared a state of emergency. the mayor said he felt moved to act after watc. ",1
what your doctor is reading on medscape.com april 30 2020 -- a new report shows the enormous increase in online messages and virtual interactions physicians have been having with their patients out of necessity since the beginning of the covid-19 pandemic. the report from luma health a provider of online patient engagement solutions also shows how rapidly patients have adapted to virtual care delivery. the report which is based on an analysis of 5.7 million data interactions between. ,1
what your doctor is reading on medscape.com april 30 2020 -- i confess that i 've always been enamored with the concept of virtual care. while telemedicine is an older concept based on traditional care models virtual care includes remote monitoring and sophisticated analysis of patient generated health data. this newer more inclusive term offers the potential for a more modern scalable way to manage patient needs remotely including detecting exacerbations of chronic conditions before t. ,1
"what your doctor is reading on medscape.com april 30 2020 -- here are the coronavirus stories medscape 's editors around the globe think you need to know about today how many hospitalized patients with covid-19 die. a new preprint study of almost 17,000 patients with covid-19 admitted to 166 hospitals in the united kingdom between february 6 and april 18 indicates that 33 died. this rose to 53 when considering those who received mechanical ventilation. these latest figures confirm that o. ",1
what your doctor is reading on medscape.com april 30 2020 -- a just launched study of the type 2 diabetes agent dapagliflozin farxiga astrazeneca in patients with mild moderate covid-19 is raising eyebrows given that several expert groups have advised that drugs in this class the sodium glucose cotransporter 2 sglt2 inhibitors be stopped in all patients hospitalized with covid-19 due to the increased risk for diabetic ketoacidosis dka. the randomized double blind placebo contro. ,1
what your doctor is reading on medscape.com april 30 2020 -- gastroenterologists can safely return to elective procedures when adequate personal protective equipment ppe is available professional societies say. noting that some states have already lifted restrictions imposed to guard against covid-19 the american gastroenterology association aga and the digestive health physicians association dhpa on april 27 announced guidelines for resuming procedures delayed by the pandemic. gas. ,1
what your doctor is reading on medscape.com april 30 2020 -- the tragic death by suicide this week of an emergency department physician who had been caring for covid-19 patients in new york city underscores the huge psychological impact of the pandemic which will linger long after the virus is gone experts say. for frontline responders the trauma of witnessing so much illness and death will have lasting effects for many bruce schwartz md president of the american psychiatric associa. ,1
what your doctor is reading on medscape.com april 30 2020 -- out of hospital cardiac arrests increased 58 during the peak of the covid-19 outbreak in the hard hit region of lombardy italy compared with the same period last year a new analysis shows. during the first 40 days of the outbreak beginning february 21 four provinces in northern italy reported 362 cases of out of hospital cardiac arrest and 229 during the same period in 2019. the increases in these provinces varied in magnitud. ,1
this story was updated may 1 2020 with the official fda emergency use authorization for remdesivir. april 30 2020 the fda approved an emergency use authorization for the experimental antiviral drug remdesivir to treat covid-19. in a news release the fda said while there is limited information known about the safety and effectiveness of using remdesivir to treat people in the hospital with covid-19 the investigational drug was shown in a clinical trial to shorten the time to recovery in. ,1
thursday april 30 2020 healthday news -- fewer heart attack and stroke patients are seeking medical care since the coronavirus pandemic began and doctors are wondering why. it 's possible that during the pandemic patients are ignoring symptoms that would otherwise worry them doctors from cedars sinai in los angeles suggest. while investigators are trying to figure out what 's happening dr. patrick lyden a professor of neurology at cedars sinai wants people to know the signs of a stroke. ,1
thursday april 30 2020 healthday news -- hundreds of millions of americans heeded recent government advice and rushed to wear cloth face masks hoping they might prevent transmission of the new coronavirus. but there 's another option the clear plastic face shield already in use by many health care personnel. now a team of experts say face shields might replace masks as a more comfortable and more effective deterrent to covid-19. face shields which can be quickly and affordably produc. ,1
april 28 2020 -- the javits convention center in new york city will soon stop being used as a field hospital for covid-19 patients the department of defense said. the javits center is in the process of transferring patients to local hospitals with an expected completion of mission on or about may 1 the pentagon said in a statement tuesday according to cnn. the army corp of engineers converted the convention center into a field hospital for civilians at the end of march to free up beds in. ,1
wednesday april 29 2020 healthday news -- when the president of the united states offers medical advice many americans will heed the call. never mind that the recommendations may be unfounded and potentially dangerous. that 's the cautionary finding of an analysis published april 29 in jama internal medicine. researchers examined google search patterns following president donald trump 's public embrace of the malaria medications hydroxychloroquine and chloroquine as treatments for covid-19. ,1
wednesday april 29 2020 healthday news -- two new reports have produced conflicting results on the potential effectiveness of remdesivir an experimental antiviral drug considered to be one of the leading hopes in the fight against covid-19. disappointing results emerged from the first gold standard clinical trial for remdesivir which found that the drug did not help patients in china with severe covid-19. those findings were published april 29 in the lancet medical journal. on the same d. ,1
wednesday april 29 2020 healthday news -- children do n't typically fall seriously ill from the new coronavirus but doctors are raising the alarm that some kids with covid-19 infections in europe have developed kawasaki disease a condition that can trigger serious heart problems. children in the united states are n't immune to this complication experts say. dr. michael portman is director of the kawasaki disease patient program at seattle children 's hospital. he said the problem is that. ,1
april 29 2020 -- jennifer lighter md a hospital epidemiologist in new york city says within the first few days that she began treating covid-19 patients in her hospital she and other doctors quickly saw a pattern. i do nt think obese people are as prevalent in china compared to the u.s. so they did nt have much data on this says lighter who works at new york university langone health. but for us it was very obvious and noticeable even in those few first days that there were a lot. ,1
april 28 2020 -- president donald trump plans to mandate meat processing plants stay open during the coronavirus pandemic according to several news outlets. trump will use the defense production act to require the facilities to stay open as critical infrastructure according to administration officials who talked with the news outlets on the condition of anonymity. a five page executive order will outline details about keeping the processing plans open according to cnn. trump mentioned t. ,1
april 29 2020 -- although traffic has decreased across the country as people shelter in place for the coronavirus pandemic dangerous car crashes have increased as the enticing open roads allow drivers to speed according to newsy. based on car collision data the news outlet found that car crashes and injuries were down in many places. in some cities however the number of motor vehicle deaths is still the same and in some cases the number of deaths has increased. in minnesota for instan. ,1
april 28 2020 -- health professionals will visit randomly selected homes in the atlanta area in an effort to find out how many people have really been infected with covid-19. similar antibody surveys in other states showed a much higher infection rate than proven by confirmed tests meaning many more people may have had covid-19 than believed. the georgia survey of 420 households is being conducted by the cdc the georgia department of public health and the health departments in fulton and d. ,1
what your doctor is reading on medscape.com april 29 2020 -- the infectious diseases society of america idsa has formed a multidisciplinary guideline panel to provide treatment recommendations for coronavirus disease 2019 covid-19).[1 the panel 's current recommendations subject to change given the rapid evolution of the covid-19 pandemic are as follows hydroxychloroquine chloroquine in hospitalized patients with covid-19 the panel recommends hydroxychloroquine chloroquine in the c. ,1
what your doctor is reading on medscape.com april 29 2020 -- with some pivotal trials on hold the covid-19 pandemic is slowing the pace of research in alzheimer 's disease ad stroke and multiple sclerosis ms. however researchers remain determined to forge ahead with many redesigning their studies at least in part to optimize the safety of their participants and research staff. keeping people engaged while protocols are on hold expanding normal safety considerations and re enlist. ,1
what your doctor is reading on medscape.com april 29 2020 -- hospitalized patients who had advanced covid-19 with lung involvement and who received the antiviral agent remdesivir gilead sciences recovered faster than similar patients who received placebo according to a preliminary data analysis from a us led randomized controlled trial. on the basis of as yet unpublished data remdesivir will be the standard of care for patients with covid-19 said anthony fauci md director of the na. ,1
what your doctor is reading on medscape.com april 29 2020 -- here are the coronavirus stories medscape 's editors around the globe think you need to know about today the medical community learned wednesday about the results of three different trials testing gilead sciences experimental drug remdesivir as a covid-19 treatment. based on the results from one of those trials from the national institute of allergy and infectious diseases niaid anthony fauci md director of the agency called. ,1
what your doctor is reading on medscape.com april 29 2020 -- cancer type stage and recent treatment may affect outcomes of covid-19 in cancer patients according to a study of patients from china. the data showed that patients with hematologic malignancies and those with metastatic cancers had higher risks of developing severe or critical covid-19 symptoms being admitted to the icu requiring ventilation and dying. on the other hand patients with nonmetastatic cancer had outcomes compa. ,1
what your doctor is reading on medscape.com april 29 2020 -- two rare neurologic conditions in patients hospitalized with covid-19 add more evidence that unusual neurologic manifestations can arise in patients infected with the virus. both are variants of guillain barr syndrome gbs which physicians in china and italy also linked to covid-19 infection as previously reported by medscape medical news. in both cases physicians made the diagnoses based on abnormal eye examinations. the two. ,1
what your doctor is reading on medscape.com april 29 2020 -- as if the covid-19 crisis is n't terrible enough there are some attorneys who are willing to make it worse for physicians. at least one national plaintiff attorney malpractice firm has been advising the public to be on the lookout for certain types of medical negligence that could occur during this crisis and that might be grounds for making a claim alleged failures of hospitals to prepare for and respond appropriately and timel. ,1
she says she s been keeping the salon afloat by selling gift cards adding a 10 bonus for customers who bought their services before they could reopen. that s pretty much what we ve used to get by for the last month. its not something that covers all expenses she says. she says she had been thinking through how she would come back for weeks long before the governors announcement. hoang is keeping her front door locked. just two clients can be in the salon at any time. her customers --. ,1
wednesday april 29 2020 healthday news -- if you toss and turn every night because the coronavirus epidemic has left you anxious and worried one sleep expert has some advice. financial struggles loss of control or worries about loved ones can affect peoples quality and duration of nightly sleep said sleep psychologist emerson wickwire an associate professor of psychiatry and medicine at the university of maryland school of medicine. we are especially vulnerable to poor sleep during. ,1
wednesday april 29 2020 healthday news -- fear of exposure to covid-19 appears to be exacting an unexpected toll on public health childhood vaccination rates have plummeted leaving millions at risk for other life threatening illnesses. we 're seeing a general drop in pediatrician visits of 70 to 80 -- and that 's very concerning said dr. sara goza president of the american academy of pediatrics aap. she added that the pandemic has prompted many parents to skip well visits for thei. ,1
wednesday april 29 2020 healthday news -- new research adds to a growing body of evidence that suggests men are far more vulnerable to severe covid-19 than women are. although both genders fall ill in the same numbers men are 2.5 times more likely to get severe disease and die the study from china showed. the finding comes as scientists in new york and california are starting to test a novel hypothesis that sex hormones might play a part in disease severity. last week doctors on long i. ,1
tuesday april 28 2020 healthday news -- for many covid-19 patients battling for their lives in the icu a runaway immune system response -- known as a cytokine storm -- is their primary foe. doctors have few tools to help tame this hyperinflammatory condition but early research is suggesting that nanotechnology might safely deliver drugs to affected tissues quieting the storm. it 's so far only been tested in mice but researchers in brazil and france said the approach could be a new t. ,1
april 28 2020 -- one toddler in georgia is going on exciting adventures without ever leaving her driveway. abbey tucker has been sharing adorable photos of her daughter charlotte posing with elaborate chalk drawings tucker creates for her with the help of simple sidewalk chalk the 3-year old rides roller coasters zips down slides and flies over buildings while wearing a cape. tucker says she s drawn more than 40 chalk masterpieces so far -- and more are in the works. i would like to h. ,1
april 28 2020 -- scientists know that people are contagious in the early stages of infection with covid-19 but just how contagious and for how long remains unclear. although a lot of emphasis has been placed on the need to stay home if you feel sick many studies have shown that people are often contagious before they know they have been infected making the virus that causes the disease much harder to contain. in one recent study researchers from china tracked 94 covid-19 patients and foun. ,1
april 28 2020 -- a pet dog that 's part of a duke university study is believed to be the first in the united states to test positive for the new coronavirus. the dog is a pug named wilson who belongs to a family in chapel hill nc. the mother father and son in the home also tested positive for the coronavirus but another family dog and cat did n't test positive cbs news reported. the family also has a lizard which was n't tested. to our knowledge this is the first instance in which the vi. ,1
tuesday april 28 2020 healthday news -- supplies of personal protective equipment remain scarce across the united states especially the n95 respirator masks that health care workers use to protect themselves from the new coronavirus. to help extend the useful life of available equipment researchers and hospitals are turning to a long known if little used means of disinfection -- ultraviolet radiation. it 's generally well known that uv c radiation kills microbes said bob karlicek jr. ,1
what your doctor is reading on medscape.com april 28 2020 -- across the country hospitals are incorporating friday 's warning from the us food and drug administration fda about the risks of prescribing hydroxychloroquine and chloroquine for covid-19 into their treatment protocols. for some hospitals the message affirmed the cautious approach they were already taking with hydroxychloroquine. from a new york state or northwell perspective there is no major change said onisis stefas pha. ,1
what your doctor is reading on medscape.com april 28 2020 -- janelle not her real name had just wheeled a patient into the recovery room at her brooklyn new york hospital when an alarm sounded over the public address system. another patient with covid-19 was coding. the surgical resident rushed to the icu to see if she could help but all she had on was a mask the same n95 respirator she had been using for days. she needed a gown but the hospital had run out. staff had resorted to weari. ,1
what your doctor is reading on medscape.com april 28 2020 -- calendar year 2020 will be remembered for the covid-19 pandemic handwashing and social distancing. as i write this clinical trials are underway to test both therapeutics and vaccine candidates against sars cov-2. one area that has been understudied but requires a fresh look is the use of extracorporeal therapy such as plasmapheresis. plasmapheresis uses modified dialysis filters to bind key components of viral replication or the. ,1
what your doctor is reading on medscape.com april 28 2020 -- an international panel of diabetes experts has published practical recommendations for managing diabetes in patients with covid-19 both in and out of the hospital setting. the aim they say is to emphasize the multiple challenges healthcare professionals from practitioners to intensive care staff might face in the management of ... this vulnerable subgroup ... of patients with diabetes ... at risk of or with covid-19. the recomme. ,1
what your doctor is reading on medscape.com april 28 2020 -- the risk of death among kidney transplant patients infected with covid-19 is so high that at least one transplant center in new york city has stopped offering kidney transplantation until it is safer to do so. enver akalin md medical director kidney and pancreas transplant program montefiore medical center in new york city and colleagues detail the trajectory of a small group of their own covid-19-infected kidney transplant pa. ,1
what your doctor is reading on medscape.com april 28 2020 -- calls to a mental health crisis hotline in new york city have soared during the covid-19 pandemic which has closed schools and businesses put millions out of work and ushered in stay at home orders. crisis hotlines are a core part of our nation 's mental health safety net ensuring that care is available when and where needed during a crisis whether that be an individual crisis a local community crisis or a national mental he. ,1
what your doctor is reading on medscape.com april 28 2020 -- differences are emerging between chest imaging findings in adults and children with covid-19 pneumonia according to a new international consensus statement published online april 23 in radiology cardiothoracic imaging. chest imaging plays an important role in evaluation of pediatric patients with covid-19 however there is currently little information available describing imaging manifestations of pediatric covid-19 and even les. ,1
what your doctor is reading on medscape.com april 28 2020 -- over 48 hours eight patients arrived at the covid-19 unit in neustadt germany four from an overwhelmed hospital in strasbourg france and four who were transferred from other hospitals across germany. all were critically ill deeply sedated and receiving lung protective ventilation. it was clear to gerhard laier groeneveld md a pulmonologist specializing in respiratory failure that for all eight of his new patients the lon. ,1
what your doctor is reading on medscape.com april 28 2020 -- the covid-19 pandemic is posing significant challenges while also providing unique opportunities for patients with substance use disorders sud a leading expert says. nora volkow md director of the national institute on drug abuse nida said the pandemic has accelerated the use of telemedicine making it easier for patients with sud to access treatment. it has also led to the proliferation of more mental health hotlines whic. ,1
what your doctor is reading on medscape.com april 28 2020 -- here are the coronavirus stories medscape 's editors around the globe think you need to know about today across the country hospitals are incorporating friday 's warning from the us food and drug administration about the risks of prescribing hydroxychloroquine and chloroquine for covid-19 patients into their treatment protocols. for some hospitals the message affirmed the cautious approach they were already taking. michigan medic. ,1
what your doctor is reading on medscape.com april 28 2020 -- personal protective equipment ppe has been essential to protecting healthcare workers from the novel coronavirus but it presents its own set of challenges to their health notably skin damage associated with prolonged use of ppe. medscape spoke with kimberly leblanc phd rn chair of the association of nurses specialized in wound ostomy continence nswoc of canada and coauthor of best practice recommendations for preventing and. ,1
what your doctor is reading on medscape.com april 28 2020 -- ever since we set up the national board of physicians and surgeons nbpas i have been asked to start a physician union. the covid-19 pandemic amplified these requests. i have always resisted. nbpas taught me that doctors have strong opinions but rarely agree. like much of the country physicians are divided on the big issues many support medicare for all while a large group believes that medicare should be boycotted. what woul. ,1
april 28 2020 -- grief laden posts are coursing through social media following the suicide on sunday of emergency department physician lorna m. breen md who had been immersed in treating covid-19 patients at the epicenter of the disease in new york city. breen 49 was the medical director of the ed at newyork presbyterian allen hospital in manhattan. according to a new york times report her father dr philip c. breen of charlottesville virginia said his daughter did not have a history. ,1
what your doctor is reading on medscape.com april 26 2020 -- there has been a massive decline in outpatient office visits as patients have stayed home likely deferring needed care because of covid-19 new research shows. the number of visits to ambulatory practices dropped by a whopping 60 in mid march and continues to be down by at least 50 since early february according to new data compiled and analyzed by harvard university and phreesia a healthcare technology company. phreesia. ,1
april 28 2020 -- given the shortage of covid-19 testing its hard for any community to gauge how widespread the disease truly is. now researchers in places as far flung as montana paris and the netherlands are using a proxy measuring levels of the coronavirus in untreated sewage to see how much the infection is circulating among people. this is a really effective way to do surveillance says blake wiedenheft phd an associate professor of microbiology and immunology at montana state un. ,1
april 28 2020 president donald trump on monday announced a blueprint for how the federal government the states and the private sector would work together to increase coronavirus testing a key to reopening of each states economy. the plan calls for more testing at pharmacies and other businesses an expansion of labs to examine the tests an escalation in contact tracing and a rapid response when new outbreaks are discovered. we want to get our country open and testing will not be a pr. ,1
april 28 2020 the cdc has added several new symptoms to its list for the coronavirus chills muscle pain headache sore throat repeated shaking with chills and a loss of taste or smell. the six new symptoms join the existing list with fever cough and shortness of breath or difficulty breathing. the expanded list could help those who are trying to identify whether they have symptoms related to covid-19. with a limited number of test kits available those who want to take a test typically. ,1
april 28 2020 numerous hospitals in new york are testing a common heartburn medicine on covid-19 patients to see if it helps them fight the virus according to cnn. the feinstein institutes for medical research at northwell health which runs 23 hospitals around new york city started a clinical trial involving famotidine which is the active ingredient in the over the counter heartburn drug pepcid. the fda has approved the trial. the preliminary results of the trial could be released in th. ,1
tuesday april 28 2020 healthday news -- bats and coronavirus have been evolving together for millions of years researchers report. in a new study investigators compared different kinds of coronaviruses living in 36 bat species found on islands in the western indian ocean and coastal areas of the african nation of mozambique. the researchers discovered that 8 of all the bats they tested were carrying a coronavirus and that different groups of bats had their own unique strains of coronavi. ,1
monday april 27 2020 healthday news -- testing for the covid-19 coronavirus can be an unpleasant affair with a doctor or nurse shoving a cotton swab deep into your nasal cavity to get a good sample. but results that are just as accurate can be obtained from a more easily acquired saliva sample a new yale study reports. saliva samples taken from just inside the mouth were more accurate and consistent than deep nasal swabs taken from 44 patients and 98 health care workers the researchers. ,1
monday april 27 2020 healthday news -- the isolation of social distancing during the coronavirus pandemic could trigger depression british researchers say. when we are down we tend to choose to do things that cheer us up and when we are up we may take on activities that will tend to bring us down. however in our current situation with covid-19 lockdowns and social isolation our choice of activity is very limited said study co author guy goodwin a professor emeritus of psychiatry at. ,1
in los angeles some 800 county residents have visited drive thru testing sites. according to georges benjamin md executive director of the american public health association a little over 4 of adults in the county were antibody positive. at duke thomas denny is a professor of medicine and chief operating officer at the duke human vaccine institute. the test they re using is part of a research study to find out if a positive antibody test means future protection. the antibody test will h. ,1
april 27 2020 -- a musician in california found a clever way to make his loved ones smile during the coronavirus pandemic. singer songwriter tanner howe says he and his family were tired of sitting around the house with nothing to do. so he and his dad hopped in the back of a pickup truck and surprised friends family and neighbors with a series of drive by concerts -- all while maintaining a safe social distance. we initially planned on only visiting four houses my grandparents and some l. ,1
april 27 2020 calls to poison control centers have risen sharply from january to march compared to the same time period during the previous 2 years. the cdc believes the spike has happened because people are cleaning and disinfecting more during the coronavirus pandemic. the increase in calls was especially sharp during march with the largest percentage of calls concerning children under 5 according to the cdc. using information from the national poison data system npds the cdc said po. ,1
april 27 2020 social distancing guidelines will continue into the summer to protect against covid-19 a white house coronavirus task force member said on a sunday morning news show. social distancing will be with us through the summer to really ensure that we protect one another as we move through these phases deborah birx md the coronavirus response coordinator said on nbcs meet the press. birx was responding to a question about vice president mike pences comment on thursday. on. ,1
what your doctor is reading on medscape.com april 27 2020 -- the guideline on radiation therapy rt for patients with breast cancer during the covid-19 pandemic was released in april 2020 by an international group.[1 omit rt for patients age 65 years and over or younger patients with relevant co morbidities who have invasive breast cancers that are up to 30 mm with clear margins grade 1 2 estrogen receptor er positive human epidermal growth factor receptor 2 her2 negative and no. ,1
what your doctor is reading on medscape.com april 27 2020 -- welcome to cases in deprescribing. in this series i present a clinical scenario drawn from my own practice. i will share with you what i plan to do but i am more interested in crowdsourcing a response from all of you to collectively determine best practice. please answer the polling question and contribute to the comments section with your own thoughts particularly if you disagree with me. you are seeing a 53-year old woman who. ,1
what your doctor is reading on medscape.com april 27 2020 -- because of stark racial disparities in covid-19 infection and mortality the pandemic is being called a sentinel and bellwether event that should push the united states to finally come to grips with disparities in healthcare. when it comes to covid-19 the pattern is irrefutable blacks in the united states are being infected with sars cov-2 and are dying of covid-19 at higher rates than whites clyde w. yancy md northwest. ,1
what your doctor is reading on medscape.com april 27 2020 -- betsy nicoletti ms a nationally recognized coding expert will take your coding questions via email and provide guidance on how to code properly to maximize reimbursement. have a question about coding. send it here. in this column nicoletti outlines some key guidance for using telemedicine. these rules would apply during the centers for medicare medicaid services cms emergency rule expanding the use of the technology during. ,1
what your doctor is reading on medscape.com april 27 2020 -- the centers for medicare medicaid services cms will suspend its medicare advance payment program for clinicians and is re evaluating how much to pay to hospitals going forward through particular covid-19 relief initiatives. cms announced the changes on sunday. physicians and others who use the accelerated and advance medicare payments program repay these advances and they are typically given 1 year or less to repay the funding. ,1
what your doctor is reading on medscape.com april 27 2020 -- the covid-19 pandemic has elevated the electrocardiographic heart rate corrected qt interval qtc to a list celebrity status in medicine when before it barely made the b list. the widespread and off label use of certain qtc prolonging agents intended to treat or prevent covid-19 has intensified the need for 12-lead ecg monitoring of patients presenting with the infection say some experts creating safety and staffing challenges. ,1
what your doctor is reading on medscape.com april 27 2020 -- with a few notable exceptions the majority of fine needle aspiration fna biopsies of thyroid nodules should be delayed until the risk of covid-19 and the burden on resources has lessened according to expert consensus. our group recommends that fna biopsy of most asymptomatic thyroid nodules taking into account the sonographic characteristics and patients clinical picture be deferred to a later time when risk of exposur. ,1
what your doctor is reading on medscape.com april 27 2020 -- an multinational consensus statement from the fleischner society on the role of chest imaging in the management of patients with covid-19 was published in april 2020 fda).[1 imaging is advised for patients with risk factors for covid-19 progression and either positive covid-19 testing or moderate to high pre test probability in the absence of covid-19 testing. imaging is not indicated in asymptomatic patients or those with suspe. ,1
what your doctor is reading on medscape.com april 27 2020 -- here are the coronavirus stories medscape 's editors around the globe think you need to know about today a private practice obstetrician in southern california was forced to leave a laboring patient abruptly when the hospital suspended her privileges and barred her from campus she says. the physician had been trying to get the hospital to address what she believed to be inadequate policies on personal protective equipment when fe. ,1
what your doctor is reading on medscape.com april 27 2020 -- could we take a moment just to pause and honor this person in the bed. this was someone who was alive and now has passed away. they were someone who loved and was loved. they were someone 's friend and family member. in our own way and in silence let us stand and take a moment to honor both this person in the bed and all the valiant efforts that were made on their behalf. the suggested script is simple to be followed by 15 to 45 se. ,1
what your doctor is reading on medscape.com april 27 2020 --obstetrician ana sanchez md was forced to abruptly leave a laboring patient when st. joseph hospital in orange california suspended her privileges and barred her from campus. it was retribution pure and simple says sanchez a private practice physician who is pursuing legal action against the hospital. she had been trying to get the hospital to address what she believed to be inadequate policies on personal protective equipment. ,1
april 27 2020 a usda meat inspector has died after getting covid-19 a consumer protection group official told bloomberg news. the inspector was not immediately identified and the usda did nt respond to calls for comment bloomberg said. if usda had acted more quickly to ensure worker safety they could have prevented the disease from spreading across the meat industry as it has said sarah sorscher deputy director of regulatory affairs for the center for science in the public interest. ,1
"april 27 2020 though italy has been staggered by the coronavirus some new figures give hope to the beleaguered nation where more than 25,000 people have died in the pandemic. on thursday the number of new cases -- 2,646 -- fell below the number of patients recovered 3,033 for the first time since the outbreak began according to a chart on worldmeters a reference website that provides real time statistics on a variety of topics. the 3,033 recovered cases in one day is the biggest rise. ",1
april 27 2020 before fully reopening the country the united states should double testing for the coronavirus which should be possible a white house coronavirus task force member said saturday. the u.s. completes about 1.5 to 2 million tests per week and needs twice that in the upcoming weeks said anthony fauci md director of the national institute of allergy and infectious diseases. fauci spoke on a covid-19 update panel during the national academy of sciences annual meeting online. ,1
monday april 27 2020 healthday news -- you ca n't hug or shake hands these days without risking coronavirus infection but new research finds that sexual intercourse might be safe. researchers analyzed semen samples from 34 men in china an average of one month after they were diagnosed with mild to moderate cases of covid-19 the illness caused by the coronavirus. laboratory tests did not detect the coronavirus in any of the semen samples and there was no evidence of the virus in the men 's. ,1
monday april 27 2020 healthday news -- domenico piccininni is one of the hundreds of thousands of people who have had a covid-19 infection and recovered after a bit of misery but with no lasting complications. what sets him apart from many other survivors is that piccininni is trying to help people who now have more severe covid-19 infections. on thursday the atlanta area resident donated his plasma. plasma is a component of blood that contains antibodies which are made by the immune sy. ,1
what your doctor is reading on medscape.com april 26 2020 -- the european society of cardiology esc has issued guidance on the diagnosis and management of cardiovascular disease during the covid-19 pandemic. patients with cardiovascular risk factors and established cardiovascular disease represent a vulnerable population when suffering from covid-19 and patients with cardiac injury in the context of covid-19 have an increased risk of morbidity and mortality stephan windecker md phd. ,1
what your doctor is reading on medscape.com april 26 2020 -- tufts medical center in boston is partnering with medically home a boston based company to provide hospital level care at home for noncovid-19 patients who do n't require intensive care freeing up beds needed by more critically ill patients. long before the covid-19 pandemic disrupted our way of life we began researching innovative ways to provide care for the subset of patients who could receive hospital level medical service. ,1
what your doctor is reading on medscape.com april 26 2020 -- here are the coronavirus stories medscape 's editors around the globe think you need to know about today a massive decline in outpatient office visits 60 in mid march and at least 50 since early february suggests patients are deferring needed care according to data compiled by harvard university and healthcare technology company phreesia. the analysis was reported online april 23 by the commonwealth fund. new england and mi. ,1
what your doctor is reading on medscape.com april 26 2020 --certain species of anaerobic bacteria have been linked to dramatic increases in colorectal cancer crc often within a year of infection although whether or not the bacteria are causal has yet to be determined say danish researchers. we are not convinced that all the bacteria are directly involved in crc development they could just be innocent bystanders that invade the blood stream when the cancer itself has caused a breach. ,1
what your doctor is reading on medscape.com april 25 2020 -- while facebook lit a virtual candle in remembrance of physicians who have died fighting covid-19 twitter was on fire over presidential comments about injecting disinfectants as a cure. elsewhere on social media this week youtube tries to eradicate videos pushing fake facts and mdedge psychiatry held a tweet chat on the impact of coronavirus on mental health. we should not forget the physicians who have and will die trying to hel. ,1
what your doctor is reading on medscape.com april 25 2020 -- here are the coronavirus stories medscape 's editors around the globe think you need to know about today investigators from mount sinai health system in new york city report five cases of large vessel stroke over a 2-week period in covid-19 patients under age 50 years a sevenfold increase over the norm. the cases which involved only mild or no covid-19 symptoms are described in a rapid communication to be published online apri. ,1
what your doctor is reading on medscape.com april 25 2020 -- united states medical licensing examination usmle testing will resume in some centers on friday. the announcement made earlier this week caught some students unaware and sparked a flurry of questions on social media. usmle step 1 step 2 clinical knowledge ck and step 3 testing will begin this friday at certain centers. testing for step 2 clinical skills cs has been suspended until at least june 1. in response students pos. ,1
what your doctor is reading on medscape.com april 25 2020 -- mona hanna attisha md mph a pediatrician nationally recognized for her efforts in exposing the water crisis in flint michigan is recovering albeit slowly from an illness that frightens all healthcare professionals covid-19. she shared her story with us and spoke to the unique challenges that this pandemic presents to her community. this interview has been edited for clarity and length. it is a piece of rare good news to lea. ,1
friday april 24 2020 healthday news -- malaria drugs touted by president donald trump as potential game changers against covid-19 are actually too dangerous for general use the u.s. food and drug administration warned americans on friday. according to the fda studies have shown that the drugs chloroquine and hydroxychloroquine may trigger potentially fatal heart rhythm problems in covid-19 patients. the agency also said that it 's aware of a rise in outpatient prescriptions for the two. ,1
april 24 2020 -- cloth vs. paper but not that kind of cloth. its too thin. or its too thick -- you wo nt be able to breathe. make sure you cover your nose and mouth but do nt touch your mask. proper mask etiquette is a confusing part of the coronavirus epidemic but its also become more than just a suggestion. many places are requiring they be worn in public and some businesses are mandating their use as well. so know this the cdc recommends wearing some type of face covering while in p. ,1
he says this theory of infection explains some things that doctors have been trying to puzzle out. for example certain conditions like high blood pressure diabetes and heart disease stress the endothelium. its no surprise then that people who have these conditions are also the ones who get the sickest when they catch covid-19. it also helps to explain why patients have such low oxygen in their blood but their lungs may not be as stiff as they typically are in patients who have respirato. ,1
"april 24 2020 -- let the good times roll indeed. a hospital in new orleans sent one patient home with a mardi gras style parade after she successfully recovered from the coronavirus. ochsner health shared a video of the fanfare on facebook saying we are so excited to announce the discharge of our 1,500th covid-19 patient from ochsner medical center new orleans. fifty seven year old kathleen bennett spent almost 3 1/2 weeks in the hospital being treated for covid-19. at one point she w. ",1
"april 24 2020 new testing results from autopsies in california have revealed that the first coronavirus related deaths in the united states happened months earlier than previously believed. officials in santa clara county ca this week said postmortem tests show two patients there died in early- and mid february from the virus that has now killed more than 45,000 americans. it was previously believed that the feb. 29 death of a person in washington state was the first in the u.s. but the s. ",1
note this special editorial was written by michael smith md webmds chief medical director on behalf of webmds entire medical team. april 24 2020 -- the doctors at webmd feel compelled to speak directly to the suggestion that ingesting or injecting disinfectants or putting them on your skin would help in the fight against covid-19. not only is there no evidence this would help in any way its extremely dangerous and very possibly deadly. plain and simple do nt do this. we often see. ,1
"april 24 2020 another 115 people died from the coronavirus on wednesday in california making it the deadliest 24 hours in the golden state since the pandemic began. gov. gavin newsom there was also a 5.6 increase in the number of people testing positive. the new numbers bring the total confirmed cases in the state to more than 37,000 while the death toll in the state nears 1,500. newsom also announced that a shipment of 90,000 coronavirus testing swabs were arriving thursday from the fe. ",1
april 24 2020 a homeland security official said research indicates sunlight and increased temperatures and humidity could help kill the coronavirus. our most striking observation to date is the powerful affect that solar light appears to have on killing the virus both surfaces and in the air william bryan homeland security undersecretary for science and technology said thursday at the daily white house news briefing on coronavirus. we ve seen a similar effect with both temperature an. ,1
what your doctor is reading on medscape.com april 24 2020 -- as the covid-19 pandemic continues efforts to identify a safe and effective therapy have intensified leading to this week 's top trending clinical topic. new data on the investigational antiviral drug remdesivir were published april 10 in the new england journal of medicine. more than two thirds of severely ill patients with covid-19 who were given remdesivir for compassionate use improved after receiving the medication. of the. ,1
what your doctor is reading on medscape.com april 24 2020 -- here are the coronavirus stories medscape 's editors around the globe think you need to know about today in late march a philadelphia area psychiatrist launched the physician support line a free mental health hotline exclusively for doctors. her goal to create a resource through which psychiatrists would be available to provide frontline physicians with some emotional personal protective equipment. doctors often feel they ca n't. ,1
what your doctor is reading on medscape.com april 24 2020 -- at uw medicine in seattle the center has a dofficer who watches healthcare workers go into and come out of rooms where covid-19 patients are being cared for to help clinicians with safe donning and doffing of protective equipment. we have empowered that person to speak up and say stop if clinicians are n't doing it right patricia kritek md an icu physician and associate dean for faculty affairs at uw medicine told medscape m. ,1
what your doctor is reading on medscape.com april 24 2020 --in april 2020 the american academy of pediatrics aap released initial clinical practice guidelines on the management of infants born to mothers with confirmed or suspected coronavirus disease 2019 covid-19. key points are listed below.[1 owing to the increased likelihood of maternal virus aerosols and the potential need to administer newborn resuscitation to infants with covid-19 infection use airborne droplet and contact p. ,1
what your doctor is reading on medscape.com april 24 2020 -- news this week that broadway star nick cordera had one of his legs amputated due to thrombotic complications of covid-19 brought to center stage what many physicians have been wrestling with for months. initial reports from china suggested hemostatic derangements such as elevated d dimer and prothrombin time in patients with covid-19. the second wave in italy germany and spain brought reports of alarmingly high rates of venous. ,1
april 22 2020 the government must continue informing the public about racial and ethnic data on covid-19 cases and come up with plans to address the diseases disproportionate impact on african americans. we deem it critical that the department of health and human services develop a concrete action plan to address the clear racial disparities faced by black communities and other communities of color said kristen clarke president and executive director of the lawyers committee for civil. ,1
wednesday april 22 2020 healthday news -- the coronavirus pandemic has supercharged the financial stress that already plagues many americans an expert says. about half of americans lived paycheck to paycheck before the pandemic according to a recent survey from first national bank of omaha and now many have lost their jobs. the pervasive financial stress the majority of americans feel is now on steroids as most americans did not have savings before this crisis hit said julie kalkows. ,1
"wednesday april 22 2020 healthday news -- while children seem to have been largely spared from the worst of the coronavirus pandemic a new study suggests it 's possible that up to 50,000 u.s. children might end up hospitalized with covid-19 by the end of 2020. and if around 25 of the u.s. population has been infected with covid-19 by the end of this year it 's likely that more than 5,000 children and teens would be critically ill and require mechanical ventilation the researchers estimat. ",1
wednesday april 22 2020 healthday news -- a college town in oregon is embarking on a groundbreaking effort to measure the hidden spread of covid-19 within the community thanks to the local university. oregon state university osu researchers will fan out across corvallis during the next four weekends going to randomly selected houses and asking folks inside to provide nasal samples for testing. the trace covid-19 project is one of the first efforts in the nation to attempt to assess an. ,1
"april 21 2020 older adults are being recruited for clinical trials of a coronavirus vaccine in seattle atlanta and bethesda md. there is no vaccine on the market now for the coronavirus which has killed more than 40,000 americans as of monday according to johns hopkins university. the virus is thought to be especially dangerous for older people because of their weakened immune systems and underlying medical conditions. experts do nt expect a vaccine to be available to the public until ne. ",1
april 21 2020 the u.s. has the testing capacity to move into the first phase of rolling back stay at home orders for covid-19 the white house coronavirus task force said monday reemphasizing the same announcement made friday. by our best efforts we have the testing capacity today to go to phase 1 vice president mike pence said during the daily press briefing. to use the full capacity however state and local governments must tap into the facilities near them. earlier in the day. ,1
tuesday april 21 2020 healthday news -- preliminary data from two clinical trials using the antiviral drug remdesivir to treat covid-19 patients is encouraging researchers report. one trial is providing the drug to patients with moderate illness and the other focuses on patients with severe illness. a number of the patients are now recovering and have been released from the hospital. while it 's too early to tell the researchers said there are also indications that remdesivir can possibly. ,1
tuesday april 21 2020 healthday news -- a woman overcome by toxic fumes from her kitchen sink is rushed to the hospital a toddler is treated in the er after swallowing hand sanitizer. as americans obsession with disinfecting their homes against coronavirus rises so are the number of poisoning emergencies like these a new government report finds. exposures to cleaners and disinfectants reported to npds the national poison data system increased substantially in early march 2020 note. ,1
tuesday april 21 2020 healthday news -- studies are beginning to show that in rare cases people with severe covid-19 may develop the serious nervous system disorder known as guillain barre syndrome. guillain barre syndrome is a well known condition in which one 's immune system targets peripheral nerves as foreign and attacks them resulting in the cardinal features of the disease explained dr. anthony geraci who directs neuromuscular medicine at northwell health in great neck n.y. t. ,1
april 21 2020 the fda approved a new clinical trial to test hydroxychloroquine an anti malaria drug on hospitalized patients with covid-19. the phase iii clinical trial will include 440 patients according to an announcement on monday by swiss pharmaceutical company novartis. phase iii trials test a new drug already proven effective in earlier trials on a large group patients who have the condition that the medication is meant to treat. the results will be compared to earlier results and c. ,1
april 21 2020 -- the cast of sesame street is teaching kids how to practice mindfulness and meditation to help them manage stress and anxiety during the coronavirus pandemic. sesame workshop says its teaming up with the meditation app headspace to roll out monster meditations -- a limited series of six short videos -- to help children learn new ways to manage their emotions. the animated clips will show different muppets experiencing a wide range of feelings including frustration disappo. ,1
what your doctor is reading on medscape.com april 21 2020 -- the signature electrocardiographic sign indicating st segment elevation myocardial infarction stemi may be a less consistent indicator of actual stemi at a time when patients with covid-19 have come to overwhelm many hospital intensive care units. many of the 18 such patients identified at six new york city hospitals who showed st segment elevation ste on their 12-lead electrocardiogram in the city 's first month of fighting the. ,1
what your doctor is reading on medscape.com april 21 2020 -- as evidence piles up documenting a sudden loss of smell and/or taste as a presenting symptom of covid-19 the call to screen for these phenomena is growing. a number of new publications show a high proportion of people infected with covid-19 report loss of smell and/or taste with their authors adding to the clamor to recognize these symptoms as potentially indicative of the infection. in particular there is a belief that these s. ,1
he says office shutdowns are particularly common for specialists because hospitals have been stopping elective procedures during the pandemic but they can also happen in primary care which has seen steep declines in patient volume too. having doctors on pure production means that employers can keep doctors hired without having to pay them claussen says. he has seen some employers try to shift more doctors into pure production through the amended contracts. but adler says having doctors on. ,1
what your doctor is reading on medscape.com april 21 2020 -- here are the coronavirus stories medscape 's editors around the globe think you need to know about today some physicians treating covid-19 patients have questioned the standard use of ventilators particularly in patients whose disease they say looks more like high altitude pulmonary edema hape while others with a presentation more like acute respiratory distress syndrome may be well served by standard treatment. but in a new c. ,1
what your doctor is reading on medscape.com april 21 2020 -- delivering cancer care during the covid-19 pandemic has proven particularly challenging as minimizing the risk of infection must be balanced with maintaining optimal outcomes. healthcare systems and oncologists have had to reorganize standard oncologic care in order to protect vulnerable patients from exposure to covid-19 as well as deal with pandemic related issues of equipment and staffing shortages. a new article now describes. ,1
webmd does not provide medical advice diagnosis or treatment .. ,1
what your doctor is reading on medscape.com april 21 2020 -- longtime mohs surgeon marta van beek md has spent much of her career perfecting the precise layer by layer stripping technique central to her dermatology practice. it 's a method that shares much in common with the covid-19 duties she performs in her current role as a key administrator at university of iowa hospitals and clinics in iowa city. van beek who somewhat reluctantly became chief of staff in 2016 now finds herself int. ,1
"what your doctor is reading on medscape.com april 21 2020 -- for luanne freer md an expert in high altitude pulmonary edema hape and founder and director of everest er a nonprofit seasonal clinic at the mt. everest base camp in nepal elevation 17,600 ft a sudden flurry of messages and questions she received about a possible covid-19 hape link was startling. that 's why it kind of poked me in the eye she said referencing her extensive experience treating hape which she described. ",1
april 21 2020 -- are we there yet. as americans have spent weeks at home growing shaggy -- and glassy eyed staring at screens -- no question is more pressing to our health and economic well being can we come out now. within the next few weeks many cities and states will deem it safe enough to lift stay at home orders. people will once again be able to return to some normal activities. but for the next few years life will not look the way we remember. well talk to each other behind sheet. ,1
tuesday april 21 2020 healthday news -- doctors are increasingly worried that people are mistaking stay at home orders to mean they should avoid emergency medical care -- including for serious lung diseases. people with chronic lung conditions such as emphysema and moderate to severe asthma are among those at higher risk of becoming seriously ill with covid-19. and medical experts have been urging them to be vigilant about protecting themselves. but now a new concern is surfacing are pe. ,1
tuesday april 21 2020 healthday news -- with widespread testing still not a reality a new phone app aims to help epidemiologists track covid-19 symptoms across the united states in real time. called the covid symptom tracker the nonprofit app has a number of objectives. one is to quickly identify hotspots that could benefit from a rapid deployment of medical supplies or lockdowns. and by distinguishing hard hit localities from those that are relatively in the clear the app also seeks. ,1
tuesday april 21 2020 healthday news -- there 's a lot of confusion about medications and covid-19 so experts offer some answers. there are no proven drug treatments for the illness caused by the new coronavirus so doctors sometimes use drugs approved for other conditions to treat seriously ill covid-19 patients. this is called off label use. one drug being investigated as a possible covid-19 treatment is hydroxychloroquine which is approved by the u.s. food and drug administration to tr. ,1
april 20 2020 -- odds are you have a lot more free time if you re self isolating. so why not make the most of it and learn a new hobby. these companies and organizations are offering free services during the coronavirus pandemic keep your brain sharp by taking a course from harvard princeton yale or other universities -- no acceptance letter required. all eight ivy league schools are offering free online classes in a wide variety of subjects according to class central. browse the course l. ,1
"michigan has the fourth highest number of cases in the nation behind new york new jersey and massachusetts with the state 's total deaths reaching 2,093 and total cases reaching 29,263 on april 16. the hardest hit areas -- detroit and surrounding wayne macomb and oakland counties -- have disrupted cremations. the crematory that we use in livonia which normally picks up remains daily has told us they ca nt take more remains and to try them in the next day or two. we know cremation worker. ",1
friday april 17 2020 healthday news -- frequent hand washing with soap and water is key to preventing the spread of coronavirus but what 's the best way to dry your hands afterward. in a new small study british researchers found paper towels were better than the air dryers often found in public restrooms at getting rid of germs that are still on your hands after you wash them. good hand washing practice should be followed by proper hand drying. paper towels can help reduce the spread of. ,1
friday april 17 2020 healthday news -- as u.s. hospitals deal with a continuing influx of covid-19 patients cardiologists are sounding an alarm people may be ignoring heart attack symptoms in fear of going to the er. since the coronavirus first hit the united states doctors at a number of hospitals have noticed a pattern. fewer patients are being treated for heart attacks at a time when -- if anything -- an increase would be expected. it started out anecdotally with doctors talking ab. ,1
what your doctor is reading on medscape.com april 17 2020 -- you may have recently seen news of the effect of an open window on the coronavirus antibody testing among certain select groups and various conspiracy theories about the virus. here 's why you did n't see them on medscape medical news. opening a window could work against the spread of sars cov-2 according to a new review examining how the virus might spread through the human built environment including homes buildings roads ca. ,1
what your doctor is reading on medscape.com april 17 2020 -- the psychological physical and financial aspects of the ongoing covid-19 pandemic are having a significant negative impact on americans mental health new research shows. an analysis from pharmacy benefit manager express scripts shows that the number of weekly prescriptions for antidepressant antianxiety and anti insomnia medications jumped 21 between february 15 and march 15 peaking during the week ending march 15 when the. ,1
what your doctor is reading on medscape.com april 17 2020 -- there was no hand sanitizer on the hospital 's psychiatric ward for fear patients would drink it they slept together on futons in communal rooms and the windows were sealed shut to prevent suicide attempts all conditions that created the perfect environment for the rapid spread of a potentially deadly virus. this scenario may sound like a something out of a horror film but as reported last month by the uk newspaper the independe. ,1
what your doctor is reading on medscape.com april 17 2020 -- i am sitting in manhattan in the middle of a nightmare. we are at the epicenter of the covid-19 outbreak in the united states. the hospitals where i practiceweill cornell medical and newyork presbyterianhave become frontline outposts more or less solely devoted to treating this devastating virus. knowing that i have had an up close look at this pandemic 's impact many of my colleagues have asked me if i had any guidelines for ho. ,1
what your doctor is reading on medscape.com april 17 2020 -- the american society of echocardiography ase has issued a statement on protecting patients and echocardiography service providers during the covid-19 pandemic. given the risk for cardiovascular complications associated with covid-19 echocardiographic services will likely be needed for patients with suspected or confirmed covid-19 meaning echo providers will be exposed to sars cov-2 write the statement authors led by james n.. ,1
what your doctor is reading on medscape.com april 17 2020 -- today i made my way through our empty clinic and into the back where i sat with my team. scanning my schedule i saw two 1-hour visits people with a new cancer diagnosis. cancer never got the covid-19 memo. it was n't following any stay at home orders it was still disrupting people 's lives as ever and my role in helping them make sense of this life changing diagnosis was n't stopping either. since coming to lifespan cancer i. ,1
what your doctor is reading on medscape.com april 18 2020 -- during my third year of residency a peer whispered to me that something strange was happening in the icu a patient was in isolation with only staff allowed in. that patient had had contact with one of the index cases of severe acute respiratory syndrome sars in canada. a few days later our lives changed. rotations were altered. my friends and i were often stuck in intermittent self isolations checking our temperatures every. ,1
what your doctor is reading on medscape.com april 18 2020 -- patients presenting at urgent care centers with symptoms that warrant suspicion of covid-19 may have normal chest x rays yet still be infected with sars cov-2 according to findings of a study published online april 13 in the journal of urgent care medicine jucm. providers ordering a chest x ray in the outpatient setting should be aware that a patient with symptoms of covid-19 may have a negative chest x ray and should manage th. ,1
what your doctor is reading on medscape.com april 17 2020 -- here are the coronavirus stories medscape 's editors around the globe think you need to know about today researchers from the national institute of allergy and infectious diseases in hamilton montana tested four methods of decontaminating n95 respirators for reuse and found that vaporized hydrogen peroxide and ultraviolet light appeared to eliminate the sars cov-2 virus from the material and preserve the integrity of the masks f. ,1
"what your doctor is reading on medscape.com april 17 2020 -- as of april 9 2020 severe acute respiratory syndrome coronavirus 2 sars cov-2 had infected 1,436,198 people and caused 85,522 deaths. by the time you read this those numbers will have increased. as the numbers grow more and more neurologic symptoms are being reported in covid-19 patients. neurologists in turn may increasingly find themselves involved in caring for patients with the novel virus. covid-19 may affect the nervo. ",1
april 17 2020 -- one of the great mysteries of the new coronavirus is why it causes only mild disease in most people but turns fatal for others. in many cases it seems the worst damage may be driven by a deranged immune response to the infection rather than the virus itself. in many of the sickest patients with covid-19 their blood is teeming with high levels of immune system proteins called cytokines. scientists believe these cytokines are evidence of an immune response called a cytokine. ,1
friday april 17 2020 healthday news -- guidelines for the prioritization and treatment of breast cancer patients during the coronavirus pandemic have been released by a group of u.s. medical organizations. as hospital resources and staff become limited it is vital to define which breast cancer patients require urgent care and which can have delayed or alternative treatment without changing survival or risking exposure to the virus dr. jill dietz president of the american society of bre. ,1
friday april 17 2020 healthday news -- with allergy season and the coronavirus pandemic overlapping this spring one allergist offers some advice on how to tell which one may be making you miserable. this spring allergy season has been especially challenging because of the pandemic of covid-19 and a lot of my patients and a lot of allergy sufferers can have a hard time distinguishing between what is an allergy and what are symptoms of covid-19 said dr. rachna shah an allergist at loy. ,1
april 16 2020 -- critics are denouncing u.s. president donald trump 's announcement that he 's halting u.s. funding for the world health organization while a review is conducted into the organization 's early response to the coronavirus pandemic. on tuesday trump accused the who of severely mismanaging and covering up the initial outbreak in wuhan china and he made special mention of the who 's criticism of his jan. 31 order to temporarily deny entry to the u.s. by most foreign nationals who. ,1
april 16 2020 more than two dozen employees for the federal emergency management agency have tested positive for coronavirus according to nbc news. sources told the network tuesday that employees were dropping like flies and unable to work. at least one of the 25 workers was in the agencys main response center for the covid-19 outbreak nbc said and several workers were placed into quarantine. fema is the lead agency coordinating the coronavirus response and the national response coord. ,1
april 16 2020 -- one devoted husband took his love to new heights after his wifes nursing home went on lockdown due to the coronavirus. nick avtges 88 used a bucket truck to go 30 feet off the ground so he could visit his wife through her window. avtges son who shared a video of the sweet reunion on facebook says it was the first time in weeks the couple had seen each other face to face. the avtges family says that nick typically visits his wife marion on a daily basis and that not b. ,1
what your doctor is reading on medscape.com april 16 2020 -- covid-19 is strongly associated with neurologic manifestations including acute cerebrovascular diseases impaired consciousness and skeletal muscle injury new research shows. as previously reported by medscape medical news small case and anecdotal reports suggest possible neurologic symptoms of covid-19 but this is the first study to back these observations with scientific evidence. investigators based in wuhan china analyz. ,1
what your doctor is reading on medscape.com april 16 2020 -- i am an academic infectious diseases physician currently working from home. i will be called for my assigned clinical duty on the i d service at our publicly funded county hospital at the end of april. until then i sit on the bench on the sidelines. i check twitter regularly to read what my colleagues in healthcare are posting. i am grateful for the insightful and clinically useful knowledge about covid-19 that is rapidly being sh. ,1
what your doctor is reading on medscape.com april 16 2020 -- controversy has emerged regarding the treatment of certain patients with severe covid-19. concerns about proper protocols and the rationing of care resulted in ventilators becoming the top trending clinical topic this week. some physicians caring for patients with covid-19 pneumonia are questioning whether standard respiratory therapy protocols for acute respiratory distress syndrome ards are the best approach given that the dise. ,1
what your doctor is reading on medscape.com april 16 2020 -- here are the coronavirus stories medscape 's editors around the globe think you need to know about today hydroxychloroquine does not help clear the sars cov-2 virus or relieve symptoms for covid-19 patients more than standard care alone and has more side effects according to the results of a randomized controlled trial of 150 hospitalized adults in china posted to a preprint server. but the trial results do n't definitively answer. ,1
what your doctor is reading on medscape.com april 16 2020 -- as the covid-19 pandemic continues many cancer patients are finding it increasingly difficult to receive the care they need and are facing financial challenges. half of the cancer patients and survivors who responded to a recent survey reported changes delays or disruptions to the care they were receiving. the survey with 1219 respondents was conducted by the american cancer society cancer action network acs can. the circu. ,1
what your doctor is reading on medscape.com april 16 2020 -- more details on the remarkable combination of distinctive features seen in patients with covid-19 pneumonia are outlined by the italian clinicians who warned that protocol driven ventilator use could be doing more harm than good in some patients. luciano gattinoni md from medical university of gttingen germany and colleagues first raised these concerns in a letter to the american journal of respiratory and critical care medi. ,1
what your doctor is reading on medscape.com april 16 2020 -- exposing contaminated n95 respirators to vaporized hydrogen peroxide vhp or ultraviolet uv light appears to eliminate the sars cov-2 virus from the material and preserve the integrity of the masks fit for up to three uses a national institutes of health nih study shows. dry heat 70 c was also found to eliminate the virus on masks but was effective for two uses instead of three. robert fischer phd with the national ins. ,1
friday april 10 2020 healthday news -- people sheltering in place to avoid the threat of covid-19 are finding themselves trapped with a more familiar source of danger -- their own spouse or parent. domestic violence reports have skyrocketed around the globe as coronavirus lockdowns force victims into weeks long close contact with their abusers experts say. it 's grown so dire that npr reported that united nations secretary general antonio guterres issued a call earlier this week for govern. ,1
april 9 2020 -- hospitals around the world are giving sweet sendoffs to people who beat covid-19. one woman in new york was moved to tears as health care workers wished her well on her way out the door. after a 15-day battle in the hospital and receiving critical care for covid-19 christina paz the 47-year old mother of five was discharged from staten island university hospital south and reunited with her husband the hospital said. christina thank you for letting us share this wonder. ,1
thursday april 9 2020 healthday news -- doctors at the university of alabama at birmingham uab are enrolling patients in an international clinical trial to find out if inhaled nitric oxide benefits those with covid-19 who have severely damaged lungs. right now there are no approved treatments for the illness caused by the new coronavirus. a severe form of lung failure called acute respiratory distress syndrome is the leading cause of death in covid-19. when lungs are failing air is rec. ,1
thursday april 9 2020 healthday news -- a warning letter has been sent to a company marketing bogus and dangerous chlorine dioxide products for the prevention and treatment of covid-19 the u.s. food and drug administration says. the fraudulent claims by the genesis ii church of health and healing about its miracle mineral solution products are especially concerning in relation to children who are at increased risk for harm from consuming chlorine dioxide according to the fda. the join. ,1
thursday april 9 2020 healthday news -- in the best of times it can be hard to get mental health treatment. but these definitely are n't the best of times and even for people who have established relationships with mental health professionals the coronavirus pandemic is making it harder to find the right care. the good news is that insurance companies are often reimbursing for telehealth behavioral health services now even if they were n't before and regulations on how mental health pro. ,1
april 9 2020 -- in the united states and europe a handful of clinical trials have begun to test ways to keep health care workers and other vulnerable people safe from covid-19. most are testing drugs called chloroquine or hydroxychloroquine that have long been used to prevent and treat malaria and also as a therapy against rheumatoid arthritis and lupus. the hope is that given before infection or early in the course of the disease the drugs will protect someone against infection and illnes. ,1
what your doctor is reading on medscape.com april 09 2020 --here are the coronavirus stories medscape 's editors around the globe think you need to know about today the us centers for disease control and prevention has released new interim guidance on return to work rules for critical infrastructure workers such as healthcare workers and first responders who have been potentially exposed to covid-19 but are asymptomatic. the guidelines recommend that employers measure employees temperatu. ,1
what your doctor is reading on medscape.com april 09 2020 -- the covid-19 pandemic represents a looming crisis for patients with severe mental illness smi and the healthcare systems that serve them one expert warns. however benjamin druss md mph from emory university 's rollins school of public health in atlanta georgia says there are strategies that can help minimize the risk of exposure and transmission of the virus in smi patients.in a viewpoint published online april 3 in jama ps. ,1
what your doctor is reading on medscape.com april 09 2020 -- as the covid-19 pandemic continues minimizing risks of infection to patients with cancer while maintaining good outcomes remains a priority. an international panel of experts has now issued recommendations for treating patients with rectal cancer which includes using a short pre operative course of radiotherapy scrt and then delaying surgery. using scrt translates to fewer hospital appointments which will keep patients safer a. ,1
what your doctor is reading on medscape.com april 09 2020 -- although conflicting the available data indicate that sars cov-2 could continue to spread in warmer spring and summer months in the us according to a new report from the national academies of science engineering and medicine nas. current data suggest that the novel coronavirus may be transmitted less efficiently in higher temperatures and humidity but the studies are not conclusive because of poor data quality confounding f. ,1
what your doctor is reading on medscape.com april 09 2020 -- a multidisciplinary team of researchers has created a national registry to study how covid-19 affects pregnant women and their newborns. pregnant women are generally considered healthy but they are also a vulnerable group and we currently have no data on covid-19 in pregnancy coprincipal investigator yalda afshar md phd an obstetrician gynecologist at ucla health los angeles california told medscape medical news. we e. ,1
what your doctor is reading on medscape.com april 09 2020 -- bolted awake at 5 am again today with the same sense of panic followed by the mantra i 've been using all week to calm down i 'm home everyone 's safe. thankfully there are no urgent alerts in my email. the residents are still with us on the inpatient hematology oncology ward and no faculty in my division are out with covid-19. there 's been no systemwide alert that we are being overwhelmed with people who are infected for the t. ,1
what your doctor is reading on medscape.com april 09 2020 -- an enforcement policy for sterilizers disinfectant devices and air purifiers was published in 2020 by the food and drug administration fda).[1 due to the covid-19 pandemic it is necessary to maintain an adequate supply of sterilizers disinfectant devices and air purifiers to reduce the risk of viral exposure for patients and healthcare providers. the fda does not intend to object to the distribution and use of sterilizers. ,1
what your doctor is reading on medscape.com april 09 2020 -- physicians in china are reporting what they believe is the first case of covid-19 initially presenting as acute guillain barre syndrome gbs. the patient was a 61-year old woman returning home from wuhan during the pandemic. gbs is an autoimmune neuropathy which could be triggered by various infections corresponding author sheng chen md phd shanghai jiao tong university school of medicine china told medscape medical news. ,1
what your doctor is reading on medscape.com april 09 2020 -- a woman presented to the emergency department with high liver enzyme levels and dark urine. she developed fever on day 2 of care and then tested positive for the new coronavirus researchers at northwell health in hempstead new york report. the authors say the case published online in the american journal of gastroenterology is the first documented instance of a patient with covid-19 presenting with acute hepatitis as the pri. ,1
what your doctor is reading on medscape.com april 09 2020 -- the first protocol for the use of lung ultrasound to quantitively and reproducibly assess the degree of lung involvement in patients suspected of having covid-19 infection has been published by a team of italian experts with experience of using the technology on the front line. particularly in spain and italy where the pandemic has struck hardest in europe hard pressed clinicians seeking to quickly understand whether patients w. ,1
what your doctor is reading on medscape.com april 09 2020 -- what a difference a week makes. four days ago i wrote about the surge that we were expecting and how our institution was preparing by restricting visitors. still i was able to bend the rules and get an anxious father into the clinic so he could hear his only daughter 's cancer prognosis and the treatment i was recommending. there are times when people need their family and i was in a position to make that happen. that was then.as. ,1
april 9 2020 -- when gov. brian kemp of georgia issued his state 's stay at home order it included an exemption that surprised many he declared all the beaches in the state open overruling local officials that had closed theirs. their concerns related to social distancing and the fear their small coastal communities would be overwhelmed. and experts agree its not the beach itself that s a threat as much as it is other beachgoers. there is one small way the water might pose a hazard. kimber. ,1
april 9 2020 the cdc is releasing new guidance on return to work rules for critical workers exposed to a covid-19 case or a suspected case replacing previous guidance to stay home for 14 days. one of the most important things we can do is keep our critical workforce working cdc director robert redfield said at a white house briefing wednesday. in certain circumstances they can go back to work he said. neither redfield nor the other governmental officials specified what counts as an. ,1
"april 9 2020 the covid-19 death rate in new york city among men is nearly double the rate among women new data show. men also have higher rates of infection and hospitalization. there have been 55.72 covid-19 deaths for every 100,000 men compared with 29.8 per 100,000 women according to city health department figures. the case rates are more than 1,006.57 per 100,000 among men and 776.68 per 100,000 among women and hospitalization rates are 286.12 per 100,000 among men and 175.4. ",1
thursday april 9 2020 healthday news -- if you or your child has type 1 diabetes you already have a lot of extra health worries and now you need to add covid-19 infections to the list. you may be wondering if you have a higher risk of catching covid-19 if you 'll be able to get your diabetes supplies and how you might handle the illness if you do get sick. here 's some information to help you get through this trying time is my risk of covid-19 higher. aaron kowalski ceo of jdrf forme. ,1
"thursday april 9 2020 healthday news -- covid-19 has infected over 429,000 americans and claimed the lives of nearly 15,000 patients with seniors clearly bearing the brunt of severe disease. but experts warn the virus is proving to be a threat to some younger americans as well. according to the u.s. centers for disease control and prevention that 's been true since americans began getting sick. in mid march the cdc reported that patients aged 20 to 64 accounted for 20 of all covid-19 fa. ",1
thursday april 9 2020 healthday news -- both the u.s. national academy of sciences and a report out of china are dampening hopes that -- as happens with colds and the flu -- covid-19 might begin to fade with hotter weather. given that countries currently in summer climates such as australia and iran are experiencing rapid virus spread a decrease in cases with increases in humidity and temperature elsewhere should not be assumed according to experts at the national academy of science. ,1
april 9 2020 free drive thru testing will soon be available in several states which could provide results in as little as 5 to 15 minutes. on tuesday cvs health announced new testing sites in georgia massachusetts and rhode island while walgreens announced 15 new sites in seven states including arizona florida illinois kentucky louisiana tennessee and texas. the locations are being prepared now and should be active later this week walgreens said in a statement. limited appointment. ,1
april 9 2020 cook county jail in chicago is the top coronavirus hotspot in the country according to data from thenew york times. the newspaper launched a nationwide data tracking project to report on every confirmed covid-19 case in the u.s. based on federal state and local data. early tuesday afternoon the jail was identified as a key hotspot for the spread of the coronavirus the chicago sun times reported. according to the data 387 cases of coronavirus have been traced back to the jai. ,1
thursday april 9 2020 healthday news -- they gathered in chicago to mourn a loved one 's passing. but the new coronavirus was lurking among them leading to a super spreader event that sickened 16 and killed three. it 's tragedies like these that have spurred extended stay at home orders across the united states along with bans on group gatherings as public health officials struggle to rein in the covid-19 pandemic. where people are together in settings like a funeral or large family gath. ,1
april 10 2020 -- a 97-year old veteran is spreading joy during the coronavirus pandemic with his epic dance moves. stars and stripes honor flight tweeted a video of chuck -- a world war ii navy pilot -- dancing on his doorstep to ca nt stop the feeling by justin timberlake. more than 1 million people have watched the video so far -- including timberlake himself. the star shared a snippet of the performance to his instagram story saying this just made my day. people over the age of 65 s. ,1
friday april 10 2020 healthday news -- a study out of china finds that strokes altered consciousness and other neurological issues are relatively common in more serious cases of covid-19. looking at 214 cases of severe coronavirus illness treated in wuhan city during the early phase of the global pandemic doctors reported that 36.4 of patients displayed neurological symptoms. sometimes these symptoms appeared in the relative absence of typical symptoms of covid-19 -- fever cough dia. ,1
april 10 2020 the strategic national stockpile is running low on personal protective equipment which includes n95 respirators surgical masks face shields gowns and other medical supplies for frontline health care workers fighting against covid-19. the stockpile is sending out all its remaining inventory the department of health and human services told the associated press on wednesday. a document from the department shows that 90 of the stockpiles ppe has been distributed. the remai. ,1
april 10 2020 the national institutes of health announced a clinical trial on thursday of hydroxychloroquine to treat adults hospitalized with covid-19. the first patients who are enrolled in the trial are at vanderbilt university medical center in nashville. the blinded placebo controlled randomized clinical trial will test the safety and effectiveness of the drug in hospitalized patients. the goal is to enroll more than 500 patients according to the news release at dozens of medical cen. ,1
april 10 2020 -- family members are growing more concerned about whether nursing homes can keep their elderly relatives safe from covid-19 as nearly 150 of the homes across 27 states have at least one resident with the disease. residents and staff at 90 maryland nursing homes and assisted living facilities have tested positive for covid-19 gov. larry hogan r reported sunday. the scenes that played out last week at the pleasantville nursing home in carroll county md were reminiscent of ki. ,1
"april 10 2020 about 100 american airlines flight attendants have tested positive for the coronavirus according to the association of professional flight attendants which represents more than 27,000 american airlines workers. the union messaged its members this week and said the airline has agreed to start providing face masks for frontline team members while at work should you choose to wear one according to cnn. the union said masks would be distributed this week. the union has been. ",1
waiting for a health service you need can be an anxiety -producing experience. it 's normal to wonder how the delay could affect your health. whether to wait and for how long will depend on your need for medical care. hospitals have delayed these services to protect healthy people from the virus and to save medical equipment and supplies for those who do have it as doctors of all stripes have been pulled into coronavirus duty. social distancing has forced doctors to reschedule routine checkup. ,1
april 10 2020 -- for rob corddry a daily show alumnus and star of the hbo hit ballers the coronavirus pandemic has become very personal. he 's watched a good friend who is an emergency specialist struggle to keep up the pace since the virus has swept through the los angeles hospital where she works. even as a comedian i get how serious the impact of the coronavirus has been on the medical community corddry told medscape medical news. to cheer on his physician friend and everyone in medi. ,1
what your doctor is reading on medscape.com april 10 2020 -- a social worker in new york city was home caring for his sick son when the hospital at which he works ordered him to report back to work. his son had covid-19 yet his hospital told him he had to show up in person. the social worker 's situation is just one of many nyc health hospitals employees who could work remotely yet are required to report in person. his circumstances were described in a letter sent by lichten bright a. ,1
what your doctor is reading on medscape.com april 10 2020 -- as of april 8 california reported that 1651 healthcare workers were infected with the novel coronavirus that causes covid-19. but just how many healthcare workers are infected nationwide is unknown. although states and cities are regularly updating and publicly reporting overall covid-19 infection numbers and deaths few jurisdictions are tracking and publicly reporting how many healthcare workers have been infected. without that. ,1
what your doctor is reading on medscape.com april 10 2020 -- yesterday we celebrated the 12th birthday of my twins. we had a special dinner before we sang happy birthday ate cake which i made myself. and opened presents. there were no other family and friends at our house because of covid-19. the absence of one particular woman was painfully obvious. my mother in law marilyn has been an intimate part of our kids lives since they were born. she has always been there for our kids cel. ,1
what your doctor is reading on medscape.com april 10 2020 -- to boost the capacity of frontline clinicians and facilities to fight covid-19 the centers for medicare medicaid services cms on thursday announced it is temporarily suspending rules to allow physicians to provide telehealth services across state lines and will permit midlevel practitioners to provide as much care as their state licenses allow. physicians can now care for patients at rural hospitals across state lines via pho. ,1
what your doctor is reading on medscape.com as the covid-19 pandemic spreads and worsens in some areas concern about the availability of personal protective equipment ppe has become the top trending clinical topic. worry about shortages has led many healthcare workers to speak out sometimes at the cost of harassment or firing. a nurse in oklahoma was reportedly fired because he wore a surgical mask while inserting an iv line in a patient. a memo issued by the california nurses association. ,1
what your doctor is reading on medscape.com april 10 2020 -- here are the coronavirus stories medscape 's editors around the globe think you need to know about today no one knows how many clinicians have been infected with the novel coronavirus. while states are regularly reporting overall infection numbers and deaths few have been specifically tracking infections in healthcare workers. without that data its difficult to pinpoint which areas are at greatest risk and most in need of person. ,1
friday april 10 2020 healthday news -- for those with heart problems home based rehab can take the place of hospital based cardiac rehabilitation during the current coronavirus pandemic heart experts say. home based cardiac rehab is a solution to help provide cardiac rehabilitation to patients with heart disease in a home setting and to help them survive and thrive during this challenging period of time said dr. randal thomas. he 's a preventive cardiologist and medical director of the. ,1
friday april 10 2020 healthday news -- an analysis of twitter data suggests that americans are heeding social distancing and other safety recommendations during the coronavirus pandemic researchers say. officials have told people to limit travel stay home and distance themselves to slow the spread of the virus. the question though is how effective are these policies. once you tell people to stay home it does n't mean everyone listens said research leader mark dredze a computer scient. ,1
april 17 2020 president trump on thursday revealed a phased and deliberate approach to reopen the nation and its economy giving governors authority to decide how and when to lift social distancing orders designed to curb the coronavirus. trump described his three phase plan as a set of guidelines governors can tailor to fit the diverse needs of their own state. states with very few coronavirus cases might reopen as soon as tomorrow trump said at the daily white house briefing. if yo. ,1
"april 17 2020 california is the first state to create a disaster relief fund for undocumented residents gov. gavin newsom announced wednesday. the 125 million fund will help those who ca nt receive unemployment insurance or cares act benefits including 75 million from the state and 50 million from philanthropic partners according to a news release. about 150,000 undocumented adults will receive 500 each with a cap of 1,000 per household. applications will open at the beginning of m. ",1
april 17 2020 two giant drug companies sanofi and glaxosmithkline are teaming up to develop a vaccine for covid-19 the disease caused by the new coronavirus. sanofi hopes its earlier research on a vaccine for sars will give it a leg up on the search for a covid-19 vaccine. sars is a disease caused by a coronavirus that 's similar to the one that causes covid-19. sanofi says it will use technology called recombinant dna platform to make genetic matches to the proteins on the surface of. ,1
april 17 2020 the number of prescriptions filled for anti anxiety drugs spiked 34 and orders for anti anxiety and anti insomnia medications also increased from mid february to mid march and peaked around march 15 according to a new report released thursday. the increase demonstrates the serious impact covid-19 may be having on our nations mental health according to the report by express scripts a pharmacy benefit manager owned by cigna. the data is based on express scripts customers w. ,1
april 17 2020 -- if a loved one dies in colorado ohio connecticut and other states and covid-19 is suspected but there is no confirmed diagnosis that death will now be included in the states death toll. but in alabama even those who had a lab confirmed case may not be counted. the differences in the way deaths are counted may have serious short- and long term effects. the lack of widespread diagnostic testing in the u.s. has forced doctors and researchers to use other ways to find out. ,1
thursday april 16 2020 healthday news -- with protective gear in short supply duke university researchers say they 've designed a much needed respirator for health care workers battling covid-19. the respirator was created by a medical and engineering team at the university and is being used by duke health doctors treating patients with suspected cases of covid-19. the idea for the protective respirator came from orthopedic spine surgeon dr. melissa erickson. we have these helmets that w. ,1
wednesday april 15 2020 healthday news -- mechanical ventilators have become a symbol of the covid-19 pandemic representing the last best hope to survive for people who can no longer draw a life sustaining breath. but the ventilator also marks a crisis point in a patient 's covid-19 course and questions are now being raised as to whether the machines can cause harm too. many who go on a ventilator die and those who survive likely will face ongoing breathing problems caused by either the. ,1
then he got a call to treat a man in his 20s with covid-19-like symptoms who needed cpr. there was only one gown among the three first responders at the scene he says. i m only wearing a mask goggles and gloves but all my clothes are exposed including my hair. you wipe yourself down but did you really do a good job. when that shift ended the firefighter decided he could nt go home. he drove to his house waved to his wife 10-year old daughter and 5-year old son from outside and ch. ,1
april 15 2020 george stephanopoulos the good morning america anchor announced on the show that he has tested positive for covid-19. he revealed the diagnosis on monday two weeks after his wife actress and author ali wentworth said she had tested positive for covid-19. stephanopoulos 59 said he s been wentworths main caregiver as she self isolates in a room in their new york home according to the gma website. he said he was nt surprised to test positive and unlike his wife. ,1
april 15 2020 a medical professional in thailand was infected with coronavirus while working with a corpse apparently the first known case of the virus spreading from a dead body according to letter in a medical journal. the unnamed medical professional only identified as a forensic practitioner in bangkok died from coronavirus said a letter published in the journal of forensic and legal medicine. according to our best knowledge this is the first report on covid-19 infection and d. ,1
april 15 2020 -- a fedex deliveryman went out of his way to wipe down one familys package after he saw a note on their door saying someone inside had an autoimmune disorder. carrie blasi says she put the note up to protect her 11-year old daughter who has type 1 diabetes. she shared photos of the sanitized box on twitter where they ve been liked thousands of times. eventually the kind deliveryman saw blasis tweet and the two were able to connect via a video chat so she could thank him. ,1
what your doctor is reading on medscape.com april 15 2020 -- the american heart association aha and seven other medical societies have issued interim guidance to inform treatment of victims of cardiac arrest with suspected or confirmed covid-19 focusing on reducing provider exposure and prioritizing oxygenation and ventilation strategies goals of care and appropriateness of resuscitation. we were very specific in calling this interim guidance based on expert opinion because things a. ,1
what your doctor is reading on medscape.com 8:00 am. standing in the stop shop parking lot the sheer number of things wrong with this picture hits me like a gut punch. monday morning and i 'm not at work seeing patients. instead i 'm gearing up with my wife to shop for weekly supplies. we don gloves and face masks like we 're about to perform surgery. my cell phone buzzes texts from my partners. nonstop emails and status updates from the hospital. facebook and instagram posts with morbid co. ,1
what your doctor is reading on medscape.com april 15 2020 -- the covid-19 epidemic has put unprecedented strain on the us healthcare system. equipment is running out physicians are falling ill and case numbers are still growing exponentially from day to day. to accommodate this increase in volume the centers for medicare medicaid services along with many state agencies has issued directives that nonessential care be discontinued in the hopes that those resources and personnel can be. ,1
what your doctor is reading on medscape.com april 15 2020 -- although priority number one lies in controlling the spread of covid-19 public health researchers are calling attention to the long term repercussions of the pandemic on children 's health. school closures could noticeably worsen the epidemic of childhood obesity that already threatens many children in the united states say paul rundle drph and colleagues from columbia university mailman school of public health new york city i. ,1
what your doctor is reading on medscape.com april 15 2020 -- the sars cov-2 novel coronavirus has dramatically altered specialty practice across the board including the practice of infertility treatment. reproductive medicine societies recommend suspending new infertility treatment cycles during this time. women and couples who have already invested time and money in their treatment may be understandably frustrated and worried about the impact of this enforcedand indefinitedelay on their c. ,1
what your doctor is reading on medscape.com april 15 2020 -- although social distancing is slowing the spread of covid-19 it will undoubtedly have negative consequences for mental health and well being in both the short- and long term public health experts say. in an article published online april 10 in jama internal medicine on the mental health consequences of covid-19 the authors warn of a pandemic of behavioral problems and mental illness. covid-19 is a traumatic event that we are. ,1
what your doctor is reading on medscape.com april 15 2020 -- physicians across the globe are urging patients with acute coronary or stroke symptoms to seek emergency care despite orders to shelter in place during the covid-19 pandemic. statements issued today by the american college of cardiology acc and european society of cardiology esc come as hospitals are seeing troubling declines in the number of patients presenting with myocardial infarction mi or stroke. recent reports sugges. ,1
what your doctor is reading on medscape.com april 15 2020 -- as doctors spend hours upon hours treating patients and the rest of the world spends their time behind closed doors it 's hard to engage with one another. social distancing has left many people feeling isolated and searching for answers about covid-19. one avenue i 've found helpful in both engaging with others and providing answers as well as busting myths is social media particularly the tiktok app. tiktok launched in 2017. ,1
what your doctor is reading on medscape.com april 15 2020 -- hydroxychloroquine hcq does not help clear the sars cov-2 virus or relieve symptoms for covid-19 patients more than standard care alone and has more side effects a randomized controlled trial of 150 hospitalized adults in china suggests. however two experts caution that because of confounding the trial is unable to answer convincingly the question of whether hcq can benefit covid-19 patients. wei tang with the departments of. ,1
what your doctor is reading on medscape.com april 15 2020 -- here are the coronavirus stories medscape 's editors around the globe think you need to know about today as of april 9 more than 9000 healthcare workers in the united states had diagnosed cases of covid-19 and at least 27 had died according to data the centers for disease control and prevention cdc published tuesday. the cdc report notes that the number of cases among healthcare workers is likely an underestimation because. ,1
what your doctor is reading on medscape.com april 15 2020 -- i have to keep my hands in my pockets my nurse navigator carolyn exclaimed as she entered the room. i was just getting settled in at newport hospital preparing to change out of my street clothes and into my scrubs. i had arrived a little bit early and had the luxury of taking my time before my first patient arrived. why is that. i asked. she looked at me slightly exasperated. i 'm a hugger she said. i feel like i 'm fi. ,1
april 15 2020 -- as an episcopal priest father robert pace of fort worth tx is used to putting others first and reaching out to help. so when the pulmonologist who helped him through his ordeal with covid-19 asked if he would like to donate blood to help other patients he did not hesitate. i said absolutely pace 53 recalls. he says the idea was very appealing. during his ordeal with covid-19 in march he had spent 3 days in the hospital isolated and on iv fluids and oxygen. he. ,1
wednesday april 15 2020 healthday news -- you 're in lockdown yet you still have to go grocery shopping but how do you stay safe and avoid catching the coronavirus. the american medical association has some timely tips. when you go to the store stay at least six feet away from other shoppers. do n't shake hands hug or have any physical contact. wipe down grocery carts or basket handles with disinfectant wipes if you have them. while waiting and after leaving the store use hand s. ,1
wednesday april 15 2020 healthday news -- the coronavirus hits older people and those with chronic medical conditions hardest. but many of these folks did n't take the virus seriously as the outbreak took off in the united states a new study finds. before stay in place orders were announced investigators called nearly 700 people in the chicago area who were part of five u.s. national institutes of health studies. most were 60 and older. the calls were made march 13 20. they did n't think. ,1
wednesday april 15 2020 healthday news -- as the toll of the covid-19 pandemic grows it is increasingly clear the infection is more than a lung disease. many patients are developing heart complications though the reasons are not fully understood. people with heart disease or a history of stroke are at increased risk of the coronavirus infection and of suffering more severe symptoms according to the american heart association aha. but those severe infections are not only damaging peop. ,1
wednesday april 15 2020 healthday news -- it 's clear that age and chronic disease make bouts of the pandemic coronavirus more severe -- and even deadly -- but obesity might also put even younger people at higher risk a pair of new studies suggest. the researchers suspect that inflammation throughout the body linked to obesity could be a powerful factor in the severity of covid-19 the disease caused by the coronavirus. and they added it could even be more significant than heart or lung. ,1
tuesday april 14 2020 healthday news -- a study of pregnant women admitted to two new york city hospitals for delivery in late march and early april found that about 1 in 7 were infected with the new coronavirus and most did n't show symptoms. reporting april 13 in the new england journal of medicine doctors from new york presbyterian allen hospital and the columbia university irving medical center said they tested a total of 215 women who delivered newborns between march 22 and april 4. a. ,1
april 14 2020 -- animal shelters across the u.s. are being cleared out as people rush to adopt a furry friend to shelter in place with. one shelter in california shared a video of workers cheering as they showed off their empty kennels. as you can see we have a completely empty adoption center one staff member says. right now at our facility we have no animals for adoption. at another shelter in tennessee staff announced they were in awe after all of its animals were adopted. it is. ,1
tuesday april 14 2020 healthday news -- stay at home orders and other social distancing measures have kept people from going out in four key u.s. cities likely blunting the spread of covid-19 federal health officials report. the number of people leaving their homes fell gradually but persistently as officials closed schools restaurants and bars in new york city new orleans san francisco and seattle according to a study published by the u.s. centers for disease control and prevention. ,1
april 14 2020 the novel coronavirus can travel 13 feet through the air and be carried around on peoples shoes according to a new report from the cdc. the airborne distance is more than twice the recommended social distancing guidelines to stay 6 feet away from others. the new research published in the agencys emerging infectious diseases journal may help to explain how the virus is being spread. the study team tested air and surface samples at huoshenshan hospital in wuhan china to d. ,1
april 14 2020 countries should evaluate and meet six criteria before they lift shelter in place restrictions for covid-19 world health organization officials said during a press briefing on monday. decisions should be based on protecting human health and the scientific knowledge about how the coronavirus is transmitted said tedros adhanom ghebreyesus the who director general. we are all learning he said. we can only act on what we know. who will issue an updated strategy. ,1
april 14 2020 fifty new york city public school employees have died of the coronavirus as of april 10 including 21 teachers the city department of education reported monday afternoon. twenty two paraprofessionals two central office employees two administrators one guidance counselor one food services staffer and one staffer at an enrichment center for children of workers also died according to wabc. the doe said it based the findings on reports from family and loved ones wabc. ,1
april 14 2020 -- a small study of the antiviral drug remdesivir has shown that a majority of hospitalized patients with covid-19 who took it improved. the new england journal of medicine study showed that 36 of 53 hospitalized patients or 68 with severe complications got better after they took it. that does nt mean they got better because they took remdesivir. the drug which is not fda approved was given to the patients for compassionate use and was not part of a clinical trial. it was. ,1
what your doctor is reading on medscape.com april 14 2020 -- diabetes may be an independent risk factor for rapid progression and poor prognosis of covid-19 through several known pathways and a possible new one direct damage to pancreatic islets. as with nearly every finding related to the novel 2019 coronavirus disease the evidence thus far comes primarily from case series and anecdotal reports and as such has obvious limitations. in one of the latest case series chinese researchers co. ,1
what your doctor is reading on medscape.com april 14 2020 -- here are the coronavirus stories medscape 's editors around the globe think you need to know about today idsa no recommendations for covid-19 treatment yet many pharmacologic therapies are being used or proposed for treating patients with covid-19 but an expert panel of the infectious diseases society of america idsa says there 's not yet sufficient evidence to recommend any of them. the idsa issued interim guidelines on medica. ,1
what your doctor is reading on medscape.com april 14 2020 --there is currently insufficient evidence to recommend any particular medication for treatment of covid-19 an expert panel of the infectious diseases society of america idsa has concluded. many pharmacologic therapies are being used or considered for the treatment of patients with covid-19. given the rapidly emerging literature on treatment the idsa convened the panel to develop interim evidence based guidelines to support clinic. ,1
what your doctor is reading on medscape.com april 14 2020 -- because i travel so much i cherish my weekends at home. i put work aside for the most part and spend time with my family. sundays are the highlight i often plan a nice supper and we eat in our formal dining room a space typically reserved for large family parties.- covid-19 has made these weekends more special. i know that each time i go to work i risk exposing myself to an asymptomatic carriera fellow oncologist a nurse o. ,1
what your doctor is reading on medscape.com april 14 2020 -- wang weici md deputy chief of vascular surgery at wuhan union hospital west campus china graduated from medical school in 2012. but on january 27 she began her training anew. this early in the fight no one knew how much her skills old and new would be needed. or how perilous and challenging the days ahead would become for wang and her colleagues. now after more than 2 months the city of wuhan has ended its lockdown. b. ,1
what your doctor is reading on medscape.com april 14 2020 -- jails provide ideal conditions for the spread of covid-19 as made clear by the distressing stories coming out of new york city. beyond the very substantial risks posed by the virus itself practitioners tasked with attending to the large proportion of inmates with mental illness now face additional challenges. medscape psychiatry editorial director bret stetka md spoke with elizabeth ford md former chief of psychiatry for nyc. ,1
what your doctor is reading on medscape.com april 14 2020 -- matching the surge in covid-19 cases is a surge of healthcare workers who wo n't speak to journalists for fear of losing their jobs. why the sudden spook. the top brass at hospitals and healthcare systems across the country have become so concerned about reputation that they 've been issuing gag orders to their staff prohibiting them from speaking to the press. some physicians and other healthcare workers have been disciplined or ev. ,1
what your doctor is reading on medscape.com april 15 2020 -- as the covid-19 pandemic forces rationing of ventilators intensive care beds and other resources oncologists need to advocate for their patients and to support informed decision making as to resource allocation both at the institutional and regional level according to new recommendations from the american society for clinical oncology asco. there was a lot of concern from the oncology community that if a patient had cancer. ,1
what your doctor is reading on medscape.com april 14 2020 -- like so much else these days the treatment of valvular and structural heart disease shd has been turned on its ear. elective procedures are canceled in many regions and as hospitals become overwhelmed with covid-19 patients all but the most urgent care is postponed. patients in need of shd interventions constitute a challenging group many have conditions that may be life threatening if treatment is inappropriately delayed. fo. ,1
what your doctor is reading on medscape.com researchers from china describe three patients admitted to the intensive care unit icu with confirmed sars cov-2 infection severe covid-19 and clinically significant coagulopathy antiphospholipid antibodies and multiple cerebral infarcts. antiphospholipid antibodies abnormally target phospholipid proteins and the presence of these antibodies is central to the diagnosis of the antiphospholipid syndrome write yan zhang md and colleagues fr. ,1
april 14 2020 -- at age 76 bob odrowski could still chase his grandchildren. he loved being outdoors and walked a lot. he kept a standing daily coffee date with his buddies -- he called them the boys -- at mcdonalds or dunkin. several times a week he would swing by his daughter tracys house in canton mi to dote on his family particularly 3-year old jestine. on march 21 a saturday he called tracy to let her know he was nt feeling well. he would nt be able to come over on monday as u. ,1
"tuesday april 14 2020 healthday news -- many health care workers on the front lines of the coronavirus pandemic are struggling with sleep a new study finds. the researchers also found that those with insomnia were more likely to have depression anxiety and stress based trauma. the study included nearly 1,600 health care workers who completed an online questionnaire between january 29 and february 3 at the peak of the covid-19 outbreak in china. two thirds 36 reported insomnia symptom. ",1
"tuesday april 14 2020 healthday news -- the numbers are staggering more than 3,600 nursing home and long term care residents have died due to covid-19 infections with a huge number occurring in just the past two weeks. a california nursing home with more than a third of residents infected with covid-19 had to be evacuated when fearful staff did n't show up to work. almost nine in 10 residents of a massachusetts nursing home had covid-19 infections. the national guard was deployed to t. ",1
tuesday april 14 2020 healthday news -- once you 've had covid-19 and recovered are you now immune from the virus. that 's the critical question that will help shape how the united states re opens for business in the coming months. unfortunately there 's still no clear answer. it 's still too soon to tell if the first wave of covid-19 survivors will remain immune to the virus for any appreciable length of time. but the nation 's top infectious disease expert dr. anthony fauci thinks there. ,1
april 13 2020 -- it 's unclear how long it will take covid-19 patients who 've lost their sense of smell to regain it an expert says. while there are anecdotal reports that losing the sense of smell may be among the symptoms of covid-19 -- the illness caused by the new coronavirus -- there 's little information on how common that symptom is or how long it could last cnn reported. many people with covid-19 who lost their sense of smell weeks ago are still waiting for it to return but when that. ,1
"april 13 2020 -- one bar owner in georgia found a clever way to help pay her staff as bars and restaurants struggle financially during the coronavirus pandemic. jennifer knox who owns the sand bar in tybee island took down nearly 4,000 worth of dollar bills that had been stapled to her bars walls -- a tradition that patrons started 15 years ago. knox shared a photo of the money being stripped away on facebook saying all of it would go to bartenders and musicians in need. cnn reports th. ",1
what your doctor is reading on medscape.com april 13 2020 -- mortality could be as high as two thirds among patients with covid-19 who require ventilation new data from the united kingdom 's intensive care national audit and research center icnarc show. some clinicians are asking whether other techniques such as extracorporeal membrane oxygenation ecmo could improve outcomes but the data are unclear. the icnarc data posted online april 10 include data from 3883 patients with confir. ,1
what your doctor is reading on medscape.com april 13 2020 -- a new registry has been created to standardize data collection on patients with covid-19 across europe to better understand the role of cardiovascular disease in this pandemic. capacity covid was launched march 23 and builds on the case report form released by the international severe acute respiratory and emerging infection consortium and world health organization. the extended form includes additional data collection regarding c. ,1
what your doctor is reading on medscape.com april 13 2020 -- the world has been reeling under the spread of the new coronavirus. much has been said about protecting health care workers but almost nothing has been said about surge staffing for when patient loads double and triple in most hospitals. even before the pandemic every region in the world already suffered from a shortage of physicians nurses and other healthcare workers to care for their regular load of patients. covid-19 pushin. ,1
what your doctor is reading on medscape.com april 13 2020 -- researchers from the uk and germany have reconstructed the early evolutionary paths of covid-19 as it spread from wuhan out to europe and north america. the researchers analysing 160 complete virus genomes sampled from patients across the world between 24th december 2019 and 4th march 2020. they found that the closest type of covid-19 to the one discovered in bats type a the original human virus genome was present in wuhan. ,1
april 8 2020 -- one man in texas went above and beyond to support his wife during her chemotherapy appointment after her hospital restricted visitors due to the coronavirus pandemic. albert conner surprised his wife kelly with a sign reading i ca nt be with you but i m here outside md anderson cancer center. kelly told abc news she was shocked to see him in the parking lot since she had driven herself to her appointment that day. as soon as he texted me i just kind of lifted up in my. ,1
april 8 2020 -- if ventilators get scarce in the u.s. during the covid-19 pandemic which patients will get one of these life saving machines. who will decide and how. are there any guidelines in place. what s considered fair and just. were now beginning to anticipate the issues were going to have to face in the next few days about shortages of ventilators and icu beds says robert klitzman md a professor of psychiatry at columbia university medical center in new york city and director o. ,1
april 8 2020 -- john prine legendary singer and songwriter died tuesday 2 weeks after being hospitalized with covid-19 symptoms. prines condition worsened and he was placed on a ventilator and was intubated 2 days later according to a family statement. prine 73 launched his career in chicago when a young roger ebert who went on to become a legendary movie critic discovered the 23-year old. ebert wrote a glowing review of a prine show and the singer songwriter was on his way. he soon. ,1
april 8 2020 -- rob corddry a daily show alumnus and star of the hbo hit ballers wanted to pay tribute to the tired medical workers who treat coronavirus. it was as they say too soon for jokes. so what could a comedian do. then it occurred to him he 'd gather some of his best comedy buddies together to shoot short videos thanking front line medical workers. this project started a week ago when my friend an er doctor at cedars sinai in los angeles tested positive for covid-19 right af. ,1
what your doctor is reading on medscape.com april 08 2020 -- the american medical association ama along with scores of specialty and state medical societies are asking the trump administration to help the nation 's clinicians out with an immediate cash infusion that they say they need to sustain their practices many of which have been crippled by the covid-19 crisis. in an april 7 letter to secretary of us department of health and human services hhs alex azar the ama backed by 137 medi. ,1
what your doctor is reading on medscape.com april 08 2020 -- the guideline on covid-19related triage of patients with breast cancer was released on march 24 2020 by the covid 19 pandemic breast cancer consortium which comprises representatives from the national accreditation program for breast centers napbc the commission on cancer coc the american society of breast surgeons asbrs and the national comprehensive cancer network nccn).[1 as a general recommendation the guidelines. ,1
what your doctor is reading on medscape.com april 08 2020 -- occupational safety and health administration osha has issued guidance on preparing workplaces for covid-19. it focuses on the need for employers to implement engineering administrative and work practice controls and personal protective equipment ppe as well as considerations for doing so.[1 to reduce the impact of covid-19 outbreak conditions on businesses workers customers and the public it is important for all employ. ,1
what your doctor is reading on medscape.com april 08 2020 -- what exactly constitutes appropriate ambulatory gynecology during this time of social distancing. on march 30 2020 the american college of obstetricians and gynecologists acog weighed in releasing covid-19 faqs for obstetrician gynecologists. these recommendations which include information about obstetric and gynecologic surgery are available to everyone including the general public. they are intended to supplement guidance. ,1
what your doctor is reading on medscape.com april 08 2020 -- neurologists across the country are reporting a drop in the number of acute stroke patients seeking emergency care during the covid-19 pandemic suggesting that some patients may be intentionally staying home rather than risking coronavirus exposure at hospital emergency departments eds. stroke specialists in new orleans chicago seattle and elsewhere told medscape medical news they are seeing a precipitous drop in the number. ,1
what your doctor is reading on medscape.com april 08 2020 -- here are the coronavirus stories medscape 's editors around the globe think you need to know about today the international society of antimicrobial chemotherapy isac has issued a statement expressing concerns about the paper that sparked hope that hydroxychloroquine may be a promising treatment for covid-19 which an isac journal published in late march. the isac board believes the article does not meet the society 's expected. ,1
what your doctor is reading on medscape.com april 08 2020 -- over 7 days leora horwitz md admitted 58 patients for covid rule out50 tested positive. at the time her hospital had 12 nonintensive care unit icu covid-19 units it 's now almost entirely filled with covid-19 patients. the director of the center for healthcare innovation and delivery science at nyu langone medical center shared her experience on social media. she recounted the exhaustion caused by constant vigilance in havi. ,1
what your doctor is reading on medscape.com april 08 2020 -- from a mostly quiet hospital karen joynt maddox md from washington university school of medicine in st. louis is watching covid-19 cases spread from boston to new york city to nearby illinois with grim certainty. there 's no reason to think that we will be any different from any other area she said. we are just watching it and preparing and hoping that the extra lag time will give us a little more time to prepare in terms of. ,1
what your doctor is reading on medscape.com april 08 2020 -- covid-19 has shaken up everyone in medicine from experienced doctors to those still in training. i know that many medical students feel that they have been thrown to the sidelines forced to watch as our educators and more experienced peers enter a life or death fight. students do not have to stay on that sideline. i chose to become the president of the american medical student association amsa in order to help empower future ph. ,1
what your doctor is reading on medscape.com april 08 2020 -- as rates of new cases of covid-19 show some encouraging signs of slowing in the hardest hit countries of spain and italy nephrologists in those and other badly affected places are sharing insights and experiences learned during the pandemic. although lung damage is the main feature of severe covid-19 it is becoming crystal clear that the kidney is one of the other major organs involved explained annette bruchfeld md phd a pro. ,1
what your doctor is reading on medscape.com according to the headlines that 's what we are now in the covid-19 pandemic. friends family and even complete strangers are showering us with an outpouring of gratitude and appreciation via texts phone calls emails memes and tweets. volunteer meal trains are helping keep hospital workers fed on a daily basis sewing parties are helping to offset the ppe shortage with homemade face masks and as an emergency medicine physician i 've never seen. ,1
"editors note after this story published it was updated to add new cdc data that looked at covid hospitalizations by race. april 8 2020 -- in states such as michigan and louisiana as well as in cities like chicago and milwaukee african american people are making up a disproportionately large number of covid-19 cases and deaths officials say. in chicago african american people make up 30 of the population but account for 52 of the 4,600 confirmed cases said allison arwady md mph co. ",1
"april 8 2020 state officials have noted a potential leveling off of covid-19 cases in hotspots new york and new jersey though the number of deaths continues to grow. new york had 731 deaths from the coronavirus on monday which was the largest one day increase so far gov. andrew cuomo said during his daily briefing on tuesday. the states total number of deaths is almost 5,500. behind every one of those numbers is an individual is a family is a mother is a father is a sister is a br. ",1
april 8 2020 president donald trump said he does nt plan to socially distance himself from the vice president just because british prime minister boris johnson went into icu with coronavirus. speaking monday at the daily white house coronavirus task force briefing trump said he will probably increase testing of people who work around him because of the ease and speed of testing. trump said he s been tested twice with negative results both times. standing beside trump vice president mik. ,1
wednesday april 8 2020 healthday news -- one side effect of the coronavirus pandemic could be long lasting u.s. school closures may worsen the child obesity crisis experts warn. previous research has shown that kids tend to gain weight when they 're out of school during the summer -- especially hispanic and black youngsters and children who are already overweight. there could be long term consequences for weight gained while children are out of school during the covid-19 pandemic said. ,1
wednesday april 8 2020 healthday news -- extensive controls imposed early in china 's coronavirus outbreak may have prevented hundreds of thousands of infections a new study suggests. researchers analyzed the movements of people out of wuhan where the virus was first detected the types and timing of controls across china and covid-19 cases reported each day in every city. the conclusion controls imposed during the china outbreak 's first 50 days may have delayed spread of the virus to. ,1
april 7 2020 -- the use of the anti malarial drug chloroquine to treat covid-19 patients has been halted at several swedish hospitals due to reported side effects such as cramps and loss of peripheral vision. sahlgrenska university hospital is one of those facilities. it stopped the use of chloroquine in the treatment of covid-19 about two weeks ago. there were reports of suspected more serious side effects than we first thought magnus gisslen a professor and chief physician at sahlgrensk. ,1
april 7 2020 -- an inexpensive drug used to treat parasitic infections killed the coronavirus that causes covid-19 in less than 48 hours in a laboratory setting australian researchers say. the drug ivermectin has been used widely used for decades. it was introduced as a veterinary drug in the 1970s. doctors also prescribe it to treat head lice scabies and other infections caused by parasites. according to a report published online in the journal antiviral research the drug quickly preven. ,1
april 7 2020 -- i m a cystic fibrosis warrior and i beat covid-19. a brave little boy in tennessee is giving others hope after announcing his success against the new coronavirus. thank you for all the cards and the prayers and the gifts 6-year old joseph says in a video on his mothers facebook page. joseph tested positive for the virus on march 19 after having a fever and a cough according to a previous facebook post from his mother sabrina bostain. he is immune compromised from h. ,1
what your doctor is reading on medscape.com april 06 2020 -- here are the coronavirus stories medscape 's editors around the globe think you need to know about today hospitals across the us encountered severe challenges from covid-19 cases in late march according to a report from the office of inspector general oig of the department of health and human services hhs. hospitals reported challenges such as delays in receiving coronavirus test results that caused staff to use personal prote. ,1
what your doctor is reading on medscape.com april 06 2020 -- for the past 2 years i have enjoyed my position as a staff neurologist at a county hospital in memphis tennessee. like many public hospitals mine struggles with a limited budget to provide state of the art care to countless needy patients. the crowding in the emergency and trauma intake rooms constantly reminds patients and staff of the need for better facilities. it has always seemed that the hospital administration has done al. ,1
what your doctor is reading on medscape.com april 06 2020 -- it 's becoming clear that covid-19 infection can involve the cardiovascular system in many different ways and this has evolving potential implications for treatment say a team of cardiologists on the frontlines of the covid-19 battle in new york city. in an article published online april 3 in circulation justin fried md division of cardiology columbia university new york city and colleagues present four case studies of cov. ,1
what your doctor is reading on medscape.com april 06 2020 -- with covid-19 case numbers exploding an overshadowed aspect of the personal protective equipment ppe crunch is whether healthcare workers are able to use it properly including taking it on and off without contaminating themselves or others. each day they report to their jobs healthcare workers across the nation are anxious unsure of what type of and how much ppe will be available and whether it will provide enough protection. ,1
what your doctor is reading on medscape.com april 06 2020 -- the biologics used to treat conditions such as asthma chronic hives eczema and sinusitis are unlike the ones used to treat autoimmune disorders which target specific molecules in the immune system involved with inflammation. the biologics we use for allergy and asthma work on the allergic arm of the immune system said jeffrey factor md from the connecticut asthma allergy center in west hartford. that means they are not. ,1
what your doctor is reading on medscape.com april 06 2020 -- much remains unknown about the novel coronavirus sars cov-2 and the disease it causes covid-19 but there appears to be consensus within the cardiology community that patients ill with the disease need not routinely discontinue the angiotensin converting enzyme ace inhibitors or angiotensin receptor blockers arbs. in fact there seems to be a growing chorus of experts suggesting that these drugs may actually be of benefit in c. ,1
april 6 2020 saying that next week is going to be one of the toughest yet of the covid-19 pandemic u.s. surgeon general jerome adams called on the nations governors to do their part by instituting stay at home orders. the next week is going to be our pearl harbor moment. its going to be our 9/11 moment he said on meet the press. its going to be the hardest moment for many americans in their entire lives. to flatten the curve of cases everyone needs to do their part he add. ,1
april 6 2020 british prime minister boris johnson was admitted to a london hospital on sunday for testing according to the bbc. johnson tested positive for coronavirus on march 27 and he continues to have persistent symptoms including a high temperature according to a statement from a downing street spokeswoman. going to the hospital was a precautionary step and on the advice of his doctor the statement says. by monday johnson tweeted that he was in good spirts but the governm. ,1
april 6 2020 the next two weeks will be the toughest yet in terms of deaths due to covid-19 president donald trump said during a white house coronavirus task force briefing on saturday. there will be a lot of death unfortunately he said. we want as few lives lost as possible. federal and state officials will focus on the hardest hit areas such as new york and new jersey he added. the federal emergency management agency and department of health and human services are requesting dail. ,1
what your doctor is reading on medscape.com april 05 2020 -- at least one physician has been fired for speaking out about the lack of personal protective equipment ppe in his hospital. another was informed he could n't wear a mask brought from home for fear of scaring the patients. one by one the stories piled up and as they did medical societies and organizations have issued statements with unprecedented speed all in support of healthcare workers. finally the council of medical special. ,1
what your doctor is reading on medscape.com april 05 2020 -- some clinicians and patients alike are uneasy about recent guidance for obstetric care from the us centers for disease control and prevention cdc. some experts say the recommendation to separate mothers with confirmed or suspected covid-19 from their infants after delivery is not supported by evidence and could cause lasting harm. the evidence that has come out of early infections in china demonstrate that the risk of vertical t. ,1
what your doctor is reading on medscape.com april 05 2020 -- here are the coronavirus stories medscape 's editors around the globe think you need to know about today as new york health officials race to secure ventilators some physicians are starting to ask whether it 's time to change the way this equipment is used in patients with covid-19. cameron kyle sidell md a critical care physician working in new york city has been sounding the alarm on twitter urging healthcare professionals t. ,1
what your doctor is reading on medscape.com april 05 2020 -- since the centers for disease control and prevention cdc confirmed the first us case of novel coronavirus infection on january 20 much of the clinical focus has naturally centered on the virus prodromal symptoms and severe respiratory effects. however us neurologists are now reporting that covid-19 symptoms may also could include encephalopathy ataxia and other neurologic signs. i am hearing about strokes ataxia myelitis. ,1
what your doctor is reading on medscape.com april 04 2020 -- an expert committee has concluded that the novel coronavirus is aerosolized through talking or exhalation but it 's not yet clear if the viral particles are viable and emitted in doses sufficient to cause infection. while the current sars cov-2 specific research is limited the results of available studies are consistent with aerosolization of virus from normal breathing wrote harvey fineberg md phd chair of the national acad. ,1
"what your doctor is reading on medscape.com april 04 2020 -- here are the coronavirus stories medscape 's editors around the globe think you need to know about today i d experts more will die than predicted anticipate a higher death rate from covid-19 than originally predicted. that 's the message from leaders of the infectious diseases society of america idsa who spoke at a press briefing yesterday. previous estimates of 100,000 to 240,000 deaths were based on assumptions that americans. ",1
what your doctor is reading on medscape.com april 04 2020 --scientists and clinicians across the globe have responded to the ongoing coronavirus pandemic with a huge high quality global research effort to find a treatment for covid-19. as shown in the table see below of all covid-19 randomized controlled treatment trials almost 60 of such trials are planned recruiting or underway. this impressive roll call of studies just 3 to 4 months after the covid-19 outbreak is testament to the p. ,1
what your doctor is reading on medscape.com april 04 2020 -- dr alberto bassi a 62-year old italian dermatologist was still hospitalized in the town of castel san giovanni in piacenza italy and on oxygen when he decided to send a message to all his fellow physicians i 'm now in the hospital with covid-19 pneumonia. tocilizumab changed everything. he posted to medscape consult a crowdsourced social media platform in which clinicians share and discuss real cases and a frenzy of questio. ,1
what your doctor is reading on medscape.com april 04 2020 -- covid-19 has caused battle lines to be drawn. but they 're not just between clinicians and the virus. they 're also between the healthcare workers and their employers causing what the american medical association calls a flashpoint that could affect public health. in recent weeks clinicians across the country have spoken out on social media and in the press about unsafe working conditions and shortages of personal protective equi. ,1
what your doctor is reading on medscape.com april 04 2020 -- the american heart association aha has developed a covid-19 cardiovascular disease cvd patient registry to collect cardiovascular focused data and provide insights into care and adverse cv outcomes. our goal is to understand the impact of covid-19 on the development of cardiac conditions and complications in hospitalized patients mariell jessup md aha chief science and medical officer told medscape medical news. emerging. ,1
friday april 03 2020 kaiser news -- as the coronavirus roils the economy and throws millions of americans out of work medicaid is emerging as a default insurance plan for many of the newly unemployed. that could produce unprecedented strains on the vital health insurance program according to state officials and policy researchers. americans are being urged to stay home and practice social distancing to prevent the spread of the virus causing businesses to shutter their doors and lay of. ,1
april 3 2020 -- a little over 3 weeks ago emory university hospital emergency room doctor justin schrager md was living at home with his wife and two young children awaiting the birth of their third child. slowly his er began to fill with patients who had covid-19 the disease caused by the new coronavirus. i work in the area with the semi critical patients the ones that need higher level care. i have nt to my knowledge been exposed but i m sure i have been because its been pretty w. ,1
what your doctor is reading on medscape.com april 02 2020 -- first it was a critical shortage of personal protective equipment. then pleas for more ventilators to sustain patients with covid-19 and providers to care for them. now multiple sources are reporting deepening shortages of the drugs needed to help ventilate patients and keep them sedated. shortages are already evident for albuterol neuromuscular blockers and sedatives including fentanyl midazolam and propofol and vasopressors. ,1
april 3 2020 -- scammers are sneaking counterfeit n95 masks into the supply chain and taking money for masks they do n't have. n95 masks -- considered to be the best respirator masks-- are in short supply worldwide due to the coronavirus pandemic and fraudsters are taking advantage and putting lives at risk cnn reported. two leading n95 mask manufacturers issued fraud warnings after they received complaints about scammers trying to sell nonexistent masks. counterfeit masks are also a problem. ,1
"april 3 2020 -- at least 82,000 health care workers have volunteered so far to bolster new york 's fight against the new coronavirus. health officials said the respondents to the state 's call for a reserve force of medical workers include recent retirees health care professionals who can take time from their regular jobs and people between jobs the associated press reported. they 've signed up even though they face a difficult and dangerous situation. whatever it is that they need i 'm wil. ",1
keep in mind that current antibody tests ca nt tell you if you re immune to covid-19. that 's because we do n't know how long these antibodies might protect you against the coronavirus. and these tests should nt be used to diagnose the virus. it takes your body about 4 weeks to develop igm antibodies. but scientists are nt sure how long it ll take for this to happen with sars cov-2. more tests are needed to find out. you ll have to give some blood like through a finger prick. doctors test for. ,1
april 3 2020 -- a human clinical trial of an experimental stem cell therapy for coronavirus patients has been approved by the u.s. food and drug administration. the stem cell treatment is derived from human placentas and is being developed by new jersey biotech company celularity. the early stage trial will include up to 86 coronavirus patients with symptoms who will receive infusions of the stem cell therapy to assess the its safety and whether it prevents the patients from developing more se. ,1
update april 4 after the story published the cdc issued an advisory suggesting that everyone wear some type of face covering in public. the recommendation discourages people from using medical grade or surgical grade masks such as n95 masks and instead leave those for medical professionals. april 3 2020 -- the cdc and white house have been mulling for days whether they should recommend that everyone wear cloth masks when going out in public.now a team of researchers at yale university has. ,1
for the past few days countless new yorkers have leaned out of windows stepped onto balconies or fire escapes and even climbed onto roofs to applaud hospital workers during the evening shift change. in seattle one nurse was brought to tears after the citys office of arts and culture asked residents to collectively cheer on health care workers every night at 8. people in the united kingdom are cheering too -- including some of the smallest members of the british royal family. kensington p. ,1
april 3 2020 medical first responders in new york city have been ordered not to take patients in cardiac arrest to a hospital if they are unable to restart the patients heart in the field according to the new york post. the newspaper says a letter from the regional emergency medical services council of new york explains that the citys hospitals are already strained from coronavirus patients. emts and paramedics should still provide artificial ventilation and compressions the memo says. ,1
what your doctor is reading on medscape.com april 03 2020 -- i was supposed to be at a conference in las vegas attending the meeting of the national consortium of breast centers. my spring typically filled with travel to give lectures to both oncology colleagues and men and women with cancer has been flipped on its headit 's all covid-19 now. first there was the initial news from china then the rapid rise of those infected in italy and spain and soon enough seattle and now new york city. ,1
what your doctor is reading on medscape.com april 03 2020 -- in light of the rapid changes affecting cancer clinics due to the covid-19 pandemic drs david kerr and rachel kerr both specialists in gastrointestinal cancers at the university of oxford in oxford united kingdom drafted these guidelines for the use of chemotherapy in colorectal cancer patients. drs kerr and kerr are putting forth this guidance as a topic for discussion and debate and medscape encourages readers to comment and. ,1
what your doctor is reading on medscape.com april 03 2020 --this week in the coronavirus stories that inundated the internet elon musk weighed in on the ventilator shortage a famous scientist claimed he may have the cure and researchers debunked a conspiracy theory. the tesla ceo has been weighing in on the anticipated ventilator shortage on twitter. this week he offered tips to a canadian anesthesiologist who rigged a ventilator to support nine patients instead of just one after watching. ,1
what your doctor is reading on medscape.com april 03 2020 -- clinicians from henry ford health system in detroit michigan have reported the first presumptive case of acute necrotizing hemorrhagic encephalopathy associated with covid-19. as the number of patients with covid-19 increases worldwide clinicians and radiologists should be watching for this presentation among patients presenting with covid-19 and altered mental status the clinicians advise in a report published online march. ,1
what your doctor is reading on medscape.com april 03 2020 --endocrinologists have underlined the importance that physicians consider a stress dose of glucocorticoids in the event of severe covid-19 infection in endocrine and other patients on long term steroids. people taking corticosteroids on a routine basis for a variety of underlying inflammatory conditions such as asthma allergies and arthritis are at elevated risk of being infected with and adversely affected by covid-19. th. ,1
what your doctor is reading on medscape.com april 03 2020 -- if it were n't for dr mohammad molaei a radiologist in qom iran who insisted that his dying brother be tested for the novel coronavirus iranian officials would have remained in denial for many more days. in early february infectious disease experts from qom and mashhad had sounded the alarm about a new pattern of influenza that quickly progresses and takes down even the fittest of patients with peculiar radiologic findings but. ,1
what your doctor is reading on medscape.com april 03 2020 -- we should expect more deaths from covid-19 than previously predicted leaders of the infectious diseases society of america idsa said at a press briefing friday. the models on which the current national estimate of us mortality from covid-19 are based assume that optimal social distancing will be practiced across the country said rochelle walensky md vice chair of idsa 's hiv medicine association and chief of the infectious dis. ,1
what your doctor is reading on medscape.com april 03 2020 --this column was adapted from a twitter thread with permission. i saw my first covid-19 patient on march 17. a week later it felt like over half of the new consults were patients with covid-19. this is a bad disease. these patients are sick and if we make progress it is slow. but there is hope. we are winning some of these battles. here are some lessons from 2 weeks on the frontlines of detroit as a nephrologist covid warrio. ,1
what your doctor is reading on medscape.com april 03 2020 -- a consistent increase in the intensity and length of allergy season in regions of the united states signals a difficult season in 2020 for patients with allergic rhinitis at the same time as the covid-19 pandemic affects communities. we are seeing quite a bit of concern and confusion because allergy season is early this year due to warmer temperatures and symptoms can come on suddenly said lakiea wright md from brigham and wo. ,1
what your doctor is reading on medscape.com april 03 2020 -- here are the coronavirus stories medscape 's editors around the globe think you need to know about today first presumptive case report of encephalitis linked to covid-19 in a case report published online in the journal radiology clinicians from the henry ford health system in detroit michigan describe the first presumptive case of acute necrotizing hemorrhagic encephalopathy associated with covid-19. since this is just one re. ,1
"what your doctor is reading on medscape.com april 03 2020 -- the voyager pad results from more than 6,500 patients created the biggest evidence base by far ever collected from patients with symptomatic peripheral artery disease pad who underwent a vascular intervention and showed that the combination of twice daily rivaroxaban and once daily aspirin was safe and more effective than aspirin alone for reducing future thrombotic and ischemic events. following that report on march 28 a presp. ",1
"april 3 2020 the global number of coronavirus cases topped 1 million on thursday according to the johns hopkins coronavirus resource center. the coronavirus has spread rapidly since december 31 when the first cases were confirmed in china. the first confirmed case in the united states was reported january 21 in washington state. now the us has the most cases in the world with over 236,000 as of thursday. see a map of u.s. cases by state here. more than 236,000 cases have been reported i. ",1
thursday march 26 2020 healthday news -- for people very sick with covid-19 access to a mechanical ventilator can mean life or death. trouble is they 're in short supply in the united sates and around the world. now research suggests that a widely used clot busting stroke drug might help covid-19 patients who ca n't access a ventilator or who fail to improve even when they do gain access. the research focuses on a drug called tissue plasminogen activator tpa which is normally used to q. ,1
march 27 2020 -- the cdc has heartbreaking advice for moms in maternity wards stay away from your newborn if you have covid-19. the recommendation also applies to new moms in the hospital who doctors suspect may have the disease. the cdc says experts do n't know yet whether newborns who get covid-19 have a greater chance of health complications. but to play it safe it suggests hospitals temporarily put babies in a separate room if their mother has a suspected or confirmed case of covid-19 t. ,1
"friday march 27 2020 healthday news -- nearly half of u.s. health care facilities are already or nearly out of respirators worn by staff to protect against infection as they care for covid-19 patients a new survey shows. one in five facilities have no respirators and 28 are almost out of the filtering face masks which provide advanced protection against viral infection the online survey of 1,140 infection preventionists found. the survey also found shortages in face shields hospital m. ",1
march 27 2020 -- i want you to know that i think you all are rock stars. a man who recovered from the new coronavirus left a sweet message for the health care workers at cleveland clinic who took care of him while he was sick. cleveland clinic shared a picture of the note on instagram saying its staff found the note on the glass door of the isolation room the man had been in. one of the patients doctors says they frequently wrote on the same window to communicate as he recovered as he l. ,1
march 27 2020 -- coronavirus patients are swamping department of veterans affairs health facilities across the united states. the nation 's largest health care system had nearly 500 cases as of thursday a 60 increase since tuesday cbs news reported. the average va patient is older than 60 and many have underlying health problems that put them at high risk for respiratory complications from the coronavirus. when their patients get sick they get really sick dr. lewis kaplan a surgeon a. ,1
march 27 2020 -- a donation of 25 million for research into possible covid-19 treatments will be made by the chan zuckerberg initiative the bill and melinda gates foundation and others. the chan zukerberg initiative is the charitable group of facebook founder mark zuckerberg and his wife dr. priscilla chan. the groups will create what they 're calling the therapeutics accelerator to fight coronavirus chan said on cbs this morning. the collective 's goal is to fund a group to screen all t. ,1
friday march 27 2020 healthday news -- as the coronavirus pandemic stresses the u.s. health care system personal protective equipment -- including high tech masks -- are in desperately short supply. but a new study suggests an innovative solution reusable respirators typically used by construction or factory workers may be a viable alternative to disposable n95 respirators used by health care personnel. the reusable masks are called elastomeric half mask respirators ehmrs and they pr. ,1
what your doctor is reading on medscape.com march 30 2020 -- here are the coronavirus stories medscape 's editors around the globe think you need to know about today stanford university had its first confirmed case of covid-19 around march 10. after weeks of sleep deprivation intense planning and quick decision making chief of the hospital medicine division neera ahuja md appeared on medscape 's medicine and the machine podcast to share her experience. her advice for hospitals that may. ,1
what your doctor is reading on medscape.com march 27 2020 -- the guidelines on policy for face masks and respirators during the covid-19 public health emergency were released in march 2020 by the us food and drug administration fda).[1 face masks and n95 respirators not intended for a medical purpose face masks and n95 respirators are devices when they are intended for a medical purpose eg preventing transmission of infectious disease including covid-19. they are not devices when they. ,1
what your doctor is reading on medscape.com march 27 2020 -- for decades we 've been promised that telemedicine will save primary care money and time. yet somehow for most nhs gp services face to face consultations have remained standard operating procedure. why go to the hassle of introducing video consultations when everyone can pop down to the surgery. the covid-19 pandemic has abruptly changed all that. practices across the country are hastily setting up video links introducing unive. ,1
what your doctor is reading on medscape.com march 27 2020 -- this week mainstream news reported that coronavirus was detected on a cruise ship 17 days after passengers with the virus left the ship a man who breached quarantine was eaten by a crocodile and that peak coronavirus deaths are expected in 3 weeks. medscape medical news did n't cover these stories. here 's why. in mid february the carnival owned diamond princess cruise ship had the largest outbreak of coronavirus infections outsi. ,1
what your doctor is reading on medscape.com march 27 2020 -- hospitals are facing steep financial challenges on top of the operational and human aspects of coping with the covid-19 crisis according to a new report from strata decision technology a company that analyzes and benchmarks financial data for about 220 healthcare systems across the country. because of the high costs of treating patients with covid-19 plus the cancellation of most elective surgeries the report shows many hospit. ,1
what your doctor is reading on medscape.com march 37 2020 -- social distancing and other nonpharmaceutical interventions npis have proven to be effective tools in most pandemics. but their effect on the spread of the novel coronavirus is not yet clear experts say. the goal of npis which include personal actions such as staying at home when sick and washing hands and communal ones including school closures and canceling mass gatherings is to flatten the height of the infection curve. ,1
what your doctor is reading on medscape.com march 27 2020 -- as most 2020 medical conferences have one by one been canceled or rescheduled as virtual meetings in the time of a pandemic some physicians and other healthcare professionals are wondering if this is the year that will change the scene forever. amid the choruses of resignation unfortunately it 's the right thing to do and optimism see you next year. there have been plenty of voices describing another broad sentiment t. ,1
what your doctor is reading on medscape.com this week attention turned to an important strategy to flatten the curve of serious covid-19 cases making social distancing the top trending clinical topic. efforts to avoid overwhelming healthcare systems by preventing too many severe cases of covid-19 from happening at the same time have dominated recent news. in addition to the general guidance that has been provided to the public by groups such as the world health organization and the centers. ,1
what your doctor is reading on medscape.com march 27 2020 -- the youtube video seems authoritative enough. a man identified as dr dan lee dimke presents what he describes as the achilles heel of the coronavirus exposure to high temperatures. citing scientific studies he claims that ending the virus is remarkably easy and only requires a few days of 20-minute sessions in a sauna. no sauna. no problem. simply spray water onto your face and aim the hot air from a blow dryer up your nose for. ,1
what your doctor is reading on medscape.com march 27 2020 -- the liaison committee on medical education lcme has issued guiding principles for medical schools considering early graduation for medical students in their final year of study. the action comes in the wake of new york university 's decision announced earlier this week to allow medical students the opportunity to graduate early with the goal of boosting staff to battle the covid-19 pandemic as reported by medscape medical ne. ,1
march 27 2020 -- were in the middle of a pandemic and it feels like every interaction we have could lead to some way to get the coronavirus. groceries deliveries takeout food -- can we bring them into our homes safely. if you followed every bit of advice out there you d only leave your home encased in plastic wrap and you d swab down everything you touch with bleach several times a day. we consulted experts to find out what will really make a difference. the first thing to understand b. ,1
march 27 2020 -- researchers at the mount sinai health system say they 've developed a test that can find out if you already have had or were infected with the new coronavirus. the test is called serological enzyme linked immunosorbent assay or elisa for short. it checks whether or not you have antibodies in your blood to sars cov-2 the scientific name of the new coronavirus that causes covid-19. researchers say elisa works like antibody tests for other viruses such as hepatitis b. it wil. ,1
march 27 2020 if the new coronavirus behaves like a typical virus the warm and humid american summers could help drive it underground until winter. but anthony fauci md direct or of the national institute of allergy and infectious diseases said thursday do nt count on it. taking part in an instagram live video with nba superstar stephen curry fauci said we have no real idea what will happen when summer comes. at this point what we do know he said is that the new coronavirus is 10. ,1
"march 27 2020 with reports earlier thursday that the u.s. now has more coronavirus cases than all other countries president donald trump told reporters that i think it 's a tribute to our testing. as news reports of u.s. cases topping 82,000 and as overwhelmed hospitals and surgeons in hard hit new york city threaten to fail trump and members of the white house coronavirus task force focused on numbers and statistics. as of thursday 552,000 tests have been done across the country vic. ",1
friday march 27 2020 healthday news -- it takes multiple measures of social distancing to slow the spread of the new coronavirus a study from singapore concludes. that finding is based on a computer model of a simulated setting in singapore. coronavirus cases are on the rise there but as of march 23 schools remained open and workplace distancing was only recommended not national policy. researchers concluded that a three pronged approach would be most effective at preventing spread of. ,1
friday march 27 2020 healthday news -- you went jogging and developed a cough. you did some yard work and now you 're wheezing. maybe your throat is scratchy. your first thought is do i have covid-19. the u.s. centers for disease control and prevention has posted a new coronavirus self checker on its website that might ease your mind and steer you toward any medical help you might need. the worst part about the coronavirus pandemic is the way the admittedly vague symptoms of the infectiou. ,1
all three countries are placed uncomfortably close to china the initial epicenter of the coronavirus pandemic that 's now swept across the world. but they also have one other thing in common they 've each managed to contain their covid-19 infections preventing the new coronavirus from reaching epidemic proportions within their borders. how did they did so might provide lessons to the united states and elsewhere experts say. south korea taiwan and vietnam each recognized the novel coronavir. ,1
march 26 2020 -- as schools go on lockdown to prevent the spread of the coronavirus teachers across the country are doing even more to make their students smile. one kindergarten teacher in colorado went door to door visiting kids from her class delivering armfuls of school supplies to remind them how much she cares. such a special day watching my mom the mrs. witt visit all of her kindergarten students to spread some happiness during this unusual time her daughter wrote on facebook. ,1
"april 2 2020 -- early widespread testing could be the reason why germany has much lower rates of coronavirus deaths than neighboring countries experts say. as of wednesday germany had more than 71,000 confirmed coronavirus cases and 775 deaths according to johns hopkins university data the associated press reported. in contrast italy has reported almost 106,000 infections and more than 12,400 deaths spain has more than 102,000 cases with over 9,000 deaths france has four times as man. ",1
april 2 2020 -- threats made again u.s. national institute of allergy and infectious diseases director dr. anthony fauci have led federal officials to boost his level of protection. the increase in security for fauci was made at the request of the health and human services inspector general hhs ig department of justice officials told cbs news. they said the department of justice approved the request that u.s. marshals deputize a group of agents in the office of the hhs ig to protect fauci. ,1
april 2 2020 -- federal inmates will be confined to their cells for 14 days in an attempt to reduce their risk of exposure to the new coronavirus the u.s. bureau of prisons says. there will be some exceptions. smaller groups will be allowed for activities such as phone calls laundry and showering and educational programs and mental health treatment will continue to the extent practicable cbs news reported. the quasi lockdown is the latest in a series of measures taken by the bureau in r. ,1
thursday april 2 2020 healthday news -- the woman worked in the airlines industry and was in her late 50s. she arrived at henry ford health system in detroit with a cough fever and mental confusion that had arisen over the prior three days. a nasal swab test showed she was infected with the new coronavirus. and as doctors tried to track down the cause of her altered mental status brain scans revealed an encephalopathy -- swelling in some areas of the brain -- as well as small areas of b. ,1
thursday april 2 2020 healthday news -- yet another potential vaccine against the new coronavirus is in early development -- one that researchers say could be rapidly made and distributed if it proves effective. the vaccine has only been tested in lab mice but it 's able to spur the animals immune systems to produce antibodies against the coronavirus that causes covid-19. researchers at the university of pittsburgh reported the early results april 2 in the journal ebiomedicine. much work. ,1
april 2 2020 -- who knew social distancing could be so adorable. a grandfather and granddaughter in nashville are warming hearts with their daily social distance dance parties. sherrie neely shared a video of her daughter kira dancing with her 80-year old father who lives across the street. kira loves her papa so much and they 've now started daily dance offs since the virus is keeping them separated neely wrote on facebook. my dad is turning 81 years old next month and i 've never. ,1
the rapid spread of covid-19 forced seemal desai md to make an excruciating choice he could either shutter his busy dermatology practice in plano texas or switch most patient consults to telemedicine which he 'd never used. but as soon as he learned that telehealth regulations had been relaxed by the centers for medicare medicaid services cms and that reimbursement had been broadened desai and his staff began to mobilize. kaboom. we made the decision to start doing it he told meds. ,1
what your doctor is reading on medscape.com april 02 2020 -- on the evening of march 24 i got the email. when the bolded letters we ask for your help flashed across my screen i knew exactly what was being asked of me to graduate early and join the fight against covid-19. it would be a lie to say that my immediate reaction was to volunteer. for the 120 fourth year medical students in my class at nyu grossman school of medicine the arrival of that email was always more a question of whe. ,1
what your doctor is reading on medscape.com april 02 2020 -- no staff members or patients were diagnosed with covid-19 after strict protective measures for screening and managing patients were implemented at the national cancer center cancer hospital chinese academy of sciences in beijing according to a report published online april 1 in jama oncology. however the time period for the analysis which included nearly 3000 patients was short only about 3 weeks february 12 to march 3. ,1
what your doctor is reading on medscape.com april 02 2020 -- frontline covid-19 healthcare workers across north america are dealing with unprecedented stress but mental health therapists in both canada and the us are doing their part to ensure the psychological well being of their colleagues on the frontlines of the pandemic. over the past few weeks thousands of licensed psychologists psychotherapists and social workers have signed up to offer free therapy sessions to healthcare professi. ,1
"what your doctor is reading on medscape.com april 02 2020 -- more than one fifth of patients being treated for gynecologic malignancies experience financial toxicity results of a single center study suggest. among 5,188 patients treated for gynecologic cancers 1,155 22 experienced financial toxicity measured by bills sent to collection financial assistance bankruptcy or similar measures reported emeline aviki md of memorial sloan kettering cancer center mskcc in new york and c. ",1
as we await evidence from multiple ongoing trials of hydroxychloroquine hcq for the treatment of covid-19 clinicians have had to make do with conflicting reports regarding its potential efficacy. although hcq is one of the safest drugs used for chronic rheumatic and autoimmune disorders the current lack of a consensus regarding its optimal dosage for covid-19 has also made it difficult to quantify the risk for adverse effects. there is an existing body of knowledge around the potential toxic. ,1
april 2 2020 while shopping for groceries or carrying out essential duties in public people could wear scarves if they re concerned about contracting covid-19 president donald trump said wednesday. the cdc and the white house coronavirus task force have nt yet said whether everyone should wear masks in public. the question of whether the public should don masks has gained more attention of late after chinese officials said they were surprised americans were nt wearing them. but the cdc. ,1
"april 2 2020 the cdc says your chances of getting severe covid-19 are higher if you have diabetes chronic lung disease heart disease or other health problems. experts already know that people 65 and older have greater odds of getting severe covid-19. but today 's cdc report is the first to reveal the hard data on the risks for people in the u.s. with underlying conditions. cdc researchers combed through case studies of more than 122,000 americans with confirmed covid-19 through march 28. ",1
"april 2 2020 the u.s. reported its single deadliest day with more than 785 deaths -- as the number of deaths and cases continue to soar in the country. the nation has more than 189,000 cases of the disease and more than 3,800 deaths. the country accounts for more than a fifth of all cases worldwide. president donald trump and his top health officials warned that the worst is yet to come for the covid-19 pandemic and that the next two or three weeks would be difficult. at a white house cor. ",1
april 2 2020 countries must unite to win world war c against the covid-19 pandemic said tom frieden md former cdc director. this is a world war and the enemy is not people states or countries but a dangerous microbe. its us against the microbes frieden told reporters during a wednesday news briefing. he led the response to the ebola outbreak in 2014. now president and ceo of resolve to save lives an initiative of the global health organization vital strategies frieden outlined. ,1
thursday april 2 2020 healthday news -- people with high blood pressure and heart disease may be vulnerable to complications from covid-19 heart experts say. nearly half of americans have high blood pressure according to the american heart association aha. based on current knowledge seniors with coronary heart disease or high blood pressure may be more susceptible to the coronavirus and more likely to develop more severe symptoms. that means it 's vital to follow guidance about keepin. ,1
wednesday april 1 2020 healthday news -- besides causing covid-19 the new coronavirus can also lead to pink eye and chinese researchers say the virus may be spread by tears. of 38 patients with covid-19 a dozen also had pink eye conjunctivitis a new study found. in two patients the coronavirus was present in both nasal and eye fluids. some covid-19 patients have ocular symptoms and maybe novel coronaviruses are present in the conjunctival secretions of patients with covid-19 s. ,1
april 1 2020 -- medical helplines nationwide have seen a spike in call volume as covid-19 the disease caused by the new coronavirus continues to claim lives and people take social distancing more seriously. hospitals are flooded with patients who have symptoms of covid-19 -- a respiratory illness that often causes a fever and cough -- and personal protective equipment for health care workers continues to dwindle. the widespread fear has led thousands of people to call medical helplines rathe. ,1
april 1 2020 one of cnns top anchors chris cuomo has been diagnosed with the coronavirus but will continue to work from home he announced on his twitter feed tuesday. i have been exposed to people in recent days who have subsequently tested positive and i had fever chills and shortness of breath he wrote. i just hope i do nt give it to the kids and christina. that would make me feel worse than this illness. cuomo said hell self quarantine in the basement of his home and continue. ,1
april 1 2020 arizona gov. doug ducey and virginia gov. ralph northam issued statewide stay at home orders on monday becoming the latest governors to take such action becauseof the coronavirus pandemic. we are in a public health crisis and we need everyone to take this seriously and act responsibly northam said in his order. our message to virginians is clear stay home. thirty two states are now under statewide stay at home orders plus the district of columbia according to the new. ,1
april 1 2020 -- dolly parton is reading bedtime stories to kids to help ease their fears during the coronavirus pandemic. the singer and songwriters imagination library says the new video series is called goodnight with dolly and will focus on comforting and reassuring children while shelter in place orders are in effect. this is something i have been wanting to do for quite a while but the timing never felt quite right parton says. i think it is pretty clear that now is the time to sha. ,1
april 1 2020 -- many emergency room workers remove their clothes as soon as they get home -- some before they even enter. does that mean you should worry about covid-19 transmission from your own clothing towels and other textiles. while researchers found that the virus can remain on some surfaces for up to 72 hours the study did nt include fabric. so far evidence suggests that its harder to catch the virus from a soft surface such as fabric than it is from frequently touched hard surf. ,1
"wednesday april 1 2020 healthday news -- in a harrowing harbinger of what might come in places like new york city a new report out of italy shows the death rate for hospitalized covid-19 patients continues to grow almost 40 days after the country 's first case was reported. italy has passed china for coronavirus cases reporting close to 106,000 cases and nearly 12,500 deaths a johns hopkins tally showed wednesday morning. the virus has been especially deadly for older italians. data gath. ",1
wednesday april 1 2020 healthday news -- when most people think of covid-19 they imagine symptoms such as a dry cough and high fever. but new research out of china shows that a minority of cases appear with gastrointestinal symptoms only. in about one quarter of patients in the new study diarrhea and other digestive symptoms were the only symptoms seen in mild covid-19 cases and those patients sought medical care later than those with respiratory symptoms. failure to recognize these pa. ,1
march 24 2020 -- an arizona man has died and his wife is in critical condition after they took chloroquine phosphate to treat themselves for the novel coronavirus the hospital system banner health says. chloroquine is approved in the united states to treat malaria lupus and rheumatoid arthritis but president donald trump has promoted it as a possible treatment for covid-19 cnn reported. chloroquine is also an additive commonly used at aquariums to clean fish tanks banner health said in. ,1
what your doctor is reading on medscape.com march 24 2020 -- the test driven world of cardiovascular medicine is rapidly shifting to remote hands off telemedicine to keep patients and their physicians safe during the covid-19 pandemic. during a recent telehealth webinar ami bhatt md director of the adult congenitalheartdisease program massachusetts general hospital in boston said they 've gone from seeing 400 patients a day in their clinic to less than 40 and are trying to push that numb. ,1
what your doctor is reading on medscape.com march 24 2020 -- the rate of increase in intensive care unit icu admissions in regions gripped by the covid-19 epidemic may take more than 4 weeks to peak and even then only begins to slow down after another 4 days warns an italian academic who is calling on countries not yet overwhelmed to prepare now as best they can. davide manca phd professor of process systems engineering at the polytechnic university of milan italy predicts that bas. ,1
what your doctor is reading on medscape.com march 24 2020 -- recommendations to help clinicians triage surgical procedures during the covid-19 pandemic developed quickly by a team of urology experts from around the world and shared last week are already out of date. i would change some things we said a week ago said david canes md from lahey hospital and medical center in burlington massachusetts and derry new hampshire who was one of those experts. we now know it 's not possible. ,1
editors note an earlier version of this story included research from stanford university on ways to decontaminate used n95 masks. since this story was published the study authors have clarified and updated their findings to advise that home ovens should not be used for this purpose. we have updated our story to include this information. march 24 2020 -- the day after their local hospital put out a call for more surgical masks the owner of a local uniform shop in evansville in called his f. ,1
we have a patchwork of responses as opposed to a national response says carlos del rio md a professor of infectious diseases at emory university. we really need a coordinated national response. cities and states across the u.s. are using each of those approaches but they vary. by wednesday morning 17 states will be under stay at home orders which address all three the orders call for all nonessential businesses to shut down all schools to close and all residents to stay at home a. ,1
what your doctor is reading on medscape.com march 24 2020 -- here are the latest coronavirus stories medscape 's editors around the globe think you need to know about today physicians in the emergency department of a hospital in turin italy quickly realized that they could n't use age or comorbid conditions to predict which patients coming in with covid-19 would develop severe pneumonia. we see otherwise healthy patients with acute symptoms of pneumonia due to the virus giovanni volpicel. ,1
what your doctor is reading on medscape.com march 24 2020 -- final year medical students are waiting to hear what emergency arrangements have been made between the regulatory bodies to allow them to be accelerated onto the nhs front line as hospitals battle to handle the surge of patients as a result of the covid-19 pandemic. talks are going on involving the general medical council the medical schools council msc the individual medical schools the bma 's uk medical student committee and. ,1
"what your doctor is reading on medscape.com march 24 2020 -- recommendations for urgent and nonurgent patient care in ophthalmology were published in 2020 by the american academy of ophthalmology aao).[1,2 due to the covid-19 pandemic all ophthalmologists should immediately cease providing any treatment other than urgent or emergent care. several reports suggest covid-19 can cause conjunctivitis and possibly be transmitted by aerosol contact with conjunctiva. patients with conjunctiviti. ",1
what your doctor is reading on medscape.com march 24 2020 -- the society for cardiovascular angiography interventions scai has canceled its 2020 scientific sessions scheduled for may 13 16 in atlanta and closed its offices in washington dc in response to the covid-19 pandemic. in making the announcement scai president ehtisham mahmud md professor and division chief cardiovascular medicine university of california san diego expressed solidarity with those working on the frontline. ,1
march 24 2020 in a monday white house press briefing president donald trump hinted that the slowdown to stop the spread of covid -19 may be briefer than he originally predicted. i 'm not looking at months i can tell you that trump said. he then added he was not saying the stop the spread 15-day effort would definitely end next week. we have nt announced an end date but we are coming close to coming up with a date. we can not let the cure be worse than the problem itself he said refer. ,1
tuesday march 24 2020 healthday news -- the coronavirus pandemic has caused a worldwide shift in the way people live placing many in self imposed exile to prevent the spread of the contagion. but it 's important to remember that four of every five infected people will have mild symptoms perhaps so mild as to not be noticeable experts note. about 80 of people get a very mild illness and they recover uneventfully. that 's important to realize said dr. robert glatter an emergency medici. ,1
tuesday march 24 2020 healthday news -- everyone is learning to deal with the threat of the new coronavirus but for people with cancer the virus is even more concerning. cancer can increase people 's risk of catching the coronavirus. it increases the odds of complications from the infection too. patients with cancer are at a higher risk especially if treatment is active or recent. it 's hard to give a one size fits all answer but the closer you are to treatment the more impact said. ,1
tuesday march 24 2020 healthday news -- the new coronavirus continues its steady march through the u.s. population bringing with it a second plague potentially dangerous myths and rumors about covid-19 spread via the internet. you may have already heard some of these coronavirus myths which if subscribed to could at best mean wasted effort or -- at worst -- make you even more vulnerable to getting ill. now experts at the university of texas health science center at houston ut healt. ,1
editor 's note this story was updated march 25 2020 with a joint statement from the international olympic committee president thomas bach and japanese prime minister abe shinzo. march 25 2020 this summer olympics planned to begin in july in tokyo will be delayed until at least 2021 international olympic committee president thomas bach and japanese prime minister abe shinzo said in a joint statement tuesday. the leaders agreed that the olympic games in tokyo could stand as a beacon of. ,1
monday march 23 2020 kaiser news -- as the novel coronavirus snaked its way across the globe the centers for disease control and prevention in early february distributed 200 test kits it had produced to more than 100 public health labs run by states and counties nationwide. each kit contained material to test a mere 300 to 400 patients. and labs whether serving the population of new york city or tiny towns in rural america apparently received the same kits. the kits were distributed rou. ,1
monday march 23 2020 healthday news -- fake in home test kits for coronavirus are being marketed in the united states and could pose serious health risks the u.s. food and drug administration says. we want to alert the american public that at this time the fda has not authorized any test that is available to purchase for testing yourself at home for covid-19 said fda commissioner dr. stephen hahn and associate commissioner for regulatory affairs judith mcmeekin. they said the fda see. ,1
monday march 23 2020 healthday news -- i have worked the last four days and i have cried every day. eileen mcstay a registered nurse at the mount sinai hospital in new york city is on the front lines of the covid-19 pandemic and it is mentally and emotionally wearing her and her colleagues down. mcstay works on a hospital floor filled with nothing but lonely scared coronavirus patients some of whom are fighting for their lives. she goes home to an empty apartment -- her four kids. ,1
march 23 2020 -- the fda has approved a rapid covid-19 test that gives results in 45 minutes. that 's a big improvement over current testing which takes at least 24 hours for results. cepheid a medical diagnostics company in sunnyvale ca that makes the tests says they 'll be available by the end of march. the company says that hospitals and labs that now use cepheid 's equipment -- called genexpert systems -- can run the rapid tests. the testing process begins the same way as all covid-1. ,1
march 23 2020 -- when your grandmother turns 95 you find a way to make her feel special -- global pandemic or not. at least that s how one family felt after their matriarchs birthday plans got canceled due to the coronavirus. the byrne family went above and beyond to celebrate their grandma kathleen byrne by showing up outside her house in new york with signs and balloons -- all while sticking to social distancing guidelines according to cnn. kathleens granddaughter sara shared a vid. ,1
march 23 2020 -- there s never a good time to be sick but with so much medical attention focused on covid-19 this is a particularly stressful time to need medical attention for anything else. even as this new coronavirus terrifies people and monopolizes the health care system women will continue to give birth people with chronic illnesses will need care and strokes heart attacks and accidents will continue to happen. recognizing that reality doctors clinics and hospitals are taking. ,1
"march 23 2020 new york governor andrew cuomo issued an executive order today directing hospitals to increase their capacity by at least 50. the state has about 3,000 icu beds. they are projected to need 18,000 37,000 icu beds. doing so he said will help meet the capacity that they expect to need as the state faces its own coronavirus epidemic and 20,000 cases 10 times as many as any other state. to staff those beds he is asking retired health care professionals to return to work. he. ",1
march 23 2020 the federal emergency management agency said sunday it is working to help these hardest hit states by activating the national guard under title 32 of the u.s. code. the action enables governors to provide robust national guard support for their states. the title 32 action does not federalize national guard members said peter gaynor fema administrator. the troops operate under each state 's governor. this is not martial law. meanwhile disaster declarations were approved f. ,1
march 23 2020 -- as people in covid-19 hot spots prepare for self quarantine they stock up on shelf stable foods and other goods. photos of empty supermarket shelves are commonplace. but even as those who can afford it go shopping food banks food pantries and soup kitchens -- crucial support for the most vulnerable americans -- face extreme shortages. there are two problems retail stores make up a large part of donations to food banks. in 2016 they donated 1.4 billion pounds. but as reta. ,1
what your doctor is reading on medscape.com march 23 2020 -- at one large practice in bergen county new jersey the waiting room is empty but its patients are still receiving care. as of mid march the practice is still operating thanks to the group 's willingness to adapt its work flow sometimes radically to mitigate the threat of the covid-19 pandemic. for example patients now call the receptionist from their vehicles when they arrive and wait there until receiving a call back telli. ,1
what your doctor is reading on medscape.com march 31 2020 -- every us state has declared a state of emergency due to the coronavirus pandemic but the restrictions included in those executive orders vary greatly across the country. although many require the cancellation or postponement of non essential medical procedures to preserve personal protection equipment ppe an increasingly confusing aspect of these orders is how they apply to abortion. on friday oklahoma alabama and iowa joine. ,1
what your doctor is reading on medscape.com march 31 2020 -- the covid-19 pandemic is an experience that is unprecedented in our lifetime. it is having a pervasive effect due to how mysterious potentially dangerous and sustained it is. we do n't know how bad it 's going to get or how long it 's going to last. we have natural disasters like hurricanes and earthquakes but they are limited in time and scope. but this global pandemic is something we ca n't put our arms around just yet breeding un. ,1
what your doctor is reading on medscape.com march 31 2020 -- the era of diabetes telemedicine has arrived. in the midst of the current covid-19 pandemic clinicians of all specialties who were already incorporating telehealth visits into their practices are now ramping it up while those who were not using the technologies before are now scrambling to put them in place. a free access article top ten tips for successfully implementing a diabetes telehealth program was published march 19. ,1
"march 31 2020 the fda has approved machinery that disinfects n95 respirator masks meaning the masks could be reused by health care workers president donald trump said monday at a white house news briefing. a shortage of the masks has been a major complaint as hospitals deal with a growing number of coronavirus patients. as of monday afternoon there are more than 152,000 cases in the united states and over 2,700 deaths. there are two disinfecting machines in ohio and one in new york wi. ",1
tuesday march 31 2020 healthday news -- thousands of elective and semi elective surgeries -- including heart and chest operations -- are on hold due to the coronavirus pandemic. if your heart or chest surgery has been postponed dr. robbin cohen and dr. elizabeth david of the society of thoracic surgeons offer some advice. we especially do n't want to turn postponed elective or semi elective operations into emergent ones that may carry greater risk or a lesser result they wrote in an onl. ,1
march 31 2020 the fda says hospitals may get creative if they get overwhelmed with covid-19 patients who need lifesaving ventilators. agency officials on friday issued an emergency use authorization that lets doctors consider attaching the breathing machines to more than one person at a time. the fda also says devices like anesthesia gas machines may be modified so they can be used as ventilators. the new york times reports that one new york city medical center -- new york presbyterian --. ,1
march 31 2020 johnson johnson said monday that human clinical trials for a covid-19 vaccine it has developed will start by september. there is no approved vaccine for covid-19 and no treatment for the disease. if the trial starts as planned it will be the second one testing for a potential vaccine. in march the national institutes of health started a phase 1 trial for a vaccine called mrna-1273. it was developed by federal scientists and the biotechnology company moderna inc. phase 1. ,1
"march 30 2020 -- companies around the world are giving out free food services and products to health care workers who are risking their own lives to help others through the coronavirus pandemic. starbucks is offering all front line responders a free tall brewed coffee hot or iced through may 3. the starbucks foundation will also donate 500,000 to organizations supporting health care workers. krispy kreme is offering anyone in the medical community a dozen doughnuts free of charge every. ",1
monday march 30 2020 healthday news -- a small study out of china bolsters the notion that transfusing the antibody enriched blood of people who 've survived covid-19 could help patients still fighting for their lives against the disease. the study of five critically ill patients from near the initial epicenter of the novel coronavirus pandemic found that all five patients survived covid-19 following the transfusion. if the findings are replicated in larger trials widespread use of the tre. ,1
monday march 30 2020 healthday news -- an international team has designed a computer program that predicts with up to 80 accuracy which covid-19 patients will develop serious respiratory disease. developed by u.s. and chinese researchers the artificial intelligence ai program has been tested at two hospitals in china with 53 patients who were diagnosed in january with covid-19. the new tool is considered experimental and is now in testing. the aim is to help doctors make the best use o. ,1
march 30 2020 -- duke university researchers have found a way to clean n95 respirator masks so they can be safely re used. health care workers rely on the masks for protection while working with coronavirus patients but there 's a shortage of the masks cnn reported. researchers at the duke regional biocontainment laboratory found that vaporized hydrogen peroxide kills germs on the masks after they 're worn. this method has long been used to decontaminate equipment wayne thomann director em. ,1
"march 30 2020 -- coronavirus has been confirmed in 66 residents of a maryland nursing home and 11 of them have been hospitalized local officials said sunday. they said one resident died on saturday night. he was a man in his 90s with underlying health problems cbs news reported. the cases at the 104-bed pleasant view nursing home in mount airy increased maryland 's total number of confirmed infections to more than 1,200 on the weekend. the nursing home is about 40 miles outside washington. ",1
"march 30 2020 -- the first u.s. army field hospital for civilian patients opened in new york city monday and could be the first of many across the nation as it struggles with the coronavirus pandemic. the field hospital at the javits convention center in manhattan is meant to free hospitals in the city to boost their fight against the new coronavirus cbs news reported. initially the field hospital will have about 1,000 beds expanding to 3,000 beds by next week. it could provide a template. ",1
march 30 2020 -- in an hour long benefit concert to raise money for people affected by the coronavirus pandemic musicians including mariah carey billie eilish alicia keys and dave grohl performed from their homes. elton john hosted and also sang on the special that was broadcast sunday on fox and iheartmedia radio stations and also honored health care workers and first responders the associated press reported. john said he he hoped this entertainment will feed and fuel your soul. keys. ,1
march 30 2020 -- when polly connell found out her grandchildren 's boston schools were closing over concern about the growing number of covid-19 cases her reaction was instant and well grandmotherly. i 'll just come connell told her son john. she was ready to make the 200-mile drive to boston immediately to watch her two grandkids there. but her son in what she says is the first instance of role reversal shut her down quickly. he said no you 're not you 're not coming mom she re. ,1
monday march 30 2020 healthday news -- amid a shortage of face masks for medical personnel fighting covid-19 two studies show that disposable n95 masks can be sterilized and re used. a nationwide mask shortage has put health care workers and patients at risk but the new findings may offer ways to ease that shortage. researchers at university of massachusetts umass amherst report that an n95 mask sterilized with hydrogen peroxide blocked infectious particles as effectively as a new mask. ,1
monday march 30 2020 healthday news -- faced with a looming shortage of lifesaving ventilators u.s. hospitals are scrambling for solutions and planning for the worst. intensive care units at besieged hospitals in new york and other cities are taking an all hands on deck approach -- recruiting doctors from various specialties to help handle the influx of severely ill covid-19 patients. they are also finding ways to fill another crucial gap a limited supply of ventilators machines that. ,1
what your doctor is reading on medscape.com march 30 2020 -- in a physician whatsapp group a doctor posted he had fever of 101 f and muscle ache gently confessing that it felt like his typical man flu which heals with rest and scotch. nevertheless he worried that he had coronavirus. when the reverse transcription polymerase chain reaction rt pcr for the virus on his nasal swab came back negative he jubilantly announced his relief. like twitter in whatsapp emotions quickly outstrip. ,1
what your doctor is reading on medscape.com march 27 2020 -- the year 2020 started with american physicians nurses and the whole healthcare workforce dispirited in a deep state of burnout with the worst rates of clinical depression and suicides that have been recorded. indeed this was not confined to the united states a global epidemic of burnout had been diagnosed. but things were about to get considerably worse for the healthcare workforce. in december 2019 an epidemic of pneumonia. ,1
what your doctor is reading on medscape.com march 30 2020 -- the centers for medicare and medicaid services cms is expanding a program of accelerated and advance provider payments normally used during natural disasters to supplement the cash flow of medicare participating healthcare providers and suppliers during the covid-19 pandemic. the program expansion was made possible by the recently enacted 2.2 trillion federal rescue package known as the coronavirus aid relief and economic secur. ,1
what your doctor is reading on medscape.com march 30 2020 -- a controversial study led by didier raoult md phd on the combination of hydroxychloroquine and azithromycin in patients with covid-19 was published on march 20 as reported by medscape medical news. the latest results from the same marseille team which involve 80 patients were reported on march 27. the investigators report a significant reduction in the viral load 83 patients had negative results on quantitative polymerase c. ,1
what your doctor is reading on medscape.com march 30 2020 -- the guideline on coronavirus disease covid-19 infection control during pregnancy and puerperium was released on march 11 2020 by the international society of ultrasound in obstetrics and gynecology.[1 during the covid-19 epidemic period a detailed history regarding recent travel occupation significant contact and cluster tocc and clinical manifestations should be acquired routinely from all pregnant women attending for rou. ,1
what your doctor is reading on medscape.com march 30 2020 -- the chinese society of cardiology csc has issued a consensus statement on the management of cardiac emergencies during the covid-19 pandemic. the document first appeared in the chinese journal of cardiology and a translated version was published online on march 27 in circulation. the consensus statement was developed by 125 medical experts in the fields of cardiovascular disease and infectious disease. this included 23 experts. ,1
what your doctor is reading on medscape.com march 30 2020 -- the guidelines on infection control and prevention of covid-19 in nursing homes were released on march 13 2020 by the centers for medicare medicaid services cms).[1 nursing home staff members should regularly monitor the centers for disease control and prevention cdc website for information and resources and should contact their local health department if they have questions or suspect a resident of a nursing home has covid. ,1
what your doctor is reading on medscape.com march 30 2020 -- covid-19 is affecting all aspects of healthcare and has even led the centers for disease control and prevention cdc to take the unprecedented step of introducing a new code outside of its usual time cycle which negates the code introduced just weeks ago. usually new icd codes are introduced to healthcare after months of deliberation and as a set of dozens of new codes. but the coronavirus is proving to be anything but usual fo. ,1
march 26 2020 -- social distancing measures such as closing restaurants bars and other nonessential businesses is slowing the spread of thre coronavirus in the united states early evidence suggests. data show that the number of people with fever that 's an early indication of coronavirus infection started falling almost immediately after social distancing measures took effect in some areas usa today reported. the findings are from health technology company kinsa which analyzed fever readin. ,1
march 26 2020 -- coronaviruses similar to the pandemic causing sars cov-2 coronavirus have been found in pangolins that were smuggled into china researchers report. evidence suggests that bats may be the likely reservoir for sars cov-2 but intermediate host animals that could have led to the transfer of this virus into humans remain unknown. pangolins are considered a possible intermediate host animal because they 're the most widely illegally trafficked mammal -- for use as food and in east. ,1
"march 26 2020 -- following severe criticism gilead sciences is backing off special designation of its antiviral drug remdesivir -- which shows promise against the coronavirus -- that would have allowed the company to block competition and increase its profits for the drug. gilead asked the u.s. food and drug administration to designate remdesivir a so called orphan drug saying it qualified as a rare disease because fewer than 200,000 americans are infected with the coronavirus and the fda g. ",1
march 27 2020 covid-19 will likely become seasonal said anthony fauci md director of the nih 's national institute on allergy and infectious diseases and a member of the white house coronavirus task force. tracking has revealed that cases are appearing in the southern hemisphere as they go into their winter season. if they have a substantial outbreak we need to prepare for a second time. it emphasizes the need to do what we are doing. it also underscores the need to develop a vaccine a. ,1
march 26 2020 -- even as spring breakers continued to party on florida beaches stories popped up across the internet over the last week about the new coronavirus infecting more and more young people despite the conventional wisdom that seniors and the elderly were most at risk. stories about people like david lat 44 a lawyer and legal blogger lying struggling to breathe at nyu langone medical center. i ve never been this sick in my entire life he told law.com which says he was healthy. ,1
thursday march 26 2020 healthday news -- the new coronavirus may be a respiratory bug but it 's becoming clear that some severely ill patients sustain heart damage. and it may substantially raise their risk of death doctors in china are reporting. they found that among 416 patients hospitalized for severe covid-19 infections almost 20 developed damage to the heart muscle. more than half of those patients died. doctors in china have already warned that heart injuries appear common in cov. ,1
what your doctor is reading on medscape.com march 26 2020 -- a significant proportion of healthcare workers treating patients exposed to covid-19 have symptoms of depression anxiety and insomnia new research shows. in a survey of more than 1200 healthcare workers in china about 50 reported at least mild depression 14 of physicians and nearly 16 of nurses reported moderate or severe depressive symptoms and about 34 reported insomnia. those at greatest risk for depressive and anxiety. ,1
what your doctor is reading on medscape.com march 26 2020 -- there is a risk for transmission of severe acute respiratory syndrome coronavirus 2 sars cov-2 the virus that causes covid-19 through fecal microbiota transplants fmts. additional safety measures are needed to reduce the risk the us food and drug administration fda says in a safety alert. recent studies have found sars cov-2 rna and/or sars cov-2 virus in stool of infected individuals suggesting the virus may be transmitt. ,1
what your doctor is reading on medscape.com march 26 2020 -- in the wake of the coronavirus pandemic the rules and regulations governing telepsychiatry services have changed dramatically the most radical of which is the introduction of a new waiver by the centers for medicare medicaid services cms. under the 1135 emergency waiver medicare has expanded telehealth services to include patients across the country not just in rural areas or under other limited conditions as was previous. ,1
what your doctor is reading on medscape.com march 26 2020 -- like all healthcare workers dealing with the covid-19 pandemic neurologists are having to learn about the disease 's various manifestations and complications while simultaneously implementing necessary but highly disruptive new policies at their practices and universities. medscape recently spoke with central nervous system infection specialist and chair of university of colorado 's neurology department dr kenneth tyler about what. ,1
what your doctor is reading on medscape.com march 26 2020 -- cancer surgeries may need to be delayed as hospitals are forced to allocate resources to a surge of covid-19 patients says the american college of surgeons as it issues a new set of recommendations in reaction to the crisis. most surgeons have already curtailed or have ceased to perform elective operations the acs notes and recommends that surgeons continue to do so in in order to preserve the necessary resources for care of cr. ,1
what your doctor is reading on medscape.com march 26 2020 -- reports from pediatric endocrinologists in covid-19 hotspots globally indicate that children adolescents and young adults with diabetes have so far not shown a different disease pattern with the virus compared to children and younger people who do not have diabetes. indeed colleagues in wuhan china and italy state they have not had cases of covid-19 in children adolescents or young adults 25 years of age with diabetes who. ,1
what your doctor is reading on medscape.com march 26 2020 -- as upper management patrolled the halls at one hospital in california telling staff they could be fired on the spot for wearing n95 masks brought from home one nurse asked to see the policy. the administrator told her that if she was going to wear one she needed a note from her doctor. one of my biggest concerns is the nontransparent way management is addressing these issues said the nurse who did not want to give her name. ,1
what your doctor is reading on medscape.com march 26 2020 -- covid-19 has had an effect on professional sports around the world that rivals that of world war ii and the seasons of all major sports in the united states ground to a halt after some players in the national basketball association tested positive for the virus. first came hand sanitizers at doorways. then the ban on journalists in locker rooms. then games with no spectators. and then there were no games no practices no gatheri. ,1
what your doctor is reading on medscape.com march 26 2020 -- it 's taken for granted that lower income countries learn regularly from high income countries. having lived and worked as a physician in nepal japan the united states and canada however i know that high income countries have much to learn from their lower income brethren as well. and now the covid-19 pandemic is providing a very tangible and palpable opportunity to observe this in real time. in high income countries we hear t. ,1
what your doctor is reading on medscape.com march 26 2020 -- efforts are underway to ease visa restrictions that are currently limiting what foreign physicians inside the united states can do and what foreign medical students who are barred from entering the country would be able to do help fight the covid-19 crisis. non us citizens who completed medical school outside the country and who last week matched into us residencies are now temporarily blocked under covid-19 restrictions from get. ,1
what your doctor is reading on medscape.com march 26 2020 -- rapid advice clinical practice guidelines for covid-19 were released in february 2020 by the zhongnan hospital of wuhan university novel coronavirus management and research team and the evidence based medicine chapter of china international exchange and promotive association for medical and health care cpam).[1 should symptoms such as fever or cough develop go to the hospital for diagnosis and treatment. if possible notify the. ,1
march 26 2020 -- on a sunny early spring day in woodside queens you d expect to hear the shouts of children at recess from a nearby school rumbling trucks making deliveries music blasting out of car windows. instead right now the only sound is the occasional wail of a siren another ambulance transporting another patient to one of the citys covid-19-crowded hospitals. elmhurst hospital the closest one lost 13 patients to covid in a single day. new york state and in particular new york. ,1
what your doctor is reading on medscape.com march 26 2020 -- we are in the midst of a pandemic. yet cardiologists outside the hot geographical zones probably have not yet had direct encounters with hospitalized patients with confirmed coronavirus disease of 2019 covid-19. however the surge is coming and we will soon see many of them. most of our current knowledge is limited to the experience from china. the cardiovascular cv manifestations directly related to covid-19 include myocardit. ,1
what your doctor is reading on medscape.com march 26 2020 -- here are the coronavirus stories medscape 's editors around the globe think you need to know about today in late february seattle area hospitalist david baker md treated several patients from an assisted living facility who had been admitted with a puzzlingly severe viral pneumonia that was n't influenza. the call to notify him that two of the patients tested positive for covid-19 caught him by surprise. now baker and other hosp. ,1
what your doctor is reading on medscape.com march 26 2020 -- the us food and drug administration fda has approved ozanimod zeposia bristol myers squibb for adults with relapsing forms of multiple sclerosis rms although the company says it will delay launch of the drug because of the ongoing covid-19 pandemic. ozanimod is an oral once daily immunomodulator that selectively targets sphingosine 1-phosphate 1 s1p and five receptors. it 's the first s1p receptor modulator approved by the. ,1
what your doctor is reading on medscape.com march 23 2020 -- innovative workarounds by hospitals and clinicians are evolving amid the race to stay ahead of dwindling supplies as resource demands soar in the covid-19 crisis. in a jama interview reported on by medscape medical news kaiser permanente 's covid-19 response chief stephen parodi md said baby monitors are being used in rooms with covid-19 patients to reduce coming and going by healthcare providers and to preserve personal protect. ,1
what your doctor is reading on medscape.com march 23 2020 -- the american heart association aha has issued interim guidance for cpr and emergency cardiovascular care for patients with known or suspected coronavirus covid-19 infection to help reduce the risk for transmission of sars cov-2 the virus that causes covid-19. health care providers need to focus on helping people during this challenging time and the american heart association is doing everything it can to make it easier comi. ,1
what your doctor is reading on medscape.com march 23 2020 -- here are the latest coronavirus stories medscape 's editors around the globe think you need to know about today clinicians are developing innovative workarounds to standard practice in the face of shortages of vital equipment such as personal protective equipment ppe. to save ppe sets one advanced practice nurse at a hospital in washington state proposed moving intravenous pumps outside of covid-19 patients rooms after noticing. ,1
what your doctor is reading on medscape.com march 23 2020 -- the american academy of ophthalmology aao has updated covid-19 guidance for ophthalmologists and other eyecare providers to help further reduce the spread of the novel coronavirus sars cov-2 within communities. the academy 's board of trustees met on march 18 and at that meeting voted unanimously to strongly urge all ophthalmologists and other eye care providers against operating on individuals for routine or elective cases and f. ,1
what your doctor is reading on medscape.com march 23 2020 -- the centers for disease control and prevention cdc has issued interim guidance for the coronavirus disease 2019 covid-19 outbreak including evaluation and testing of persons under investigation puis for covid-19.[1 criteria to guide evaluation and testing of patients under investigation for covid-19 clinicians should work with state and local health departments to coordinate testing. the fda has authorized covid-19 diagnos. ,1
what your doctor is reading on medscape.com march 23 2020 -- two months after the first patient with covid-19 was identified in china the first case was reported in the united states in the seattle washington metropolitan area. seattle rapidly became the first us epicenter for covid-19 and local experts are now offering their expertise and advice on how to provide optimal cancer care during the pandemic in a special feature published online march 20 in the journal of the national compreh. ,1
what your doctor is reading on medscape.com march 25 2020 -- a new ruling will change the way many doctors see patients at least during the covid-19 crisis. a number of states have already taken steps to waive their requirement that a physician be licensed in the state in order to provide care to patients. california and florida are among the states that have done so through their respective declarations of statewide emergency. more states are sure to follow. the waiving of state licen. ,1
what your doctor is reading on medscape.com march 25 2020 -- in normal times i write a preview the week before a major cardiology meeting. these are not normal times. the coronavirus pandemic consumes everyone 's attention. as a virus sars cov2 is nearly perfect. it does not often kill its hosts. the terrifying part for us is its capricious ability to cause pneumonia and death. while the data try to tell a reassuring storya 1 case fatality rate seems lowthe absolute numbers of deaths pl. ,1
what your doctor is reading on medscape.com march 25 2020 -- new york university has decided to allow medical students the opportunity to graduate early. such a move may end up being a model for other institutions that are seeking to increase staffing amid the coronavirus pandemic a researcher said. it 's definitely a positive move said patricia pittman phd a professor at george washington university 's milken institute school of public health. a website led by specialists in emergency. ,1
what your doctor is reading on medscape.com march 25 2020 -- in an observational study from wuhan china cardiac injury was seen in 19.7 of patients with confirmed coronavirus disease 2019 covid-19 and was an independent predictor of in hospital mortality. mortality among patients with cardiac injury was 51.2 compared with 4.5 among those without cardiac injury p .001. in a cox regression model patients with cardiac injury vs without had more than a fourfold increased risk for. ,1
what your doctor is reading on medscape.com march 25 2020 -- the world has changed for telemedicine. a couple of months ago only a very small percentage of physicians used video visits. some were not interested while others were apprehensive about navigating the complicated regulatory landscape. restrictive laws limited telemedicine use to rural areas specific locations where the patient could be during the visit and to patients located in states in which the physician has an active medi. ,1
march 25 2020 -- british genetic experts are keeping an eye out for possible changes to the genetic code of the virus that causes covid-19. the covid-19 uk genomics consortium a group of government and university scientists will work together to map the spread of covid-19. through a process called whole genome sequencing they 'll check to see if any new strains of the virus emerge. the consortium will gather lab test samples from people with covid-19 and send them to sequencing centers. ,1
"march 25 2020 more than 100 americans died monday from covid-19 the disease caused by the new coronavirus even as more cities and states order people to stay in their homes. there are now more than 46,000 confirmed cases in the u.s. and almost 600 deaths. new york continues to be the hardest hit with almost 200 deaths and more than 20,000 cases. there is some good news in the data from overnight as johns hopkins university reports that more than 100,000 worldwide have now recovered fro. ",1
rather than open the entire country at once he proposed perhaps opening sections at a time lifting restrictions first in those areas not as hard hit. he mentioned the farm belt and big sections of texas. with input from public health experts trump said we are working to develop a sophisticated plan to reopen the economy. march 25 2020 at a white house briefing tuesday on the coronavirus president donald trump reiterated his wish to re open the country and lift restrictions in a mat. ,1
wednesday march 25 2020 healthday news -- the new coronavirus poses a significant risk to people with parkinson 's disease and experts say they and their caregivers need to take precautions. people living with parkinson 's disease are at high risk if they contract covid-19 whether they are above age 50 or if they have young onset parkinson 's disease which occurs in people younger than 50 said dr. frederick southwick an infectious disease expert at the university of florida in gainesvil. ,1
wednesday march 25 2020 healthday news -- smokers and vapers who get covid-19 can probably expect a more severe infection health experts warn. many advisories have focused on the risk facing older people those with chronic conditions such as diabetes and people with compromised immune systems such as cancer patients. but doctors also caution that users of electronic cigarettes and tobacco are more in danger from the new coronavirus than the average healthy person. if you vape you 're. ,1
wednesday march 25 2020 healthday news -- social distancing has become the new normal with one third of americans now under stay at home orders due to the coronavirus pandemic but experts say that level of isolation can be hard on your health. we do n't know for sure what the long term health outcomes of widespread forced social isolation will be but given what we know about the effects of social isolation and stress on physical and mental health there is reason to be concerned said t. ,1
tuesday march 24 2020 kaiser news -- she knew it was nt a good idea and her daughter would disapprove. nonetheless barbara figge fox 79 recently went to four stores in princeton new jersey to shop for canned goods paper towels fresh fruit yogurt and other items. i was in panic mode said fox who admitted she s been feeling both agonizing fear and irrational impulsivity because of the coronavirus pandemic. susannah fox barbaras daughter had been warning her exceptionally heal. ,1
march 24 2020 -- couples across the country are being forced to change their wedding plans as the coronavirus -- and calls for social distancing -- spread yet some are finding an unseen benefit to the situation. one couple in south carolina teamed up with their florist to donate their wedding flowers after they had to delay their big day. we are beyond devastated that our wedding on saturday 3/21 had to be postponed keali scheider wrote on facebook. there are no words to describe this fe. ,1
tuesday march 24 2020 healthday news -- two new studies each suggest that dozens of drugs already approved for use in the united states may prove effective against the new coronavirus. repurposing these fda approved drugs could be a fast way to get treatment to patients who otherwise have no option explained the co author of one of the studies dr. hesham sadek. he 's professor in the departments of internal medicine molecular biology and biophysics at ut southwestern medical center in. ,1
march 24 2020 -- the university of tampa says at least five of its students have tested positive for coronavirus after spring break. last friday the university said a student who lives off campus tested positive for the virus. a day later the university confirmed that five students who traveled with a large group of students during spring break had tested positive cbs news reported. on march 17 the university moved all of its classes online but some students still had close contact with. ,1
march 24 2020 -- strong demand for medications that show promise as treatments for coronavirus have led to shortages of those drugs in the united states. the antiviral drug remedisivir is one of those medications. it 's made by california based gilead sciences which noted an exponential increase in compassionate use requests. this has flooded an emergency treatment access system cbs news reported. that overwhelming demand forced the company to put remdesivir on hold for compassionate use. ,1
thursday march 26 2020 healthday news -- many hospitals across the united states regularly operate with most of their beds taken by patients limiting their ability to handle a sudden influx of folks sick with covid-19 a new study reports. only about 1 of every 3 u.s. hospital beds is empty on any given day according to research from the urban institute funded by the robert wood johnson foundation. all indications show if the curve is not flattened hospitals across the country will no. ,1
wednesday march 25 2020 kaiser news -- several states are reporting only positive covid-19 test results from private labs a practice that paints a misleading picture of how fast the disease is spreading. maryland ohio and others are posting the numbers of new positive tests and deaths for instance but do nt report the negative results which would help show how many people were tested overall. this matters because it gives you a false sense of what is going on in a particular location. ,1
wednesday march 25 2020 kaiser news -- as a hospice nurse in seattle diane speer said giving out hugs to patients and family members was a routine part of home visits. but in the midst of the coronavirus pandemic she now tells family members to keep their distance. there s no touching hands or handshakes said speer who works for renton washington based providence st. joseph health. its time for a virtual hug. hundreds of thousands of health care workers like speer go into homes. ,1
march 25 2020 -- people across the country are using simple sidewalk chalk to create uplifting new works of art to express hope that this pandemic will soon be over and to give thanks to health care workers and first responders. after a statewide shelter in place order went into effect one woman in california asked her neighbors to draw a picture or write a message outside their home to lift each others spirits. dozens of households participated drawing elaborate works of art for their. ,1
wednesday march 25 2020 healthday news -- robots can provide significant help in the fight against coronavirus experts say. their uses include patient care such as telemedicine and decontamination logistics such as delivery and handling contaminated waste monitoring compliance with voluntary quarantines and helping people maintain social connections according to a paper published march 25 in the journal science robotics. already we have seen robots being deployed for disinfection. ,1
wednesday march 25 2020 healthday news -- early findings involving cancer patients from wuhan china -- the original epicenter of the covid-19 pandemic -- suggest that many contracted the coronavirus while undergoing treatment in the hospital. that could mean that this vulnerable population might need to discuss delaying cancer care to help minimize their odds of infection the study authors said. we propose that aggressive measures be undertaken to reduce frequency of hospital visits of. ,1
march 25 2020 -- senate leaders and the white house have reached agreement on a 2 trillion relief package to boost a u.s. economy reeling from the impact of the coronavirus pandemic congressional leaders said early wednesday. details have nt been officially released but the plan reportedly includes 150 billion to shore up the country 's struggling health care system. the largest chunk of that money -- about 100 billion -- will go to hospitals and other medical centers. the relief package. ,1
"march 25 2020 -- there 's been a dramatic increase in the rate of covid-19 cases new york gov. andrew cuomo said today. the rate of new infections is doubling about every 3 days. in a news conference cuomo said the change in the infection rate is not encouraging. he said one of his forecasters told him we were looking at a freight train coming across the country and we 're now looking at a bullet train. new york state had 25,665 confirmed cases of covid-19 the disease caused by the new c. ",1
access to a blood plasma treatment for seriously ill coronavirus patients has been made easier by the u.s. food and drug administration. the agency said tuesday that it 's facilitating access for patients with life threatening infections to receive injections of blood plasma taken from people who 've recovered after testing positive for the coronavirus and have antibodies to the virus cnn reported. the treatment is being tested in clinical trials by the state of new york gov. andrew cuomo sa. ,1
march 25 2020 -- malaysia is the world 's leading medical glove maker but its glove factories are operating with half their normal workforce at a time when there 's a critical need for medical gloves due to the coronavirus pandemic. all factories in malaysia were ordered to close as of march 18. those deemed essential must seek exemptions to reopen but to operate with only half their normal number of workers to reduce the risk of coronavirus transmission the associated press reported. the go. ,1
"march 25 2020 -- more than 3,900 accounts have been suspended by amazon for price gouging during the coronavirus pandemic and the company also pulled more than half a million offers of products. amazon strictly prohibits sellers from exploiting an emergency by charging excessively high prices on products and shipping the company said in a blog post monday cbs news reported. we have deployed a dedicated team that 's working continuously to identify and investigate unfairly priced products. ",1
what your doctor is reading on medscape.com march 25 2020 -- the controversy about whether angiotensin converting enzyme ace inhibitors and angiotensin receptor blockers arbs may increase susceptibility to the covid-19 virus infection continues unabated with new commentaries about this appearing almost daily. the issue has been widely covered in the consumer press leading to patient anxiety and uncertainty about whether to keep taking these medications. doctors report being inundated w. ,1
what your doctor is reading on medscape.com march 24 2020 -- with a growing number of state and regional directives to shelter in place because of the covid-19 pandemic it 's important clinicians pay close attention to the mental health of all patients but particularly the elderly. currently there are more than 50 million americans aged 65 years and older. physical distancing during this public health crisis is essential in preventing the spread of the virus but it can come at a high cost. ,1
"what your doctor is reading on medscape.com march 25 2020 -- in february 2020 the american college of cardiology acc released a clinical bulletin to address early cardiac implications of the current novel coronavirus epidemic covid-19 coronavirus disease 2019).[1,2 the guidance is based on case reports as well as provides information on the potential cardiac implications from analog viral respiratory pandemics and offers early clinical guidance given current covid-19 uncertainty. bec. ",1
what your doctor is reading on medscape.com march 25 2020 -- here are the coronavirus stories medscape 's editors around the globe think you need to know about today a hospitalist in indiana took to social media to plead for donations of n95 masks hoping to help local hospitals prepare for the pandemic to reach them. shortly afterward administrators from his hospital contacted the online forum 's moderator and the posts were removed he told mdedge news. administrators also warned him not p. ,1
what your doctor is reading on medscape.com march 25 2020 -- my wife is green through and through. she recycles. she buys no plastics and composts everything organic to the distress of our neighbors. she is the reason we bought a hybrid car. i can say confidently that our carbon footprint is de minimis. however it 's also true that despite my wife 's and my best efforts global warming is getting worse. i feel the same way about the state of mental health care in this country. the field of. ,1
march 25 2020 -- with more than 50 of the u.s. population living under stay at home restrictions companies that deliver food and household goods are inundated with orders. as they scramble to meet the demand you may wonder if ordering in puts you or the people making your deliveries at risk. for some workers at least the answer seems to be yes. the enormous flow of commerce may overwhelm companies abilities to protect their employees and subcontractors personal safety. reuters reported. ,1
march 25 2020 -- as painful as the last 9 days of social distancing have been disease modelers think americans may need to be at home much longer to truly flatten the curve of the covid-19 infection and avoid overwhelming the critical care capacity of u.s. hospitals. the new study which was posted tuesday on the preprint server medrxiv found that one time social distancing -- by itself -- does very little to reduce the burden on critical care beds and equipment. it might even cause infect. ,1
what your doctor is reading on medscape.com march xx 2020 -- wang weici md was going to miss her twin boys second birthday. she wanted to get home by february 17 but with wuhan china the epicenter of the worldwide coronavirus outbreak under lockdown since january 23 and wang unable to come home because of her work there were no candles no cake and no mom. as wuhan faces a critical need for clinicians to fight the ongoing coronavirus outbreak wang is one of the physicians at the fr. ,1
what your doctor is reading on medscape.com march 11 2020 -- with coronavirus disease covid-19 reaching epidemic proportions many us children are growing increasingly anxious about what this means for their own health and safety and that of their friends and family. the constantly changing numbers of people affected by the virus and the evolving situation mean daily life for many children is affected in some way with school trips sports tournaments and family vacations being postponed. ,1
what your doctor is reading on medscape.com march 11 2020 -- fecal oral transmission may be part of the covid-19 clinical picture according to two reports published in gastroenterology. the researchers find that rna and proteins from sars cov-2 the viral cause of covid-19 are shed in feces early in infection and persist after respiratory symptoms abate. but the discovery is preliminary. there is evidence of the virus in stool but not evidence of infectious virus david a. johnson md. ,1
what your doctor is reading on medscape.com march 11 2020 boston -- in the world of ralph baric phd not much is a coincidence. so he perked up when he saw that sars cov-2 the virus that causes covid-19 illness enters the lungs through ace2 receptors and that people with hypertension have worse outcomes than those with any other underlying condition. i 've thought it needed to be explored in more detail for quite a while said baric a professor of epidemiology microbiology and immu. ,1
what your doctor is reading on medscape.com march 11 2020 -- when the severe acute respiratory syndrome sars struck in 2003 2004 approximately 20 of infections overall occurred in frontline healthcare workers. in greater toronto the north american epicenter of the outbreak that number more than doubled to 43 and two nurses and a physician died. that represented a double blow for the infected professionals themselves and for the patients whose care suffered while the essential ser. ,1
editor 's note for the latest updates on the 2020 coronavirus outbreak see our news coverage. march 10 2020 -- the lack of universal health care and sick time benefits may make americans more vulnerable to the new coronavirus than they should be a growing chorus of experts warns. without paid sick leave people may drag themselves to work when ill. and people without insurance may be discouraged from getting tested for the virus and perhaps eventually from treatment if they worry about t. ,1
covid-19 is a respiratory condition caused by a coronavirus. some people are infected but do nt notice any symptoms. most people will have mild symptoms and get better on their own. but about 1 in 6 will have severe problems such as trouble breathing. the odds of more serious symptoms are higher if you re older or have another health condition like diabetes or heart disease. heres what to look for if you think you might have covid-19. researchers in china found that the most common symptoms a. ,1
march 10 2020 --although a 14-day quarantine after exposure to the new coronavirus is well supported by evidence some infected people will not show symptoms until after that period according to authors of a recent analysis published in annals of internal medicine. most people who have covid-19 the disease caused by the new coronavirus will get symptoms by day 12 of the infection which is within the 14-day period of quarantine the cdc recommends the authors wrote. but about 101 out of. ,1
editor 's note for the latest updates on the 2020 coronavirus outbreak see our news coverage. march 9 2020 -- johnny jet discala a veteran travel blogger and influencer based in los angeles decided to celebrate turning 50 by splurging on an 8-day around the world trip. he d planned to meet his best friend in europe last month and they d fly together to singapore then go on to bangkok and hong kong for a few days before returning to the u.s. they had already bought nonrefundable busines. ,1
what your doctor is reading on medscape.com march 09 2020 -- shanghai dr nathanael goldman is a paediatrician from belgium who has been working in shanghai china for many years where he consults for the private medical group parkway pantai ltd. solated from his family having left brussels several weeks ago he agreed to share with medscape'sfrenchedition his experiences of the covid-19 epidemic and expresses concerns over the delay in europe in limiting the spread of the virus. what h. ,1
what your doctor is reading on medscape.com march 9 2020 -- the endocrine society has canceled its annual scientific meeting because of concerns about the novel coronavirus. the conference was scheduled to take place march 28 31 in san francisco. the announcement comes the same day as the american college of cardiology world congress of cardiology joint conference scheduled for march 27 30 in chicago was also canceled. this is an unprecedented public health emergency that is clearly impa. ,1
what your doctor is reading on medscape.com march 9 2020 -- the american college of cardiology acc annual scientific sessions set to take place march 27 30 in chicago in conjunction with the world congress of cardiology acc.20 wcc has been canceled. only last week acc reported that the meeting would go on despite the coronavirus outbreak. the college changed its mind following recent updates and recommendations from the centers for disease control and prevention world health organiza. ,1
what your doctor is reading on medscape.com march 9 2020 -- joining a rapidly expanding list of canceled medical congresses the european heart rhythm association ehra today announced that it has canceled its annual meeting scheduled for march 29 31 in vienna. i am very sad to inform you that ehra 2020 the scientific congress of the european heart rhythm association ... will not proceed as planned ehra president hein heidbuchel md phd announced online to prospective attendees. becaus. ,1
what your doctor is reading on medscape.com updated march 18 2020 -- at least 50 medical conferences have been canceled or postponed as covid-19 continues to cause chaos globally. the great majority of meetings that have changed status were scheduled to take place in march and april. however our list includes two conferences originally scheduled for may arvo and eso wso. medscape 's editors will continue to update this list daily into may as needed. the most recently canceled conferences i. ,1
what your doctor is reading on medscape.com march 9 2020 boston -- every morning jeanne marrazzo md from the university of alabama at birmingham zooms in on the number of new covid-19 cases around the world in the country in the south in alabama and in birmingham. so far the number of cases in the united states has risen as has the death toll. although no cases have been reported in alabama they have been reported in two neighboring states georgia and florida. marrazzo works cl. ,1
what your doctor is reading on medscape.com march 9 2020 -- patients who did not survive hospitalization for covid-19 in wuhan were more likely to be older have comorbidities and elevated d dimer according to the first study to examine risk factors associated with death among adults hospitalized with covid-19. older age showing signs of sepsis on admission underlying diseases like high blood pressure and diabetes and the prolonged use of noninvasive ventilation were important factors. ,1
monday march 9 2020 healthday news -- wash your hands. do n't touch your face. do n't grab that door handle. put the toilet seat lid down before you flush. covid-19 has prompted a mountain of advice about how to protect yourself against coronavirus infection and now a trio of studies of infected patients offer very encouraging news on what works. the bad news first -- people infected with the new coronavirus appear to shed it everywhere. the virus was found all over the hospital rooms of t. ,1
march 6 2020 -- the single most important piece of advice health experts can give to help us stay safe from covid-19 is this one wash your hands. in the final analysis its the hands. the hands are the connecting piece says elizabeth scott phd. scott co directs the center for hygiene and health in home and community at simmons university in boston. you ca nt necessarily control what you touch. you ca nt control who else touched it. but you can look after your own hands she says. han. ,1
march 20 2020 -- an antiviral drug combination tested as a treatment for the coronavirus was ineffective researchers say. the study of kaletra a combination of the antiviral medicines lopinavir and ritonavir included 199 adults ages 48 to 68 in china who were hospitalized and severely ill the new york times reported. no benefit was observed wrote the authors of the study in the new england journal of medicine. the two antiviral drugs are normally used to treat hiv. while the study. ,1
march 20 2020 -- a record one day spike of 48 coronavirus cases occurred friday in hong kong as thousands of people returned to the city this week ahead of widening travel restrictions. in response to the sudden surge of cases officials announced new quarantine measures that require anyone arriving from abroad to self isolate for 14 days the washington post reported. the 48 cases represent about a quarter of all cases previously recorded in hong kong which now as more than 250 confirmed in. ,1
friday march 20 2020 healthday news -- schools are closing. sports and other activities have been cancelled. everything is changing. in the midst of this chaos how do parents keep kids from stressing too much. for families this is truly now hitting home said psychologist robin gurwitch from duke university and the center for child and family health in durham n.c. families now need to think about how to manage having children at home for extended periods of time. first families ne. ,1
with a pandemic of new coronavirus cases looming it 's probably time to postpone elective surgery if you can a surgeons group says. in a statement the american college of surgeons acs noted that as cases of severe covid-19 requiring hospitalization rise u.s. health care infrastructure and resources could be pushed to their limits. therefore each hospital health system and surgeon should thoughtfully review all scheduled elective procedures with a plan to minimize postpone or cancel e. ,1
what your doctor is reading on medscape.com updated march 19 2020 this story has been updated to clarify the study findings //. patients with gastrointestinal gi symptoms who were admitted to the hospital and were diagnosed with covid-19 were more likely to have severe disease than patients who did not have gi symptoms according to findings published march 18 in the american journal of gastroenterology. however the unexpectedly large proportion is due in part to the inclusion of anorexi. ,1
thursday march 19 2020 kaiser news -- as covid-19 cases spread across the nation disrupting daily routines for the living growing numbers of u.s. businesses and families are changing how they deal with the dead. funeral homes already well versed in ways to prevent disease are implementing even stricter protocols to handle bodies infected with the novel coronavirus. families of people who die from any cause not just covid-19 are being asked to scale back how they memorialize their l. ,1
march 19 2020 -- as senior living homes across the country go on lockdown to prevent the spread of coronavirus people are finding new ways to connect with their loved ones and lift their spirits. one man is going viral online after serenading his 86-year old mother and her neighbors outside their building in tennessee. harmony at brentwood shared photos on facebook of its residents enjoying the special concert from their balconies and rooms. the musician who tennessean.com identified as da. ,1
what your doctor is reading on medscape.com march 19 2020 -- covid-19 may be the dominant public health concern at present but the flu is still a dire threat. influenza related hospitalization rates are the highest on record for children younger than 5 years and adults aged 18 to 49 years according to the latest report from the centers for disease control and prevention cdc. these rates exceed even those seen during the 2009 h1n1 pandemic. hospitalization rates for children aged 5 to 17. ,1
what your doctor is reading on medscape.com march 19 2020 -- two widely assayed cardiac biomarkers are often elevated in patients with coronavirus infection covid-19 for reasons that are still poorly understood but tests for them should n't be ordered except for standard clinical reasons. that means assays for troponins and natriuretic peptides should be obtained only for such patients who have clinical signs of acute myocardial infarction mi or heart failure respectively. those are t. ,1
what your doctor is reading on medscape.com march 19 2020 boston -- an infectious disease doctor who traveled to boston to help coordinate the conference on retroviruses and opportunistic infections croi 2020 which went virtual to help minimize the spread of covid-19 is in home isolation after being diagnosed with the virus. it 's an ironic twist michael saag md from the university of alabama at birmingham tweeted on tuesday night. before his diagnosis he was already in self quar. ,1
what your doctor is reading on medscape.com march 19 2020 -- here are the latest coronavirus stories medscape 's editors around the globe think you need to know about today in an ironic twist an infectious disease physician who traveled to boston to help coordinate the turned virtual conference on retroviruses and opportunistic infections croi 2020 is now in home isolation after being diagnosed with covid-19. new data from the cdc suggest that adults of all ages can suffer severe covid. ,1
what your doctor is reading on medscape.com march 19 2020 -- stephen m. schwartz md phd a pioneer in the field of vascular biology and a longtime professor of pathology at the university of washington uw school of medicine seattle died march 17 after being hospitalized with covid-19. he was 78. this has become all too real uw president ana mari cauce said on facebook where she described schwartz as larger than life and superimposed a photo of him in front of mount rainier acco. ,1
"what your doctor is reading on medscape.com editor 's note an earlier version of this story misstated the age range for covid-19 deaths. the headline of this story was corrected to read 20 of covid-19 deaths were aged 20 64 years and the text was adjusted to reflect the correct age range. march 20 2020 -- a review of more than 4,000 u.s. patients who were diagnosed with novel coronavirus infection covid-19 shows that an unexpected 20 of deaths occurred among adults aged 20 64 years an. ",1
thursday march 19 2020 healthday news -- diarrhea and other digestive symptoms are the main complaint in nearly half of coronavirus patients chinese researchers report. most patients with the coronavirus have respiratory symptoms but these findings from the early stages of the outbreak show that digestive problems are prevalent in many patients with covid-19. clinicians must bear in mind that digestive symptoms such as diarrhea may be a presenting feature of covid-19 and that the ind. ,1
thursday march 19 2020 healthday news -- a new study on the evolving coronavirus crisis brings good news a death rate that 's much lower than prior estimates. the report out of china now sets the overall death rate in symptomatic cases from covid-19 disease at 1.4 -- much lower than the 3.4 death rate supplied earlier in the pandemic by the world health organization who. that puts the covid-19 death rate significantly below that of the 1918 spanish flu pandemic the report 's authors sa. ,1
march 19 2020 -- for almost 5 decades funeral director harry greer 74 has ushered families through loss and grief in the san francisco bay area town of alameda ca. but the coronavirus pandemic has roiled his business. recently two families postponed funerals until may. then this week a third family canceled at the last minute the funeral only days away. the reason. on monday march 16 alamedans received a startling notice on their cellphones. in a bid to slow the spread of the new coro. ,1
march 19 2020 -- representatives mario diaz balart r florida and ben mcadams d utah each announced wednesday they have tested positive for covid-19. they re the first members of congress to receive an official diagnosis. diaz balart 58 had been self quarantined in washington d.c. since voting friday march 13 his office said in a news release. the next day he had a fever and a headache. on wednesday he was told of the positive test result. he remains isolated in washington. i want. ,1
march 19 2020 -- supermarkets discount stores and big box retailers across the country are adjusting their hours and approach in response to the covid-19 pandemic. many have begun to offer dedicated shopping hours to seniors and those with health conditions that make them particularly vulnerable. large national chains including wal mart and target have set aside 1 hour each week. dollar general and whole foods are dedicating the first hour of every shopping day. several large regional chain. ,1
"march 19 2020 -- while seniors are at greatest risk for serious illness from the coronavirus nearly 1 in 4 hospitalized patients in the united states are young and middle aged adults the centers for disease control and prevention says. the study of nearly 2,500 cases in the u.s. found that -- as in other countries -- people in their 70s 80s and 90s have the highest risk of serious illness and death the new york times reported. but the cdc researchers also found that of the 508 known hospi. ",1
wednesday march 18 2020 healthday news -- even if you 're stuck at home waiting for the coronavirus all clear you can still keep a healthy lifestyle. prevention is key in limiting the spread of coronavirus and with more people working remotely or limiting their exposure to crowds it 's important to maintain healthy habits at home said dr. eduardo sanchez chief medical officer for prevention at the american heart association aha. wash your hands often and stay home when you feel sic. ,1
thursday march 19 2020 healthday news -- if you have asthma you are among those at greatest risk in the coronavirus pandemic and must take precautions the american college of allergy asthma and immunology acaai says. it 's important to keep your asthma well controlled so continue your medications. no asthma medications -- including inhaled corticosteroids and biologics -- have been shown to increase the risk of getting covid-19 according to the acaai. and the group added if you do. ,1
"thursday march 19 2020 healthday news -- president donald trump signed an 850 billion coronavirus relief package into law late wednesday as the number of u.s. cases climbed to 9,000. the package will provide sick leave unemployment benefits and free coronavirus testing. even as the legislation became law the drafting of 1 trillion economic stabilization package is also already underway. that package would send 500 billion in direct payments to taxpayers and provide loans to businesse. ",1
march 17 2020 -- a warning from french health officials suggests that grave adverse events have been reported with the use of nonsteroidal anti inflammatory drugs nsaids such as ibuprofen in people with covid-19 and they recommend treatment instead with acetaminophen. but many doctors particularly outside of france reacted on social networks saying there is nt enough evidence for such a recommendation. the spanish ministry of health stated on sunday that there is no evidence that ibupr. ,1
march 18 2020 -- twelve residents of a new orleans retirement home have the coronavirus and one has died. the 84-year old male resident of the lambeth house retirement home was the third person in louisiana to die from the new coronavirus the associated press reported. the coronavirus is spreading much faster in new orleans than in other u.s. cities according to dr. jennifer avegno head of the city health department. this is a rapidly changing situation she said the ap reported. ther. ,1
march 18 2020 -- medicare is expanding coverage for telemedicine nationwide so that millions of american seniors can get health care at home and avoid the coronavirus officials said tuesday. seniors and people with underlying health problems such as lung conditions diabetes or heart problems have a greater risk of serious illness from the coronavirus the associated press reported. providers will be allowed to use everyday technologies to talk to telehealth patients more telehealth servic. ,1
"march 20 2020 covid-19 the disease caused by the new coronavirus continues to spread rapidly throughout the world. here is the latest headline. a new study from the italian national health authority reports that more than 99 of those who have died from the coronavirus there had other medical problems. however the study only looked at the backgrounds of 18 of the nearly 3,000 people who have died which means of the estimated 536 cases investigated 531 had a pre existing condition. ita. ",1
"march 20 2020 covid-19 the disease caused by the new coronavirus continues to spread rapidly throughout the world. here is the latest headline. italy now has more deaths from the new coronavirus than any other country. on thursday italian officials announced that 475 citizens there have died from the virus in just one day raising the total number of deaths to 3,405. that surpasses the 3,250 deaths reported in china. in all italy now has 41,035 total cases second only to china 's 81,23. ",1
march 20 200 -- california was first but now the entire state of illinois will be on a shelter in place order beginning monday. gov. j.b. pritzker 's order expected to be finalized friday afternoon will require all illinois residents to remain at home except to go the grocery story get case take walks and go to the drug store. there are at least 400 cases of coronavirus and four deaths in illinois. pritzker 's actions follow those of california gov. gavin newsom who issued a statewide s. ,1
march 20 2020 -- pandemics such as the new coronavirus outbreak can breed anxiety and fear as shown by hoarding shoppers with overflowing carts and long lines of tense people outside gun and ammo shops. but they can also fuel kindness with neighbors helping neighbors and complete strangers lending a hand to those in need. when jeff kaplan 58 began working from home in mid march instead of going to the office for his software sales job he decided he needed to repurpose his commute time t. ,1
"about one third of the worlds new cases and deaths since friday happened here at home. coronavirus complicated the response to deadly tornadoes in the south yesterday. and new threats are emerging to the food supply chain. heres what happened this weekend in the u.s. and elsewhere the weekend brought another 260,000 confirmed cases and 18,000 deaths worldwide bringing the total to more than 1,860,000 cases and 115,000 deaths. almost 100,000 of the new cases were in the u.s. where we n. ",1
"a tracker lets you see how your nearest metro area is faring doctors are bucking medical protocol to treat the virus and russia may be facing a major outbreak. get the latest on what s happening in the u.s. and around the world the world is closing in on 2 million confirmed cases with more than 120,000 deaths and 465,000 recoveries. the u.s. has more than 580,000 cases and almost 24,000 deaths with 44,000 recoveries. the new york metropolitan area remains the epicenter of the outbreak i. ",1
"governors the cdc and fema are all making plans to re open the country safely. we may need to practice social distancing until 2022. and some lucky people describe what its like to recover from covid-19. heres what s happening in the u.s. and around the world this morning today well pass 2 million confirmed cases worldwide. so far there have been 128,000 deaths and more than half a million recoveries. in the u.s. we ve had 610,000 confirmed cases and 26,000 deaths with 50,000 recoverie. ",1
"how different states count their covid-19 casualties. how coronavirus emptied out one college town. and how four countries seem to have kept the virus in check. heres the latest on the virus in the u.s. and worldwide as of this morning the world has close to 2.1 million confirmed cases and 138,000 deaths. more than 520,000 have recovered. here at home we ve had 640,000 confirmed cases 31,000 deaths and 53,000 recovered. if someone dies with coronavirus does that mean they died of coro. ",1
"nationwide social distancing is extended through april 30 new orleans emerges as a new hotspot and both wuhan and seattle show signs of improvement. heres what happened over the weekend and so far today as of this morning 732,000 cases of covid-19 have been confirmed worldwide with nearly 35,000 deaths. almost 11,000 of those victims are from italy alone. the u.s. has 143,000 confirmed cases the most of any country in the world with more than 2,500 deaths. after dr. anthony fauci sai. ",1
"when might the u.s. start to reopen. see what happens when essential workers get sick. in south korea people thought cured are testing positive again. heres the latest on coronavirus at home and around the world as of this morning more than 1.6 million cases have been confirmed worldwide with 97,000 deaths and 361,000 recoveries. here at home we ve had 466,000 confirmed cases and almost 17,000 deaths with nearly 27,000 recoveries. more than 5,100 of those deaths have been in new york ci. ",1
"almost a quarter of a million cases have been confirmed in the u.s. funeral homes are being overwhelmed too and africa braces for potential devastation. we ve got the latest on covid-19 here and worldwide yesterday the global number of confirmed cases passed the one million mark. this morning it stands at 1,027,000 with 54,000 deaths and 217,000 recovered. in the u.s. more than 245,000 cases have been confirmed with 6,000 deaths. more than a quarter of those deaths have been in new york. ",1
"heres the latest news on covid-19 in the u.s. and around the world worldwide more than 1,440,000 cases have been confirmed with 83,000 deaths and 308,000 recoveries. in the u.s. we ve nearly hit 400,000 cases with almost 13,000 dead and almost 23,000 recovered. yesterday the u.s. had the largest single day death toll of any country in the world. hopes for a plateau in new york may have been premature. the state saw the most deaths in one day yet from monday to tuesday with 731 lost. n. ",1
"we ve had 5,000 more deaths in just five days the curve may be flattening in new york and british prime minister boris johnson is in intensive care. heres the latest news on covid-19 in the u.s. and around the world as of this morning more than 1,360,000 cases have been confirmed worldwide with over 76,000 deaths and 292,000 recoveries. in the u.s. were approaching 370,000 confirmed cases with nearly 11,000 deaths and 20,000 recoveries. the first 5,000 deaths in the u.s. happened ove. ",1
"maybe we should all wear masks in public 261 million of us are asked to stay home and cars line up for miles at a food bank. heres the latest on the virus at home and around the world there are now more than 800,000 confirmed cases worldwide and nearly 39,000 deaths. the u.s. has almost 165,000 cases and close to 3,200 deaths. the cdc is considering whether we should all be wearing masks in public. at least 261 million people in the u.s. are now living under stay at home orders. t. ",1
"another 100,000 cases have been confirmed 1 in 3 americans now live under stay at home orders and a new symptom has emerged. read on for the latest developments in the covid-19 pandemic in the u.s. and around the world. nearly 350,000 cases of covid-19 have been confirmed worldwide. more than 15,000 people have died and 100,000 have recovered. the surgeon general this morning predicted this week it 's going to get bad in response to so many americans not following social distancing gui. ",1
"more than 100 u.s. deaths yesterday the reality of life inside a new york city emergency room and eerie empty streets around the world. get the latest updates on covid-19 at home and elsewhere. worldwide almost 390,000 cases have been diagnosed around 40,000 in the last 24 hours. more than 46,000 of the total cases are in the u.s. for the first time since the outbreak the u.s. reported 100 covid-19 deaths in a single day bringing the total to over 500. the world health organization. ",1
"officials announce the virus may kill 100,000 to 240,000 people in the u.s a large number of asymptomatic cases helps it spread and the virus inspires scientists around the world to collaborate. heres the latest news on covid-19 from the u.s. and around the world almost 875,000 cases have been confirmed worldwide with more than 43,000 deaths. the u.s. has 190,000 cases and almost 4,100 deaths -- more than one quarter of those in new york city. even with nationwide mitigation efforts up. ",1
"the u.s. has more cases than anywhere in the world british prime minister boris johnson tested positive and men are less likely to take precautions seriously. get the latest updates about the virus in the united states and around the world there are now more than 540,000 confirmed cases worldwide roughly 50,000 more than yesterday. more than 24,000 have died up 2,000 in 24 hours. the united states now has more confirmed cases of covid-19 than any other country in the world 86,000 as o. ",1
"were facing a difficult week ahead our pearl harbor moment our 9/11 moment even counties with only one case face an epidemic. with the pandemic raging around the world a lot happened this weekend. catch up here around the world 1,280,000 cases have been confirmed. nearly 70,000 have died but another 265,000 have recovered. in the u.s. 338,000 have been confirmed with nearly 10,000 dead -- over 3,000 of those in new york city. almost 18,000 here have recovered. because the death co. ",1
"worldwide cases approach one million the federal stockpile has thousands of broken ventilators and new orleans death rate is seven times new yorks. heres the latest news on covid-19 at home and around the world the total number of cases worldwide approaches one million with 942,000 confirmed as of this morning. of those 47,500 have died but almost 200,000 have recovered. the u.s. has nearly twice as many cases as any other country with around 217,000 confirmed. more than 5,000 people. ",1
"cases in the u.s. are doubling every three to four days hospitals across the country struggle to meet the anticipated need and some latin american countries are downplaying the danger. heres the latest news about the virus at home and around the world as of this morning there have been almost 490,000 confirmed cases around the world. nearly 70,000 are in the u.s. nearly 15,000 more than yesterday. the worldwide death toll has passed 22,000 with more than 1,000 deaths in the u.s. we. ",1
"financial relief may be on the way for americans india attempts to completely lock down 1.3 billion people and one woman shows what its like caring for a partner who s seriously ill. heres the latest news about covid-19 at home and around the world as of this morning more than 428,000 cases have been confirmed worldwide more than 55,000 in the u.s. were approaching 20,000 deaths with nearly 7,000 in italy alone. spains ministry of health announced 700 deaths on wednesday bringing. ",1
"projected death tolls were lowered -- with a caveat. race plays a role in who dies and the pandemic may have the power to stop wars. heres the latest on coronavirus in the u.s. and around the world were approaching 1.5 million confirmed cases worldwide this morning with nearly 90,000 deaths and 337,000 recoveries. in the u.s. we have more than 432,000 cases almost 15,000 deaths and 24,000 recoveries. with more than 150,000 cases new york state alone has more than any country in the wor. ",1
"coronavirus cases continue to climb hospitals across the country are reporting equipment shortages and the governor of california has ordered all residents to stay home. read on for more news on the covid-19 pandemic in the u.s. and around the world as well as feel good stories to lift your spirits. as of this morning there are nearly 250,000 confirmed cases worldwide with almost 15,000 of those in the u.s. more than 10,000 people have died. over one third of those deaths have happened in. ",1
march 20 2020 -- some u.s. colleges are converting empty dorms into temporary housing for coronavirus patients. that could prove crucial if hospitals nationwide are swamped with a surge of coronavirus cases that push them beyond their capacity the associated press reported. on wednesday tufts university in massachusetts said it 's making hundreds of vacant dorm rooms available in coming weeks to help relieve unprecedented stress on the health care system. the school 's president called on. ,1
"new guidelines for reopening the country the risk of celebrity doctors and misinformation and a potential disaster in africa. heres what s happening this morning at home and around the world the world is closing in on 2.2 million confirmed cases and more than 146,000 people have died. but 550,000 have recovered. in the u.s. more than 671,000 cases have been confirmed with more than 33,000 deaths and 56,000 recoveries. the trump administration offered new guidelines for reopening the c. ",1
what your doctor is reading on medscape.com march 30 2020 -- at 9:30 on friday february 28 suzanne watnick md chief medical officer at northwest kidney centers in seattle got a call she never expected. the nephrologist who called asked if watnick was sitting down then told her the first known death from covid-19 in the united states was a patient who had been dialyzed at one of the 19 centers in their network. the first outpatient dialysis unit in the united states which opened in 19. ,1
"what your doctor is reading on medscape.com april 02 2020 -- the general medical council is widening the net to grant temporary registrations to thousands more doctors. around 15,000 who left in the past 3 years were already invited. now the criteria are being widened to another 12,000 doctors with a uk address who are gmc registered but who do not currently hold a licence to practise plus nearly 6800 doctors with a uk address who gave up their registration between 3 and 6 years ago 2014. ",1
here are the coronavirus stories medscape 's editors around the globe think you need to know about today in the early days of the covid-19 pandemic in the us officials repeatedly made choices that put the health of the public and healthcare workers in jeopardy eric topol md writes in medscape including inadequate testing. now clinicians face equipment shortages and young doctors are writing their wills. the handling of the covid-19 pandemic in the us will go down as the worst public heal. ,1
what your doctor is reading on medscape.com march 31 2020 -- corrected april 1 2020 // last week doctors at a boston area hospital learned via video conferencing that they would be receiving a 20 pay cut a slap in the face at the precise moment that those on the front lines of the covid-19 pandemic need a pat on the back and some more n95 respirators too. but steward health care system which runs the hospital and dozens of others around the country did the math and decided that the. ,1
what your doctor is reading on medscape.com april 02 2020 -- american heart association american stroke association council leadership has released temporary emergency guidance on management of acutestroke patients during the current covid-19 outbreak. the urgency of the situation prompted the aha asa to forego their usual process including peer review in creating these guidelines for stroke centers nationwide. the message manage as best you can with reduced personnel shortages of person. ,1
what your doctor is reading on medscape.com april 07 2020 -- i 've never been a deep sleeper typically waking at 4 or 5 in the morning. i usually get up gradually lingering in bed for a few minutes checking what 's happened on twitter and then moving things along. that 's all changed.these days i bolt upright at 5 am heart racing eyes dilated as if someone 's trying to break into my house. it takes a couple of minutes of breathing to adjust to my surroundingsquiet and darkand remember. ,1
what your doctor is reading on medscape.com march 20 2020 -- as the covid-19 crisis deepens and pressure on the medical system increases clinicians and facilities are having to prioritize care. to help medical societies and hospitals are working with providers to determine what care must go on and what can be delayed rescheduled canceled or performed remotely to protect providers and patients and to make way for a predicted surge of covid-19 patients. some decisions are easier to make. ,1
what your doctor is reading on medscape.com march 20 2020 -- despite the white house 's announcement on wednesday that physicians would be allowed to practice across state lines during the covid-19 crisis the department of health human services hhs had still not issued the necessary regulation at press time. the trump administration is continuing to take quick and decisive action to combat covid-19 and protect americans an hhs spokesperson told medscape medical news on thursday in an. ,1
what your doctor is reading on medscape.com updated march 20 2020 -- in the face of the us covid-19 pandemic the us substance abuse and mental health services administration samhsa has announced further policy changes with respect to at home treatment of opioid use disorder oud. last week the agency issued a directive to allow some patients in opioid treatment programs otp to take home their medication announcing that states may request blanket exceptions for all stable patients i. ,1
what your doctor is reading on medscape.com march 20 2020 -- the ubiquitous advice to wash your hands to hinder the spread of covid-19 has led to a catch-22 dermatologists report some clinicians are overdoing it. the apparent ease with which the virus spreads means that healthcare workers are washing or sanitizing their hands hundreds of times each day. but sometimes they 're doing it wrong. clinicians are also skipping a crucial step that will protect them from the consequences of these m. ,1
what your doctor is reading on medscape.com march 20 2020 -- marina garassino md is chief of the medical thoracic oncology unit at the istituto nazionale dei tumori in milan italy. the day after this interview was recorded italy announced that deaths from the covid-19 virus had reached 3405 outstripping the toll in china where the virus first hit. in this discussion with jack west md she talks about how her team of oncologists has responded to the covid-19 pandemic and what lessons s. ,1
what your doctor is reading on medscape.com march 20 2020 -- with the san francisco bay area already mired in coronavirus cases the lead physician for kaiser permanente 's national coronavirus response shared advice on sorting patients preserving ppe supplies protecting staff and patients and optimizing resources. it 's time now to scale stephen parodi md said in an online interview thursday with howard bauchner md jama 's editor in chief. open your surge plans up and get them goin. ,1
what your doctor is reading on medscape.com february 28 2020 mexico city -- the first case of coronavirus in mexico has been confirmed the country 's health authorities said today. the first case is a 35-year old patient from mexico city with mild clinical manifestations and a history of travel to italy in february according to deputy health minister hugo lpez gatell ramrez md phd at a press conference. the patient is currently hospitalized at the national institute of respiratory dis. ,1
what your doctor is reading on medscape.com march 20 2020 -- this week the internet was inundated with coronavirus stories. among many others headlines cheered for a centenarian who survived the disease and warned that covid-19 might be a bigger problem for those with blood type a. here 's why you did n't see those stories on medscape. it 's always good news when anyone survives an infection with coronavirus. so when we saw a report that a 103-year old woman in iran has recovered after being. ,1
what your doctor is reading on medscape.com march 20 2020 -- here are the latest coronavirus stories medscape 's editors around the globe think you need to know about today with personal protective equipment ppe like masks in short supply some practitioners have started sewing their own. but while research indicates that they provide more protection than nothing at all some experts worry that do it yourself masks also provide a false sense of security. some of us will die physicians. ,1
what your doctor is reading on medscape.com march 20 2020 -- each week we identify one top search term speculate about what caused its popularity and provide an infographic on a related condition. if you have thoughts about what 's trending and why feel free to share them with us on twitter or facebook. once again concerns and developments regarding the ongoing global spread of covid-19 resulted in a top trending clinical topic. on march 11 the world health organization formally declare. ,1
what your doctor is reading on medscape.com march 20 2020 -- i have to remind the american doctor that life is changing. it 's not a normal life. it 's a covid19 life. it 's a pandemic life. with these words spoken march 18 during a joint webinar of the chinese cardiac society and the american college of cardiology professor bin cao md from china jolted healthcare workers across the world. and while china reported good news this week with its first day of no new local infections in w. ,1
what your doctor is reading on medscape.com march 20 2020 -- in the midst of the rapidly spreading covid-19 pandemic hospitals and clinics are running out of masks. healthcare workers are going online to beg for more the hashtags getmeppe and weneedppe are trending on twitter and some hospitals have even put out public calls for mask donations. health providers are working scared they know that the moment the masks run out they 're at increased risk for disease. so instead of waiting fo. ,1
what your doctor is reading on medscape.com march 20 2020 -- the coronavirus pandemic will strain many healthcare sectors including radiology. radiologists have been conscripted to the front line because covid-19 has signatures on chest ct befitting of viruses that damage lungs. but ct can be normal in early illness and after each potentially infected patient is scanned the machine must be completely disinfected. therefore ct is n't recommended to screen for covid-19. of course ct will s. ,1
what your doctor is reading on medscape.com march 27 2020 -- the european medicines agency ema has issued a statement advising that patients continue treatment with angiotensin converting enzyme ace inhibitors and angiotensin ii receptor blockers arbs despite widely circulated reports that the agents could worsen coronavirus disease. it is important that patients do not interrupt their treatment with ace inhibitors or arbs and there is no need to switch to other medicines the agenc. ,1
what your doctor is reading on medscape.com march 28 2020 -- a national survey from the american psychiatric association apa shows covid-19 is seriously affecting americans mental health with half of us adults reporting high levels of anxiety. given the circumstances this is hardly surprising said apa president bruce j. schwartz md but he cautions that if the pandemic continues much longer the impact on americans mental health could become much worse. the survey results show that. ,1
"march 20 2020 -- a person 's blood type may affect their risk for covid-19 the disease caused by the new coronavirus researchers report. they analyzed blood samples from nearly 2,200 covid-19 patients in china and tens of thousands of healthy people and found those with a blood types had a significantly higher risk of covid-19 while those with o blood types had a significantly lower risk newsweek reported. the findings appear on the website medrxiv where health researchers publish studies. ",1
"march 20 2020 -- coronavirus patients generally do nt need transfusions. but people in emergency situations often do and thanks to the pandemic there may not be enough blood available. more than 4,500 american red cross blood drives had been canceled as of march 18 due to public health warnings against gatherings reported thenew york times. as a result the red cross has received nearly 150,000 fewer blood donations than expected. donated blood has a shelf life of just 42 days so stocks h. ",1
"march 20 2020 -- a u.s. company says it will soon offer home test kits for covid-19 the disease caused by the new coronavirus. everlywell a home testing company based in austin tx says 30,000 tests will be ready monday. everlywell says you can order the test online after filling out a screening questionnaire on its website. but you 'll need a doctor 's prescription before the company will send you a kit. the company will ship the test kit to you overnight along with a shipping container to. ",1
march 18 2020 -- the flu drug favipiravir is clearly effective in treating coronavirus patients chinese researchers say. their trial of favipiravir included 340 coronavirus patients patients in china. those who received the drug recovered quicker and showed greater lung improvement than those who did n't get the drug the u.k. 's daily mail reported. it 's believed that favipiravir blocks the coronavirus from replicating in the body. favipiravir was effective in helping coronavirus patients. ,1
wednesday march 18 2020 healthday news -- despite internet rumors to the contrary the new coronavirus arose from natural causes and was not concocted in a lab according to scientists who conducted a detailed genomic examination of the virus. sars cov-2 the virus that causes covid-19 illness shows zero evidence of being artificially engineered reported a team who published their findings march 17 in nature medicine. by comparing the available genome sequence data for known coronavirus. ,1
obesity might be contagious among teens wednesday march 18 2020 healthday news -- teens who live around lots of obese or overweight kids come to see their body types as ideal a new study suggests. as a result these teens tend to be obese or overweight themselves researchers say. higher obesity rates may normalize unhealthy weight in teens and make obesity prevention harder said lead researcher ashlesha datar. she 's a senior economist at the center for economic and social research. ,1
march 18 2020 -- at this point in the coronavirus pandemic its easier to count the number of states that have nt closed its public schools than the ones that have. as of march 17 39 states washington d.c. and puerto rico have all closed schools over fears of covid-19 the disease caused by the new coronavirus. gov. mike dewine of ohio took the aggressive step last thursday of shutting down all schools in the state -- public private and community -- for at least 3 weeks. dewine later t. ,1
"march 18 2020 -- there may not be enough ventilators in the united states to cope with the number of coronavirus patients who will require them due to pneumonia and other serious respiratory problems experts say. about 960,000 coronavirus patients may need to be put on ventilators at some point but the united states has only about 200,000 machines according to the society of critical care medicine the associated press reported. the organization also said that about half of the ventil. ",1
what your doctor is reading on medscape.com march 18 2020 -- could the old generic malaria drug hydroxychloroquine plaquenil sanofi aventis among others which is also used for the treatment of rheumatic disease be an essential treatment for covid-19. this hypothesis put forward by some including professor didier raoult of the ihu mditerrane infection in marseille was dismissed by other eminent infectious disease specialists and dismissed as fake news recently by the ministry of he. ,1
what your doctor is reading on medscape.com we are at a time unfortunately of significant public uncertainty and fear of the coronavirus. mixed and inaccurate messages from national leaders in the setting of delayed testing availability have heightened fears and impeded a uniformity in responses medical and preventive. despite this physicians nurses and other health professionals across the country and in many other countries have been addressing the medical realities of this pandem. ,1
what your doctor is reading on medscape.com march 18 2020 -- clinicians across the united states are petitioning the federal government to follow the lead of south korea china and other nations by imposing an immediate nationwide quarantine to slow the inevitable spread of covid-19. without federal action the creators say their lives and the lives of their colleagues patients and families are being put at increased risk. in addition to the quarantine the petition posted on the websit. ,1
what your doctor is reading on medscape.com march 18 2020 -- amid growing concern in the united states for healthcare workers on the front lines of the novel coronavirus pandemic two emergency medicine physicians one in washington state and one in new jersey remain in critical condition as a result of covid-19. both are members of the american college of emergency physicians acep. it is my hope that these colleagues and their cases serve as a reminder to each of us to stay vigilant. ,1
wednesday march 18 2020 healthday news -- as the coronavirus pandemic continues its relentless spread around the world the greatest worry has been for older people. but experts stress that age is not the sole determinant of risk for severe illness or death. the elderly and people with chronic diseases have the highest risk. if you 're not sure if you 're at a higher risk talk to your doctor said dr. susan bleasdale a spokesperson for the infectious diseases society of america. even the. ,1
wednesday march 18 2020 healthday news -- a number of home cleaning supplies may be effective against the new coronavirus experts say. not many scientific studies have asked which are the most effective disinfecting agents to use against the new coronavirus because it was discovered so recently said siobain duffy an associate professor of ecology at rutgers university in new brunswick n.j. with expertise in emerging viruses. so scientists are assuming that what works against other. ,1
march 17 2020 -- unrecognized milder cases of covid-19 are likely the driving force behind the rapid spread of the virus throughout the world a new study suggests. the study which was an international collaboration between researchers in china hong kong london and the u.s. estimates that in the period before travel restrictions were announced in china only 14 -- or about 1 out of 7 -- of infections were recognized. people with recognized infections were sicker and more contagious. th. ,1
what your doctor is reading on medscape.com february 21 2020 -- the novel coronavirus 2019-ncov responsible for the covid-19 global outbreak may have multiple infection routes according to a study published online february 17 in emerging microbes infection. we detected the virus in oral swabs anal swabs and blood write wei zhang from wuhan institute of virology chinese academy of sciences wuhan china and colleagues. t]hus infected patients can potentially shed this pathoge. ,1
what your doctor is reading on medscape.com february 21 2020 -- the centers for disease control and prevention cdc is preparing for potential community spread of the novel coronavirus in the united states which has 34 confirmed cases as of today and is not ruling out the future need for school and business closures such as those implemented in china. this new virus represents a tremendous public health threat. we do n't yet have a vaccine for this novel virus nor do we have a medicati. ,1
what your doctor is reading on medscape.com february 21 2020 -- the outbreak of coronavirus that originated in wuhan city china is being closely monitored around the world. the latest developments including a new name for the disease helped make the condition this week 's top trending clinical topic. on february 11 the coronavirus study group of the international committee on taxonomy of viruses formally designated the virus severe acute respiratory syndrome coronavirus 2 sars cov2. tha. ,1
"thursday feb. 20 2020 healthday news -- climate change and the sudden weather changes it brings could fuel future flu epidemics researchers warn in a new report. they used historical data to assess how major weather swings in the fall months could affect flu season in highly populated areas of the united states mainland china italy and france. specifically the researchers examined weather patterns and average temperatures from jan. 1 1997 to feb. 28 2018 over more than 7,700 days. ",1
editor 's note for the latest updates on the 2020 coronavirus outbreak see our news coverage. feb. 20 2020 -- as countries work to slow the spread of the virus that causes covid-19 the screening of international travelers has become a cornerstone of those efforts. because there are a limited number of lab tests travelers generally are nt being swabbed unless they have symptoms or if they ve answered yes to certain questions. they include whether the travelers recently had close contact wit. ,1
what your doctor is reading on medscape.com february 19 2020 -- on january 31 health and human services hhs secretary alex m. azar ii declared a formal public health emergency in response to the rising number of cases of coronavirus disease 2019 covid-19 around the world and in the united states. the declaration allows the government to introduce temporary measures to help contain the spread of the virus. but some legal experts question the efficacy and legality of certain approaches th. ,1
feb. 18 2020 -- covid-19 the infection caused by the newly identified coronavirus is a currently a disease with no pharmaceutical weapons against it. there s no vaccine to prevent it and no drugs can treat it. but researchers are racing to change that. a vaccine could be ready to test as soon as april. more than two dozen studies have already been registered on clinicaltrials.gov a website that tracks research. these studies aim to test everything from traditional chinese medicine to vita. ,1
jan. 14 2020 -- when you do nt feel well this time of year figuring out the cause is important because it will point you to you treatments that can make you feel better and even shorten the time you re sick. but figuring out what you have is nt always easy. that was the case for amber yahle of springfield va. when she first got sick in january she assumed it was a stomach bug and not the flu because she had gotten a flu shot in october. but her symptoms worsened so quickly she ended up i. ,1
a new type of coronavirus may be responsible for dozens of viral pneumonia illnesses in china according to state broadcaster cctv. as of sunday 59 people in the central chinese city of wuhan were being treated for the respiratory illness and seven were in critical conditions according to health officials. as of wednesday evening the new coronavirus had been detected in 15 of those cases cctv reported. there was no immediate confirmation by chinese health officials the associated press r. ,1
wednesday jan. 22 2020 healthday news -- how bad or how long this year 's flu season will be remains to be seen. but one thing is already clear it 's proving to be an especially lethal season for infected children. fueled by a strain of influenza that children may be especially vulnerable to less than two months into flu season 39 children have already died according to data from the u.s. centers for disease control and prevention. behind that number lie tragedies like these just after. ,1
tuesday jan. 21 2020 healthday news -- the first u.s. case of a new coronavirus illness that originated in central china has been identified in a patient in washington state federal health officials announced on tuesday. in a news briefing officials said that the male patient was hospitalized with pneumonia last week and had recently traveled to wuhan a city of 11 million people in china where the outbreak is thought to have begun. the man is being quarantined at providence regional med. ,1
jan. 21 2020 -- the leader of a chinese government team of experts announced monday that human to human transmission of a new coronavirus has been confirmed the associated press reported.the finding could raise fears that the infection might not require contact with infected animals to occur and could spread among people more rapidly. according to the ap research team leader zhong nashan a respiratory expert said that two people in the southern chinese province of guangdong caught the vir. ,1
jan. 17 2020 -- wearable activity monitors that also measure your heart rate could one day warn people they might be getting sick with an infection like the flu. doctors have long known that a higher resting heart rate -- the number of times each minute the heart beats while a person is sitting or sleeping -- can be a sign that the bodys immune system is ramping up for a fight. for example research has shown that young men with fevers had increases in their resting heart rate of about 8.5 b. ,1
what your doctor is reading on medscape.com january 17 2020 -- in response to an outbreak of pneumonia in wuhan china caused by a novel coronavirus 2019-ncov starting today health officials with the us centers for disease control and prevention cdc will begin screening passengers at three us airports to detect ill travelers entering the country on direct or connecting flights from wuhan. the enhanced symptom based health screening of passengers will be conducted at san francisco s. ,1
jan. 16 2020 -- influenza is still going strong in the united states and is n't expected to slow down for at least several more weeks according to a report from the cdc. what 's more this season 's vaccine is only a 58 match for the b strain of flu known as b victoria that is hitting children especially hard. it 's not a very good match for b victoria anthony fauci md director of the national institute of allergy and infectious diseases told cnn. it 's not an awful match but it 's not. ,1
"although these kinds of conspiracy rumors can appeal to our instincts stepping back and analyzing them logically usually reveals their flaws says taylor who published the book the psychology of pandemics preparing for the next global outbreak of infectious disease late last year. according to official accounts so far 427 people have died from this new coronavirus out of more than 20,704 confirmed cases -- or about a 2 mortality rate. as with many rumors there is a kernel of truth to e. ",1
editor 's note this story was updated feb. 5 2020 with news of the family 's return to the united states. the text ken burnett had been waiting for for weeks came at 4:26 a.m. wednesday as he was sleeping at his home in san diego. his wife yanjun wei 37 and his children rowan 3 and mia 1 had finally arrived in the united states. they are among hundreds of others that federal officials are helping to evacuate from china due to the coronavirus outbreak. burnett 's wife and children had bee. ,1
what your doctor is reading on medscape.com february 3 2020 -- after falling slightly around the winter holidays influenza activity has now risen for 2 consecutive weeks according to a january 31 report from the us centers for disease control and prevention cdc. at a time when many are rightly concerned about the novel coronavirus 2019ncov of which there are 11 confirmed cases in the united states as of monday the cdc is also warning citizens not to drop their guard about influenza. ,1
jan. 24 2020 -- a second travel related case of a new strain of coronavirus in the u.s. has been confirmed in a chicago resident. the patient is a woman in her 60s. she had symptoms a few days after returning to the u.s. from a trip to wuhan china on jan. 13. she was not sick while traveling. health officials say she is doing well and is in stable condition. she remains in the hospital mostly to prevent the spread of the infection to others they say. allison arwady md chief medical offi. ,1
jan. 24 2020 -- public health officials in washington state are following 43 close contacts of the first u.s. patient diagnosed with a coronavirus that came from china and has sickened hundreds of people and killed more than two dozen. the cdc confirmed the washington state resident 's diagnosis tuesday. by wednesday state public health officials had identified 16 close contacts. by late thursday the total was 43 said kathy lofy md the state health officer for the washington state depar. ,1
a new trial in the united kingdom will study whether dogs that are trained as medical sniffers can detect the coronavirus in infected humans. dogs have been trained to detect malaria parkinson 's disease and some types of cancers according to medical detection dogs the uk charity that runs the training program. in principle we 're sure that dogs could detect covid-19. we are now looking into how we can safely catch the odour of the virus from patients and present it to the dogs said clai. ,1
friday jan. 17 2020 healthday news -- travelers from china will now have to undergo enhanced screening at three major u.s. airports for symptoms of a new coronavirus that has caused an outbreak of pneumonia in china federal health officials said friday. the three airports -- san francisco sfo new york jfk and los angeles lax -- receive the most travelers from central china officials explained. the u.s. centers for disease control and prevention is deploying about 100 health worker. ,1
this story was updated jan. 23 2020 with information from a who press conference. jan. 22 2020 -- the public should be paying attention but not panicking about a new virus that has recently spread from wuhan china to several other countries including the u.s. public health experts say. the virus known as a coronavirus has now reportedly killed 17 and sickened 584 including a man in washington state -- though it is likely to have infected many more. fears over its spread led chinese of. ,1
what your doctor is reading on medscape.com january 31 2020 -- last week the world health organization sent out a series of tweets explaining why they were n't yet ready to declare the 2019-ncov outbreak a global health emergency. the organization 's twitter account was immediately flooded with hundreds of negative comments spouting mistrust misunderstandings and misinformation. many twitter users questioned the organization 's motives accusing them of allowing the illness to spread. other. ,1
jan. 30 2020 a man in illinois has become the first person to become infected with the coronavirus without leaving the u.s. the man is the husband of a woman in her 60s who recently returned to the u.s. from wuhan china. the woman was one of the original five who carried the virus back to the u.s. after traveling abroad. the woman and her husband are now both isolated in a hospital. the woman is in good condition. her husband who has other medical conditions is stable. shortly after the. ,1
what your doctor is reading on medscape.com january 30 2020 -- the wuhan coronavirus 2019-ncov outbreak has unfolded so rapidly that many clinicians are scrambling to stay on top of it. here are the answers to some frequently asked questions about how to prepare your clinic to respond to this outbreak. keep in mind that the outbreak is moving rapidly. though scientific and epidemiologic knowledge has increased at unprecedented speed there is much we do n't know and some of what we think w. ,1
monday dec. 23 2019 healthday news -- as an early flu season spreads its misery across the united states new research shows that few child care centers require children or their adult caregivers to get a flu shot. flu can be especially dangerous for children who have a greater risk than adults for serious complications hospitalization and even death the researchers noted. when kids are in close proximity to each other in child care centers they spread infectious diseases very efficie. ,1
"this weeks national level forecasting includes 12 individual forecasts and all indicate an increase in deaths in the coming weeks. predicted rates of increase differ among the forecasts depending on assumptions about the strength and coverage of social distancing behaviors. the national ensemble forecast suggests that the number of cumulative reported deaths are likely to exceed 100,000 by june 1st. state level ensemble forecasts indicate that states with low numbers of deaths reported. ",1
level 3 travel health notice widespread ongoing transmission with restrictions on entry to the united states cdc recommends that travelers avoid all nonessential travel to the following destinations. most foreign nationals who have been in one of these countries during the previous 14 days will not be allowed to enter the united states. ,1
cases of coronavirus disease covid-19 have been reported in all states and some areas are experiencing community spread of the disease. travel increases your chances of getting and spreading covid-19. cdc recommends you stay home as much as possible especially if your trip is not essential and practice social distancing especially if you are at higher risk of severe illness. do nt travel if you are sick or travel with someone who is sick. some travel may also be essential like travel. ,1
centers for disease control and prevention. cdc twenty four seven. saving lives protecting people centers for disease control and prevention. cdc twenty four seven. saving lives protecting people. ,1
two syndromic surveillance systems are being used to monitor trends in outpatient and emergency department visits that may be associated with covid-19. each system monitors a slightly different syndrome and together these systems provide a more comprehensive picture of mild to moderate covid-19 illness than either would individually. both systems are currently being affected by recent changes in healthcare seeking behavior including increased use of telemedicine recommendations to limit emerg. ,1
two kinds of tests are available for covid-19 viral tests and antibody tests. a viral test tells you if you have a current infection. an antibody test tells you if you had a previous infection. an antibody test may not be able to show if you have a current infection because it can take 1 3 weeks after infection to make antibodies. we do not know yet if having antibodies to the virus can protect someone from getting infected with the virus again or how long that protection might last. wh. ,1
coronavirus disease 2019 covid-19)-associated hospitalization surveillance network covid net is a population based surveillance system that collects data on laboratory confirmed covid-19-associated hospitalizations among children and adults through a network of over 250 acute care hospitals in 14 states. covid net is cdcs source for important data on hospitalization rates associated with covid-19. hospitalization rates are updated weekly. covid net also provides important clinical informati. ,1
covid-19 considerations for cleaner air shelters and cleaner air spaces to protect the public from wildfire smoke this document provides interim guidance to reduce the risk of introducing and transmitting sars cov-2 the virus responsible for causing covid-19 in cleaner air shelters and cleaner air spaces. cleaner air shelters and cleaner air spaces are public spaces where people can seek relief from wildfire smoke. this interim guidance is intended for use by federal state local and tribal. ,1
webinar what you need to know about covid-19 and the role of community health workers in the latino community. ,1
this webpage provides information for environmental health practitioners from cdc and other trusted sources. this environmental health assessment form for disaster shelters tool assists environmental health practitioners in conducting a rapid assessment of shelter conditions during emergencies and disasters. this tool can be modified to meet local needs during the coronavirus disease 2019 covid-19 emergency. cdcs interim guidance for general population disaster shelters during the covid-19. ,1
fda has authorized euas for both viral and antibody tests for covid-19. viral nucleic acid and antigen tests are used to diagnose the presence of sars cov-2 infections. in contrast antibody tests can detect igg iga and igm antibodies from an immune response to sars cov-2. whenever possible laboratories should rely on viral tests to diagnose the presence of sars cov-2 infections. however a negative result from viral testing does not rule out covid-19. most of the pcr based tests that use. ,1
necessity is the mother of invention as the saying goes. so when the staff at cdcs office in fort collins colorado started seeing a dire nationwide need for personal protective equipment ppe as covid-19 spread they got creative. ,1
"necessity is the mother of invention as the old saying goes. so when the staff at cdcs office in fort collins colorado started seeing a dire nationwide need for personal protective equipment ppe as covid-19 spread they got creative. and as a result they got about 9 tons 18,000 pounds of those supplies into the hands of other public health agencies and cdc teams around the country. for nearly two decades cdc in fort collins has kept a stockpile of ppe gloves coveralls and n-95 r. ",1
purpose and scope of this document this document provides specific operational considerations that healthcare settings and healthcare authorities can review in the context of global supply shortages of personal protective equipment ppe to help with decision making in order to provide needed surge capacity during the covid-19 response. this document draws from cdc strategies for us healthcare settings on covid-19 strategies for optimizing the supply of ppe cdc and includes potential stra. ,1
cdcs public health messaging system offers up to date messages to travelers at specific airports seaports and land borders where most international travelers enter or leave the united states. this is the latest information posted by cdc in partnership with us customs and border protection cbp the transportation security administration tsa and other port of entry partners. health alert protect yourself and others. ,1
revisions were made on may 15 2020 to reflect the following new guidance document available see guidance section below health departments interim guidance on developing a covid-19 case investigation contact tracing plan revisions were made on may 2 2020 to reflect the following :. ,1
surge capacity refers to the ability to manage a sudden unexpected increase in patient volume that would otherwise severely challenge or exceed the present capacity of a facility. while there are no widely accepted measurements or triggers to distinguish surge capacity from daily patient care capacity surge capacity is a useful framework from which to approach a decreased supply of gloves during the covid-19 response. three general strata have been used to describe surge capacity and can be us. ,1
coronaviruses are a large family of viruses. some coronaviruses cause cold like illnesses in people while others cause illness in certain types of animals such as cattle camels and bats. some coronaviruses such as canine and feline coronaviruses infect only animals and do not infect humans. risk of people spreading the virus that causes covid-19 to pets we are still learning about the virus that causes covid-19 but it appears that it can spread from people to animals in some situations. ,1
coronaviruses are a large family of viruses. some coronaviruses cause cold like illnesses in people while others cause illness in certain types of animals such as cattle camels and bats. some coronaviruses such as canine and feline coronaviruses infect only animals and do not infect humans. risk of animals spreading the virus that causes covid-19 to people some coronaviruses that infect animals can sometimes be spread to humans and then spread between people but this is rare. this is wh. ,1
coronavirus disease 2019 covid-19 is a respiratory illness caused by a virus called sars cov-2. symptoms often include a cough or shortness of breath or at least two of these fever chills repeated shaking with chills muscle pain headache sore throat or new loss of taste and smell. our understanding of how the virus spreads is evolving as we learn more about it so check the cdc website for the latest information. the virus is thought to spread mainly from person to person between pe. ,1
nursing home populations are at high risk for infection serious illness and death from covid-19. reverse transcription polymerase chain reaction rt pcr testing referred to here as testing or test for sars cov-2 infection among residents and healthcare personnel hcp in nursing homes has become a priority to help inform prevention and control in the facility. hcp include but are not limited to emergency medical service personnel nurses nursing assistants physicians technicians thera. ,1
this guidance is intended to assist nursing homes and public health authorities with response and cohorting decisions in nursing homes. this guidance supplements but does not replace recommendations included in the interim additional guidance for infection prevention and control for patients with suspected or confirmed covid-19 in nursing homes. all facilities should adhere to current cdc infection prevention and control recommendations including universal source control measures visitor rest. ,1
healthcare providers who have cared or are caring for patients younger than 21 years of age meeting multisystem inflammatory syndrome in children mis c criteria should report suspected cases to their local state or territorial health department. for additional reporting questions please contact cdcs 24-hour emergency operations center at 770 488 7100. ,1
vaporous hydrogen peroxide ultraviolet germicidal irradiation and moist heat are the most promising ffr decontamination methods vaporous hydrogen peroxide ultraviolet germicidal irradiation and moist heat are the most promising decontamination methods. if ffr decontamination is considered these methods do not appear to break down filtration or compromise the ffr however many of these methods can only be used for limited times. investigations into vhp decontamination of ffrs provide evid. ,1
maintaining appropriate staffing in healthcare facilities is essential to providing a safe work environment for healthcare personnel hcp and safe patient care. as the covid-19 pandemic progresses staffing shortages will likely occur due to hcp exposures illness or need to care for family members at home. healthcare facilities must be prepared for potential staffing shortages and have plans and processes in place to mitigate these including communicating with hcp about actions the facility. ,1
who this is for occupational health programs and public health officials making decisions about return to work for healthcare personnel hcp with confirmed covid-19 or who have suspected covid-19 e.g. developed symptoms of a respiratory infection e.g. cough sore throat shortness of breath fever but did not get tested for covid-19. decisions about return to work for hcp with confirmed or suspected covid-19 should be made in the context of local circumstances. options include a sympto. ,1
cdc created this social media toolkit to help localize efforts in responding to the virus that causes covid-19. this toolkit provides messages and graphics to help all graphics and suggested messages are available for use on social media profiles and web pages. within this guide you will find information and suggested messages from our covid-19 response. for more images and cdc content you can visit our communication resources page. all social media content is public domain and free to use b. ,1
evaluate your workplace school home or business to determine what kinds of surfaces and materials make up that area. most surfaces and objects will just need normal routine cleaning. frequently touched surfaces and objects like light switches and doorknobs will need to be cleaned and then disinfected to further reduce the risk of germs on surfaces and objects. first clean the surface or object with soap and water. then disinfect using an epa approved disinfectant. if an epa approved. ,1
this web page highlights basic principles of contact tracing to stop covid-19 transmission detailed guidance for health departments and potential contact tracers is forthcoming. contact tracing a core disease control measure employed by local and state health department personnel for decades is a key strategy for preventing further spread of covid-19. immediate action is needed. communities must scale up and train a large contact tracer workforce and work collaboratively across public and pr. ,1
if you are caring for someone with covid-19 at home or in a non healthcare setting follow this advice to protect yourself and others. learn what to do when someone has symptoms of covid-19. or when someone has been diagnosed with the virus. this information also should be followed when caring for people who have tested positive but are not showing symptoms. note older adults and people of any age with serious underlying medical conditions are at higher risk for developing more severe illness. ,1
revisions were made on may 5 2020 to reflect the following revisions were made on april 29 2020 to reflect the following update guidance on viral transport medium vtm to note that some point of care tests advise against its use. update guidance for use of personal protective equipment while obtaining specimens. revisions were made on april 14 2020 to reflect the following clarify specimen collection procedures for all swab types and align with other respiratory disease specimen col. ,1
cdc created this communication toolkit for our airline partners to help them reach their travelers and employees with covid-19 prevention messaging. this toolkit provides messages graphics and products to airline partners can also access other cdc communication resources for specific audiences in our communication resources page which includes resources specific to travelers. these blogs were written for airlines to communicate with their passengers and crew. for passengers slow the spr. ,1
cdc is working closely with the world health organization who and other partners to assist countries to prepare for and respond to covid-19. cdc routinely provides technical assistance to ministries of health and subnational and international partners to improve our collective response to covid-19. to facilitate implementation of who covid-19 technical guidance on infection prevention and control ipc activities for countries cdc has developed operational considerations to help contain and. ,1
this page is updated daily based on data confirmed at 4:00pm et the day before. numbers reported on saturdays and sundays are preliminary and not yet confirmed by state and territorial health departments. these numbers may be modified when numbers are updated on mondays. there are currently 55 u.s.-affiliated jurisdictions reporting cases of covid-19. this includes 50 states district of columbia guam the northern mariana islands puerto rico and the u.s virgin islands. as of april 14 202. ,1
cdc created this road travel toolkit for transportation departments and other partners to help reach domestic travelers with covid-19 prevention messaging during road travel. this toolkit provides messages graphics and products to support timely messaging to those traveling by road in the united states. the following messages for electronic highway signs are developed to support covid-19 recommendations. the messages can be adapted to fit your state or local needs. ,1
breast milk is the best source of nutrition for most infants. we do not know whether mothers with covid-19 can transmit the virus via breast milk but the limited data available suggest this is not likely to be a source of transmission. whether and how to start or continue breastfeeding should be determined by the mother in coordination with her family and healthcare providers. a mother with confirmed covid-19 should be counseled to take all possible precautions to avoid spreading the vir. ,1
in order to get and keep america open states tribes localities and territories must be able to quickly identify new cases break chains of transmission and protect first responders and health care workers from infection. this page provides states tribes localities and territories with key resources on covid-19 infection prevention and control laboratory capacity community mitigation surveillance and data analytics contact tracing and staffing. ,1
cdc is working with state local territorial academic and commercial partners to better understand covid-19 in the united states. cdc has an overarching strategy for learning more about how many people have been infected with sars cov-2 the virus that causes covid-19 and how it is spreading through the u.s. population. this strategy includes using serology testing for surveillance to better understand how many infections with sars cov-2 have occurred at different points in time in dif. ,1
this page may be updated as new resources become available. live training whether through videoconference or a live course on a learning management system or an elearning course with knowledge checks is suggested so that learners can receive immediate feedback. inclusion of a post test as well as an electronic guide describing jurisdiction specific protocols is strongly recommended. describe in detail the actions and requirements associated with each step of the contact tracing process. ,1
these sample training plan includes training topics that may be helpful for state and local public health jurisdictions to consider when designing their own training plans for covid-19 contact tracers case investigators and team leads. suggested training modalities formats are provided as well as information about sample existing trainings and resources. this site may be updated as new resources become available. overall training goal after completing all training with the training plans l. ,1
for this section self paced online training e.g. curated reading list videos or elearning course is suggested. inclusion of a post test is strongly recommended. content describing non cdc tools on this site is provided for informational purposes only and is not intended to indicate endorsement actual or implied of the tools. additionally information on this site is provided as is for users to evaluate and make their own determination as to their effectiveness. general course ma. ,1
help stop the spread of covid-19 take steps to protect children and others from getting sick help stop the spread of covid-19 by doing the same things everyone should do to stay healthy. teach your children to do the same. clean hands often using soap and water or alcohol based hand sanitizer. avoid people who are sick coughing and sneezing. clean and disinfect high touch surfaces daily in household common areas like tables hard backed chairs doorknobs light switches remotes hand. ,1
in order to get and keep america open states tribes localities and territories must be able to quickly identify new cases break chains of transmission and protect first responders and health care workers from infection. the purpose of this site is to serve as an easily accessible repository of guidelines tools and resources from cdc and others for states tribes localities and territories. ,1
two kinds of tests are available for covid-19 tests for current infection viral tests and tests for past infection antibody tests. learn more. ,1
look for emergency warning signs for covid-19. if someone is showing any of these signs seek emergency medical care immediately persistent pain or pressure in the chest this list is not all possible symptoms. please call your medical provider for any other symptoms that are severe or concerning to you. call 911 or call ahead to your local emergency facility notify the operator that you are seeking care for someone who has or may have covid-19. ,1
there is much to learn about the novel coronavirus sars cov-2 that causes coronavirus disease 2019 covid-19. based on what is currently known about the virus and about similar coronaviruses that cause sars and mers spread from person to person happens most frequently among close contacts within about 6 feet. this type of transmission occurs via respiratory droplets but disease transmission via infectious aerosols is currently uncertain. transmission of sars cov-2 to persons from surfaces. ,1
this framework supports healthcare providers as they expand necessary non covid-19 clinical care in the safest way possible for their patients .. ,1
covid-19 is a new disease and we are still learning how it spreads. the virus that causes covid-19 is thought to mainly spread from close contact i.e. within about 6 feet with a person who is currently sick with covid-19. the virus likely spreads primarily through respiratory droplets produced when an infected person coughs or sneezes similar to how influenza and other respiratory infections spread. these droplets can land in the mouths or noses of people who are nearby or possibly be inhale. ,1
viral tests check samples from your respiratory system such as swabs of the inside of the nose to tell you if you currently have an infection with sars cov-2 the virus that causes covid-19. some tests are point of care tests meaning results may be available at the testing site in less than an hour. other tests must be sent to a laboratory to analyze a process that takes 1 2 days once received by the lab. how to decide if you should get a viral test not everyone needs to be tested for covi. ,1
antibody blood tests also called antibody tests check your blood by looking for antibodies which show if you had a previous infection with the virus. depending on when someone was infected and the timing of the test the test may not find antibodies in someone with a current covid-19 infection. antibodies are proteins that help fight off infections. antibody tests should not be used to diagnose someone as being currently sick with covid-19. to see if you have a current infection you need a v. ,1
cdc is helping health departments with staffing through embedded field staff cdc has 505 existing field staff embedded in state tribal local and territorial stlt health agencies most of whom have pivoted to support the covid-19 response. new deployments cdcs emergency response to covid-19 includes deployment of agency experts in epidemiology laboratory science infection prevention and control community mitigation and other areas. cdc staff from numerous programs and disciplines a. ,1
the covid-19 pandemic is a serious global health threat and cdc is committed to stopping the global spread. cdc has a long history of improving public health capacity throughout the world to contain outbreaks at their source and minimize their impact. cdcs technical support to ministries of health and other local and international partners is delivered in coordination with the u.s. department of state the u.s. agency for international development other u.s. government agencies and other sta. ,1
people with covid-19 have had a wide range of symptoms reported ranging from mild symptoms to severe illness. symptoms may appear 2 14 days after exposure to the virus. people with these symptoms may have covid-19 new loss of taste or smell this list is not all possible symptoms. other less common symptoms have been reported including gastrointestinal symptoms like nausea vomiting or diarrhea. ,1
residents are not required to notify administrators if they think they may or have a confirmed case of covid-19. if administrators do receive information that someone in your facility has covid-19 they should work with the local health departmentexternal icon to notify anyone in the building who may have been exposed had close contact with the sick person while maintaining the confidentiality of the sick person as required by the americans with disabilities act ada and if applicable the h. ,1
cdc recommends you stay home as much as possible and practice social distancing. traveling to visit friends and family increases your chances of getting and spreading covid-19. it is possible for someone to have covid-19 and spread it to others even if they have no symptoms. getting infected may be especially dangerous if you or your loved ones are at higher risk for severe complications from covid-19. people at higher risk for complications need to take extra precautions. although it can be h. ,1
covid-19 cases have been reported in all 50 states the district of columbia and multiple u.s. territories many having wide spread community transmission. given the high risk of spread once covid-19 enters a ltcf facilities must act immediately to protect residents families and staff from serious illness complications and death. keep covid-19 from entering your facility restrict all visitors except for compassionate care situations e.g. end of- life. implement universal use of s. ,1
content describing non cdc tools on this site is provided for informational purposes only and is not intended to indicate endorsement actual or implied of the tools. additionally information on this site is provided as is for users to evaluate and make their own determination as to their effectiveness. ,1
during the covid-19 pandemic dental emergencies 2 will arise and may require treatment by dhcp. dhcp should regularly consult their state dental boards or other regulating agencies for requirements specific to their jurisdictions as information is changing rapidly. the following dental specific recommendations should be used with cdcs interim infection prevention and control recommendations for patients with covid-19 and the interim additional guidance for outpatient and ambulatory care se. ,1
if law enforcement personnel have direct personal contact with an individual with suspected or confirmed covid-19 they should immediately use alcohol based hand sanitizers with at least 60 alcohol or wash hands with soap and water for at least 20 seconds. they should also avoid touching their eyes nose and mouth. any uniform items or other surfaces that were potentially exposed should be disinfected or cleaned as soon as feasible. for example the duty belt or other non porous items can b. ,1
clinicians considering diagnostic testing of people with possible covid-19 should continue to work with their local and state health departments to coordinate testing through public health laboratoriesexternal icon or work with commercial or clinical laboratories using diagnostic tests authorized for emergency use by the u.s. food and drug administration. clinicians should use their judgment to determine if a patient has signs and symptoms compatible with covid-19 and whether the patient shoul. ,1
meat and poultry processing facilities are a component of the critical infrastructure within the food and agriculture sectorpdf iconexternal icon. cdcs critical infrastructure guidance advises that critical infrastructure workers may be permitted to continue work following potential exposure to covid-19 provided they remain asymptomatic have not had a positive test result for covid-19 and additional precautions are implemented to protect them and the community. all meat and poultry processin. ,1
there are no drugs or other therapeutics presently approved by the u.s. food and drug administration fda to prevent or treat covid-19. current clinical management includes infection prevention and control measures and supportive care including supplemental oxygen and mechanical ventilatory support when indicated. the national institutes of health have published interim guidelines for the medical management of covid-19external icon prepared by the covid-19 treatment guidelines panel. these g. ,1
the following guidance was created to help owners administrators or operators of shared also called congregate housing facilities working together with residents staff and public health officials prevent the spread of covid-19. for this guidance shared housing includes a broad range of settings such as apartments condominiums student or faculty housing national and state park staff housing transitional housing and domestic violence and abuse shelters. special considerations e. ,1
cdc has provided buttons and badges for public use. the graphic can be placed in any way that works best for your particular site. we are hoping to see this graphic on as many sites as possible to enhance access to up to date information on coronavirus disease 2019 covid-19. ,1
older adults and people who have severe underlying medical conditions like heart or lung disease or diabetes seem to be at higher risk for developing serious complications from covid-19 illness. more information on are you at higher risk for serious illness. ,1
two syndromic surveillance systems are being used to monitor trends in outpatient and emergency department visits that may be related to covid-19. each system monitors a slightly different syndrome and together these systems provide a more comprehensive picture of mild to moderate covid-19 illness than either would individually. both systems are currently being affected by recent changes in healthcare seeking behavior including increasing use of telemedicine and recommendations to limit emerge. ,1
strategies for reusable elastomeric respirator use in healthcare settings in conventional non surge demand situations are discussed in conventional strategies. conventional use should adhere to osha requirements and manufacturer specific recommended instructions. elastomeric respirators as an alternative to niosh approved n95 respirators niosh certified reusable elastomeric particulate respirators provide at least the same level of protection as n95 ffrs and some types of elastomeric respir. ,1
in general transport and movement of the patient outside of their room should be limited to medically essential purposes. if being transported outside of the room such as to radiology healthcare personnel hcp in the receiving area should be notified in advance of transporting the patient. for transport the patient should wear a facemask or cloth face covering to contain secretions and be covered with a clean sheet. if transport personnel must prepare the patient for transport e.g. trans. ,1
who this guidance is for public health professionals including state public health veterinarians managing people with covid-19 in home care and isolation who have pets or other animals this interim guidance is for public health professionals managing the home care and isolation of people with covid-19 who have pets or other animals including service or working animals in the same home. the intent of this guidance is to facilitate preparedness and establish practices that can help people and. ,1
the covid-19 pandemic is changing rapidly and is affecting communities across the united states in different ways. despite changing circumstances clinicians must continue to provide their patients with access to clinical services in environments that are safe for all. some strategies pdf icon[pdf 1 page]external icon used to slow the spread of disease in communities include postponing or cancelling non urgent elective procedures and using telemedicine instead of face to face encounters for ro. ,1
there is no evidence that the virus that causes covid-19 can be spread to people through the water in pools hot tubs spas or water play areas. proper operation and maintenance including disinfection with chlorine and bromine of these facilities should inactivate the virus in the water. while there is ongoing community spread of covid-19 of the virus that causes covid-19 it is important for individuals as well as owners and operators of these facilities to take steps to ensure health and s. ,1
covid-19 can affect anyone and the disease can cause symptoms ranging from mild to very severe. for some other illnesses caused by respiratory viruses such as influenza some people may be more likely to have severe illness than others because they have characteristics or medical conditions that increase their risk. these are commonly called risk factors. examples include being 65 years of age or older or having serious underlying medical conditions. cdc is conducting disease surveillance. ,1
we ca nt seem to find the page you were looking for. please try our search or a z index. ,1
washington d.c. april 22 2020 the u.s. centers for disease control and prevention cdc and the united states department of agricultures usda national veterinary services laboratories nvsl today announced the first confirmed cases of sars cov-2 the virus that causes covid-19 infection in two pet cats. these are the first pets in the united states to test positive for sars cov-2. the cats live in two separate areas of new york state. both had mild respiratory illness and are expected. ,1
this document provides guidance to healthcare facilities on the management of visitors to reduce the risk of transmission of sars cov-2 also known as covid-19 virus to visitors of patients with suspected or confirmed covid-19. this document also considers preventing introduction of sars cov2 into healthcare facilities by visitors during periods of community transmission the risk of introduction into facilities increases as community transmission becomes more widespread. facilities should esta. ,1
re use refers to the practice of using the same n95 respirator by one hcp for multiple encounters with different patients but removing it i.e. doffing after each encounter. this practice is often referred to as limited reuse because restrictions are in place to limit the number of times the same respirator is reused. it is important to consult with the respirator manufacturer regarding the maximum number of donnings or uses they recommend for the n95 respirator model. if no manufacturer guid. ,1
personal protective equipment ppe is used every day by healthcare personnel hcp to protect themselves patients and others when providing care. ppe helps protect hcp from potentially infectious patients and materials toxic medications and other potentially dangerous substances used in healthcare delivery. ppe shortages are currently posing a tremendous challenge to the us healthcare system because of the covid-19 pandemic. healthcare facilities are having difficulty accessing the needed. ,1
people experiencing homelessness are at risk for infection during community spread of covid-19. this interim guidance is intended to support response planning by emergency management officials public health authorities and homeless service providers including overnight emergency shelters day shelters and meal service providers. covid-19 is caused by a new coronavirus. we are learning about how it spreads how severe it is and other features of the disease. transmission of covid-19 in your. ,1
while new discoveries continue to be made about covid-19 early reports indicate that person to person transmission most often occurs during close contact with an individual infected with sars cov-2 the virus that causes covid-19. healthcare workers hcws are not only at higher risk of infection but can also amplify outbreaks within healthcare facilities if they become ill. identifying and managing hcws who have been exposed to a patient with covid-19 is of great importance in preventing healt. ,1
the effects of covid-19 on the health of racial and ethnic minority groups is still emerging however current data suggest a disproportionate burden of illness and death among racial and ethnic minority groups. a recent cdc mmwr report included race and ethnicity data from 580 patients hospitalized with lab confirmed covid-19 found that 45 of individuals for whom race or ethnicity data was available were white compared to 55 of individuals in the surrounding community. however 33 of hospit. ,1
the temporary shutdown or reduced operation of a building and reductions in normal water use can create hazards for returning occupants. two potential microbial hazards that should be considered prior to reopening after a period of building inactivity are mold and legionella the cause of legionnaires disease. for mold a prolonged period may be days weeks or months depending upon building specific factors season and weather variables.1 for legionella a prolonged period may be weeks o. ,1
outbreaks of infectious diseases can happen on cruise ships because people spend time close together and with travelers from many countries. disease can spread between ships when crew members from a ship with an outbreak transfer to other ships. infected people may also travel on cruise ships between countries. for these reasons outbreaks of covid-19 on cruise ships pose a risk for rapid spread of disease beyond the voyage and into communities across the globe. because of the unprecedented nat. ,1
people who are homeless are at risk of covid-19. homeless services are often provided in congregate settings which could facilitate the spread of infection. because many people who are homeless are older adults or have underlying medical conditions they may also be at higher risk for severe disease. health departments and healthcare facilities should be aware that people who are homeless are a particularly vulnerable group. if possible identifying non congregate settings where those at high. ,1
many of the recommendations to prevent covid-19 may be difficult for a person experiencing homelessness to do. although it may not be possible to avoid certain crowded locations such as shelters people who are homeless should try to avoid other crowded public settings and public transportation. if possible they should use take away options for food. as is true for everyone they should maintain a distance of about 6 feet two arms length from other people. they also should wash their hands. ,1
covid-19surge is a spreadsheet based tool that hospital administrators and public health officials can use to estimate the surge in demand for hospital based services during the covid-19 pandemic. a user of covid-19surge can produce estimates of the number of covid-19 patients that need to be hospitalized the number requiring icu care and the number requiring ventilator support. the user can then compare those estimates with hospital capacity using either existing capacity or estimates of exp. ,1
the following is a screening tool that can be used to identify people with symptoms that indicate they might have a respiratory infection. although not every person who has respiratory infection symptoms will have coronavirus disease 2019 covid-19 using a tool may be helpful in identifying people who may need medical care. if someone screens positive for symptoms they should be directed to where they can stay either within the shelter or at another location according to a predesignated pl. ,1
as you think about how your facility will deal with the impact of coronavirus disease 2019 covid-19 it is important to work with your local health officials school districts child care licensing boards bodies child care accreditation bodies health consultants and other community partners to determine the most appropriate plan and action. this document is meant to help administrators create emergency operations plans and tailor them to your communitys level of transmission. plan ahead t. ,1
content describing non cdc tools on this site is provided for informational purposes only and is not intended to indicate endorsement actual or implied of the tools. additionally information on this site is provided as is for users to evaluate and make their own determination as to their effectiveness. several other federal agencies are also supporting this critical effort by providing resources occupational safety and health administration list of resources and guidance for workers a. ,1
to ensure continuity of operations of essential functions cdc advises that critical infrastructure workers may be permitted to continue work following potential exposure to covid-19 provided they remain asymptomatic and additional precautions are implemented to protect them and the community. a potential exposure means being a household contact or having close contact within 6 feet of an individual with confirmed or suspected covid-19. the timeframe for having contact with an individual inclu. ,1
functioning critical infrastructure is imperative during the response to the covid-19 emergency for both public health and safety as well as community well being. when continuous remote work is not possible critical infrastructure businesses should use strategies to reduce the likelihood of spreading the disease. this includes but is not necessarily limited to separating staff by off setting shift hours or days and implementing social distancing. these steps can preserve and protect the work. ,1
everyone can do their part to help us respond to this emerging public health threat by following cdc recommendations wear a cloth face covering in public settings to avoid spreading covid-19 to others in case you are infected but do not have symptoms. the cloth face cover is meant to protect other people in case you are infected. the cloth face coverings recommended are not surgical masks or n-95 respirators. those are considered critical supplies that should be reserved for healthcare wo. ,1
niosh approved respirators are available in many types models and sizes from many manufacturers for a wide variety of uses in many occupational settings. the most common types of respirators in healthcare are n95 filtering facepiece respirators ffrs surgical n95 ffrs and paprs. of these three options many healthcare practitioners are the least familiar with paprs. a papr is an air purifying respirator that uses a blower to force air through filter cartridges or canisters and into the bre. ,1
this interim guidance is based on what is currently known about the transmission and severity of coronavirus disease 2019 covid-19 as of the date of posting march 23 2020. the us centers for disease control and prevention cdc will update this guidance as needed and as additional information becomes available. please check the cdc website periodically for updated interim guidance. this document provides interim guidance specific for correctional facilities and detention centers during the o. ,1
this guidance is intended for people living together in close quarters such as people who share a small apartment or for people who live in the same household with large or extended families. older adults 65 and older and people of any age who have serious underlying medical conditions are at higher risk for severe illness from coronavirus disease 2019 covid-19. the following information is aimed to help you protect those who are most vulnerable in your household. if your household inclu. ,1
cdc is using a multi pronged approach to help enhance and complement the efforts of state tribal local and territorial stlt staff through innovative hiring mechanisms designed to address the surge staffing needs of health departments. the covid response corps initiative will help provide access to a variety of mechanisms to complement local efforts to increase capacity. providing flexibilities to applicants and recipients of federal financial assistance affected by covid-19 to redirect fu. ,1
as states develop plans for reopening there is an opportunity for healthcare providers to ensure their patients are up to date with routine vaccinations. with stay at home and shelter in place orders limiting movement outside the home declines in outpatient pediatric visits have resulted in fewer vaccine doses being administered leaving children at risk for vaccine preventable diseases including measles and whooping cough. healthcare providers particularly primary care teams who provide com. ,1
cdc has developed a laboratory blood test to assist with efforts to determine how much of the u.s. population has been infected with sars cov-2 the virus that causes covid-19. cdc is also using its serologic test antibody to evaluate the performance of commercial antibody tests. an antibody test looks for the presence of antibodies which are specific proteins made in response to infections. antibodies can be found in the blood of people who are tested after infection and show that people ha. ,1
for surveillance of covid-19 and its cause sars cov-2 in the united states cdc is using multiple surveillance systems run in collaboration with state local and territorial health departments public health commercial and clinical laboratories vital statistics offices health care providers emergency departments and academic partners to monitor covid-19 disease in the united states. covidview weekly summary. this cdc report provides a weekly summary and interpretation of key indicators t. ,1
no. for hemodialysis patients hospitalized with covid-19 decisions about discharge from the hospital should be based on their clinical status and the ability of the outpatient dialysis facility to meet their care needs and adhere to recommended infection prevention and control practices. decisions about hospital discharge are distinct from decisions about discontinuation of transmission based precautions. for patients with suspected or confirmed covid-19 decisions about discontinuing transmis. ,1
moderate to severe asthma may put people at higher risk for severe illness from covid-19. keep your asthma under control. continue your current medications including any inhalers with steroids in them steroids is another word for corticosteroids. know how to use your inhaler. if possible have another member of your household who does nt have asthma clean and disinfect your house for you. when they use cleaning and disinfecting products have them make sure that people with asthm. ,1
this guidance applies to all pharmacy staff to minimize their risk of exposure to the virus and reduce the risk for customers during the covid-19 pandemic. as a vital part of the healthcare system pharmacies play an important role in providing medicines therapeutics vaccines and critical health services to the public. ensuring continuous function of pharmacies during the covid-19 pandemic is important. during the pandemic pharmacy staff can minimize their risk of exposure to the virus that. ,1
adherence to recommended infection prevention and control practices is an important part of protecting hcp and patients in healthcare settings. all hcp who care for confirmed or suspected covid-19 patients should adhere to standard and transmission based precautions. to the extent feasible healthcare facilities could consider prioritizing hcp who are not at higher risk of developing severe illness from covid-19 or who are not pregnant to care for confirmed or suspected covid-19 patients. if s. ,1
the outbreak of coronavirus disease 2019 covid-19 may be stressful for people. fear and anxiety about a disease can be overwhelming and cause strong emotions in adults and children. coping with stress will make you the people you care about and your community stronger. stress during an infectious disease outbreak can include fear and worry about your own health and the health of your loved ones changes in sleep or eating patterns increased use of alcohol tobacco or other drugs how. ,1
what to do if you get sick if you get sick with fever or cough in the 14 days after you return from travel you might have covid-19 most people are able to recover at home without medical care. if you have trouble breathing or are worried about your symptoms call or text a health care provider. tell them about your recent travel and your symptoms. call ahead before you go to a doctors office or emergency room. if you need to seek essential medical care for other reasons such as dialy. ,1
application and integration of npis into pre pandemic influenza planning preparedness and response learn about npis to help slow the spread of pandemic flu. some of the pandemic flu npi training is applicable to covid-19. free ce. self paced online course application and integration of npis into pre pandemic influenza planning preparedness and responseexternal icon learn about the science on social distancing strategies to support it and how findings from past pandemics as well as the. ,1
given their congregate nature and population served assisted living facilities alfs are at high risk of covid-19 spreading and affecting their residents. if infected with sars cov-2 the virus that causes covid-19 assisted living residentsoften older adults with underlying chronic medical conditionsare at increased risk of serious illness. cdc is aware of suspected and confirmed cases of covid-19 among residents of alfs in multiple states. recent experience with outbreaks in nursing homes. ,1
what to do if you are sick take steps to care for yourself and help protect others in your home and community. learn more. ,1
cdc community mitigation framework actions that individuals businesses health departments and community settings such as schools can take to slow the spread of covid-19. ,1
this document is provided by cdc for use in non us healthcare settings. this document is intended for healthcare facilities that are receiving or are preparing to receive patients with suspected or confirmed coronavirus disease 2019 covid-19. this includes healthcare facilities providing either inpatient or outpatient services. it should be used to guide implementation of procedures at triage that can be effective at preventing transmission of sars cov-2 covid-19 virus to patients and healt. ,1
this document provides guidance on the identification or screening of healthcare workers hcws)[1 and inpatients with suspected covid-19. rational requirements and considerations will be discussed for three broad case identification strategies reporting alerts are initiated by the data source e.g. healthcare worker or treating clinician based on a known set of rules or regulations. reporting alerts are initiated by the data source with an added mechanism to prompt data collection. ,1
covid-19 is a new disease and there is limited information regarding risk factors for severe disease. based on currently available information and clinical expertise older adults and people of any age who have serious underlying medical conditions might be at higher risk for severe illness from covid-19. based on what we know now those at high risk for severe illness from covid-19 are people who live in a nursing home or long term care facility people of all ages with underlying medical c. ,1
the decision to test an animal including companion animals livestock and wild or zoo animals should be made collaboratively using a one health approach between local state and/or federal public health and animal health officials. animal testing for sars cov-2 is available if public health and animal health officials agree the animals case merits testing. table 1 below is not intended to be prescriptive but is rather intended to help guide priorities given limited resources. routine tes. ,1
cdc laboratory scientists are a key line of defense in emerging health threats such as sars cov-2. cdc scientists developed a real time reverse transcription polymerase chain reaction rrt pcr test to detect sars cov-2 the virus that causes covid-19 in respiratory samples from clinical specimens. cdc and state local and territorial health departments are using this viral test to detect and respond to covid-19. cdc scientists also have developed a serology antibody test that will allow us. ,1
the united states federal government maintains a government to government relationship with federally recognized american indian tribes and alaska native ai an entities. the government to government relationship is based in the u.s. constitution treaties federal statutes court decisions and executive branch policies as well as moral and ethical considerations. ,1
the following print only materials are developed to support covid-19 recommendations. all materials are free for download. they may be printed on a standard office printer or you may use a commercial printer. ,1
people who are known or suspected to have covid-19 may use non emergency vehicle services such as passenger vans accessible vans and cars for transportation to receive essential medical care. when transporting a known confirmed positive passenger it is recommended that drivers wear an n95 respirator or facemask if a respirator is not available and eye protection such as a face shield or goggles as long as they do not create a driving hazard and the passenger should wear a facemask or c. ,1
older people and people of any age who have serious underlying health conditions are at higher risk for severe illness from covid-19. people who may have issues getting assistance if they become ill like those experiencing homelessness or people with disabilities are also at increased risk from covid-19. these conditions and situations may result in increased stress during this pandemic. fear and anxiety can be overwhelming and cause strong emotions. things you can do to support yourself t. ,1
fit snugly but comfortably against the side of the face be secured with ties or ear loops allow for breathing without restriction be able to be laundered and machine dried without damage or change to shape cdc recommends wearing cloth face coverings in public settings where other social distancing measures are difficult to maintain e.g. grocery stores and pharmacies especially in areas of significant community based transmission. cdc also advises the use of simple cloth face cover. ,1
covid-19 is thought to spread mainly through close contact from person to person. some people without symptoms may be able to spread the virus. we are still learning about how the virus spreads and the severity of illness it causes. the virus is thought to spread mainly from person to person. between people who are in close contact with one another within about 6 feet. through respiratory droplets produced when an infected person coughs sneezes or talks. these droplets can land in the. ,1
everyone has a role to play to reduce and slow the transmission of covid-19. social distancing is an essential step in preventing the spread of covid-19. social distancing is reducing physical interaction between people and it lowers the chances of spreading illness between people. practice social distancing by putting space at least 6 feet between yourself and others. it is especially important during the covid-19 pandemic to protect people who are at higher risk for severe illness from covid. ,1
this interim guidance is for clinicians caring for patients with confirmed infection with severe acute respiratory syndrome coronavirus 2 sars cov-2 the virus that causes coronavirus disease 2019 covid-19. cdc will update this interim guidance as more information becomes available. the incubation period for covid-19 is thought to extend to 14 days with a median time of 4 5 days from exposure to symptoms onset.1 3 one study reported that 97.5 of persons with covid-19 who develop symptoms. ,1
coronavirus disease 2019 covid-19 is a new disease and we are still learning about how it spreads and the severity of illness it causes. the virus that causes covid-19 is believed to spread person to person between people who are in close contact being within about 6 feet with one another. some people without symptoms may be able to spread the virus. the virus likely spreads primarily through saliva or mucus droplets produced when an infected person coughs sneezes or talks. this is somew. ,1
audience this guidance is intended for use during the coronavirus disease 2019 covid-19 public health emergency by federal state and local public health officials respiratory protection program managers leaders in occupational health services and industrial hygiene programs and other leaders who are responsible for developing and implementing policies and procedures for preventing occupational exposures in non healthcare worksites. purpose this document offers strategies to conserve e. ,1
who this guidance is for federal state local and tribal jurisdictions in the united states considering opening or operating cooling centers during the covid-19 pandemic. purpose this document provides interim guidance to reduce the risk of introducing and transmitting sars cov-2 the agent responsible for causing covid-19 disease in cooling centers. it should be used in conjunction with existing cooling center operation and management plans procedures guidance resources and systems. ,1
coronavirus disease 2019 covid-19 is a respiratory illness caused by a virus called sars cov-2. symptoms often include a fever cough or shortness of breath. our understanding of how the virus is spreading is evolving as we learn more about it so check the cdc website for the latest information. the virus is thought to spread mainly from person to person between people who are in close contact with one another within about 6 feet. through respiratory droplets produced when an infected. ,1
coronavirus disease 2019 covid-19 is a respiratory illness caused by a virus called sars cov-2. symptoms often include a fever cough or shortness of breath. our understanding of how the virus spreads is evolving as we learn more about it so check the cdc website for the latest information. the virus is thought to spread mainly from person to person between people who are in close contact with one another within about 6 feet. through respiratory droplets produced when an infected perso. ,1
these infection prevention and control considerations are for healthcare facilities providing obstetric care for pregnant patients with confirmed coronavirus disease covid-19 or pregnant persons under investigation pui in inpatient obstetric healthcare settings including obstetrical triage labor and delivery recovery and inpatient postpartum settings. this information is intended to aid hospitals and clinicians in applying broader cdc interim guidance on infection control interim infecti. ,1
if you think someone who is incarcerated in the facility is sick with covid-19 see covid-19 symptoms activate your emergency plan and notify local public health officials. ensure that the sick person is wearing a clean disposable facemaskpdf icon and separate the sick person from others ideally within an individual housing space and bathroom. provide them with tissues for when they cough or sneeze and a lined trash receptacle when possible. staff evaluating and providing care for confirm. ,1
a retirement community or independent living facility is a residential or housing community that is usually age restricted e.g. aged 55 and older with residents who are partially or fully retired and can generally care for themselves without regular nursing or other routine medical assistance. communal facilities community activities meals transportation and socialization opportunities may be provided. different types of independent housing with support services for older adults include. ,1
dr. butler shared guidance for the private sector including what cdc knows at this point and what cdc is doing in response to this outbreak. ,1
this interim guidance is based on what is currently known about the transmission and severity of coronavirus disease 2019 covid-19. the us centers for disease control and prevention cdc will update this guidance as needed and as additional information becomes available. please check the cdc covid-19 website periodically for updated interim guidance. health officials are currently taking steps to prevent the introduction and spread of covid-19 into us communities. schools play an important. ,1
as communities across the united states take steps to slow the spread of covid-19 by limiting close contact people are facing new challenges and questions about how to meet basic household needs such as buying groceries and medicine and completing banking activities. the following information provides advice about how to meet these household needs in a safe and healthy manner. find additional information for people who are at higher risk for severe illness from covid-19. ,1
for persons who have not had covid-19 symptoms but tested positive and are under isolation options now include both a 1 time based strategy and 2 test based strategy. persons with laboratory confirmed covid-19 who have not had symptoms and were directed to care for themselves at home may discontinue isolation under the following conditions at least 10 days have passed since the date of their first positive covid-19 diagnostic test assuming they have not subsequently developed symptoms s. ,1
this document was updated to reflect the updates in the interim infection prevention and control recommendations for patients with suspected or confirmed coronavirus disease 2019 covid-19 in healthcare settings. updated ppe recommendations based on local and regional situational analysis of ppe supplies facemasks are an acceptable alternative when the supply chain of respirators can not meet the demand. during this time available respirators should be prioritized for procedures that are l. ,1
do prepare before you visit state and local authorities will decide whether parks and other recreational facilities will open. check with the park in advance to be sure you know which areas or services are open such as bathroom facilities and concessions and bring what you need with you. the national park serviceexternal iconexternal icon will decide on a park by park basis whether a national park will be open. please check with individual parksexternal iconexternal icon for specific detail. ,1
park administrators should consider displaying posters and signs throughout the park to frequently remind visitors to take steps to prevent the spread of covid-19. these messages may include information about staying home if you are sick or do not feel well and what to do if you re sick or feel ill. using social distancing and maintaining at least six feet between individuals in all areas of the park. covering coughs and sneezes with a tissue then throwing the tissue in the trash. was. ,1
the centers for disease control and prevention cdc announced today the extension of a no sail order for all cruise ships. we are working with the cruise line industry to address the health and safety of crew at sea as well as communities surrounding u.s. cruise ship points of entry said cdc director robert redfield. the measures we are taking today to stop the spread of covid-19 are necessary to protect americans and we will continue to provide critical public health guidance to the indu. ,1
the best way to prevent covid-19 is to avoid being exposed to the virus. start by encouraging your staff and members to use everyday preventive actions such as washing hands often avoiding close contact with people and covering coughs and sneezes with a tissue or the inside of the elbow. be sure you have supplies on hand such as such as soap hand sanitizer that contains at least 60 alcohol tissues trash baskets for your staff volunteers and those you serve. cdc has posters with messa. ,1
this interim guidance is based on what is currently known about the coronavirus disease 2019 covid-19. covid-19 is a respiratory illness that can spread from person to person. the outbreak first started in china but the virus continues to spread internationally and in the united states. there is much more to learn about the transmissibility severity and other characteristics of covid-19 and investigations are ongoing. updates are available on cdcs web page at https://www.cdc.gov/coronaviru. ,1
protect yourself and others you can take steps to slow the spread of covid-19. learn more. ,1
the personal protective equipment ppe burn rate calculator excel icon[3 sheets is a spreadsheet based model that will help healthcare facilities plan and optimize the use of ppe for response to coronavirus disease 2019 covid-19. non healthcare facilities such as correctional facilities may also find this tool useful. to use the calculator enter the number of full boxes of each type of ppe in stock gowns gloves surgical masks respirators and face shields for example and the total nu. ,1
a care plan summarizes your health conditions medications healthcare providers emergency contacts and end of life care options for example advance directives. complete your care plan in consultation with your doctor and if needed with help from a family member or home nurse aide. a care plan can have benefits beyond the current pandemic. you can update your care plan every year or any time you have a change in your health or medications. care plans can help reduce emergency room visit. ,1
reviewing the usual absenteeism patterns at your shelter. discussing attendance and sick leave policies with staff. encourage staff and volunteers to stay home when sick. use flexibility when possible to allow staff to stay home to care for sick family members. being open to cross training current employees or hiring temporary employees to help cover for staff who need to be out. read cdcs detailed guidance to learn more about how to get your organization ready for covid-19. cdc a. ,1
this interim guidance outlines goals and strategies suggested for u.s. ambulatory care settings in response to community spread of coronavirus disease-2019 covid-19. ambulatory care settings are where health services or acute care services are provided on an outpatient basis and can include community health centers urgent care centers retail clinics co located in pharmacies grocery stores or mass merchants hospital based outpatient clinics non hospital based clinics and physician offices. ,1
covid-19 is a new disease and we are still learning how it spreads the severity of illness it causes and to what extent it may spread in the united states. disability alone may not be related to higher risk for getting covid-19 or having severe illness. most people with disabilities are not inherently at higher risk for becoming infected with or having severe illness from covid-19. however some people with disabilities might be at a higher risk of infection or severe illness because of their. ,1
the centers for disease control and prevention cdc is working closely with international partners to respond to the coronavirus covid-19 pandemic. cdc provides technical assistance to help other countries increase their ability to prevent detect and respond to health threats including covid-19. this document is provided by cdc and is intended for use in non us healthcare settings. 1. use of this document this document is intended to guide national level coordination healthcare faciliti. ,1
patients at higher risk for infection severe illness and poorer outcomes from covid-19 should protect themselves. includes take steps to protect yourself. call your healthcare provider if you are sick with a fever cough or shortness of breath. follow cdc travel guidelines and the recommendations of your state and local health officials. covid-19 is a new disease and there is limited information regarding risk factors for severe disease. based on currently available information and cl. ,1
indicators that track flu like illness and deaths from pneumonia both elevated at this time cdc is modifying existing surveillance systems to track covid-19 and posted the first of what will be a weekly surveillance report called covidview. the report updated each friday will summarize and interpret key indicators including information related to covid-19 outpatient visits emergency department visits hospitalizations and deaths as well as laboratory data. visits to outpatient provid. ,1
during an infectious disease outbreak such as the current outbreak of covid-19 small business owners must prepare for disruption in their business as well as prepare to protect their employees health and safety in the workplace. coronavirus disease 2019 covid-19 is a respiratory illness that can spread from person to person. it spreads between people who are in close contact with one another within about 6 feet and through respiratory droplets produced when an infected person coughs or s. ,1
limiting face to face contact with others is the best way to reduce the spread of coronavirus disease 2019 covid-19. social distancing also called physical distancing means keeping space between yourself and other people outside of your home. to practice social or physical distancing stay at least 6 feet about 2 arms length from other people do not gather in groups stay out of crowded places and avoid mass gatherings in addition to everyday steps to prevent covid-19 keeping sp. ,1
yes. wearing cloth face coverings is an additional public health measure people should take to reduce the spread of covid-19. cdc still recommends that you stay at least 6 feet away from other people social distancing frequent hand cleaning and other everyday preventive actions. a cloth face covering is not intended to protect the wearer but it may prevent the spread of virus from the wearer to others. this would be especially important if someone is infected but does not have symptoms. view. ,1
cdc has become aware that members of the general public are receiving calls appearing to originate from cdc through caller i d or they are receiving scammer voice mail messages saying the caller is from the centers for disease control and prevention cdc. some calls are requesting donations. downloadable apps and some free websites now make it simple for anyone to spoof a phone call and make it appear to come from any phone number. this is usually done by unscrupulous salespeople in hopes t. ,1
diseases can make anyone sick regardless of their race or ethnicity. fear and anxiety about covid-19 can cause people to avoid or reject others even though they are not at risk for spreading the virus. ,1
cdc continues to study the spread and effects of the novel coronavirus across the united states. we now know from recent studies that a significant portion of individuals with coronavirus lack symptoms asymptomatic and that even those who eventually develop symptoms pre symptomatic can transmit the virus to others before showing symptoms. this means that the virus can spread between people interacting in close proximityfor example speaking coughing or sneezingeven if those people ar. ,1
coronavirus disease 2019 covid-19 is a respiratory illness caused by a virus called sars cov-2. symptoms often include a fever cough or shortness of breath. our understanding of how the virus spreads is evolving as we learn more about it so check the cdc website for the latest information. the virus is thought to spread mainly from person to person between people who are in close contact with one another within about 6 feet. through respiratory droplets produced when an infected pers. ,1
medical examiners coroners and pathologists should immediately notify their local external icon or stateexternal icon health department in the event of the identification of a deceased person with known or suspected covid-19. state and local health departments can contact cdcs emergency operations center eoc at 770 488 7100 for urgent consultation if an autopsy is being considered for a decedent with known or suspected covid-19 or if submission of autopsy tissue specimens or postmortem swa. ,1
this information is based on what we currently know about the spread and severity of coronavirus disease 2019 covid-19. people with moderate to severe asthma may be at higher risk of getting very sick from covid-19. covid-19 can affect your respiratory tract nose throat lungs cause an asthma attack and possibly lead to pneumonia and acute respiratory disease. there is currently no specific treatment for or vaccine to prevent covid-19. the best way to prevent illness is to avoid being e. ,1
there is much to learn about the novel coronavirus sars cov-2 that causes coronavirus disease 2019 covid-19. based on what is currently known about covid-19 spread from person to person of this virus happens most frequently among close contacts within about 6 feet. this type of transmission occurs via respiratory droplets. on the other hand transmission of novel coronavirus to persons from surfaces contaminated with the virus has not been documented. recent studies indicate that people w. ,1
law enforcement who must make contact with individuals confirmed or suspected to have covid-19 should follow cdcs interim guidance for ems. different styles of ppe may be necessary to perform operational duties. these alternative styles i.e. coveralls must provide protection that is at least as great as that provided by the minimum amount of ppe recommended. niosh approved particulate respirator i.e. n-95 or higher level respirator facemasks are an acceptable alternative until the suppl. ,1
remember that children will react to both what you say and how you say it. they will pick up cues from the conversations you have with them and with others. make yourself available to listen and to talk. make time to talk. be sure children know they can come to you when they have questions. avoid language that might blame others and lead to stigma. remember that viruses can make anyone sick regardless of a persons race or ethnicity. avoid making assumptions about who might have covid-. ,1
the data on this page was collected earlier in the u.s. covid-19 outbreak. due to the ongoing community spread of the virus this information is no longer relevant to understanding the current situation. this information is no longer being updated but remains on this page for reference. for the most current data about cases of covid-19 in the us visit the cases of coronavirus disease covid-19 in the u.s. page. ,1
for the purpose of this guidance fever is defined as subjective fever feeling feverish or a measured temperature of 100.4of 38oc or higher. note that fever may be intermittent or may not be present in some people such as those who are elderly immunosuppressed or taking certain medications e.g. nsaids. data are limited to define of close contact. factors to consider when defining close contact include proximity the duration of exposure e.g. longer exposure time likely increases. ,1
until more information becomes available precautions should be taken in handling specimens that are suspected or confirmed for sars cov-2. timely communication between clinical and laboratory staff is essential to minimize the risk incurred in handling specimens from patients with possible sars cov-2 infection. such specimens should be labeled accordingly and the laboratory should be alerted to ensure proper specimen handling. general and specific biosafety guidelines for handling sars cov-2 s. ,1
to slow the spread of coronavirus disease 2019 covid-19 into the united states cdc is working with public health partners to implement travel procedures announced in several presidential proclamations on novel coronavirus. american citizens lawful permanent residents and their families who have been in one of the countries listed below in the past 14 days will be allowed to enter the united states but will be redirected to one of 13 airports. if you are returning from one of these countrie. ,1
it is important to remember that people including those of asian descent who do not live in or have not recently been in an area of ongoing spread of the virus that causes covid-19 or have not been in contact with a person who is a confirmed or suspected case of covid-19 are not at greater risk of spreading covid-19 than other americans. public health emergencies such as the outbreak of coronavirus disease 2019 covid-19 are stressful times for people and communities. fear and anxiety a. ,1
due to extensive community transmission of covid -19 in the area cdc urges residents of new york new jersey and connecticut to refrain from non essential domestic travel for 14 days effective immediately. this domestic travel advisory does not apply to employees of critical infrastructure industries including but not limited to trucking public health professionals financial services and food supply. these employees of critical infrastructure as defined by the department of homeland secur. ,1
cdc recommends that all people defer travel on cruise ships including river cruises worldwide. that s because the risk of covid-19 on cruise ships is high. older adults and people with serious chronic medical conditions such as heart disease diabetes or lung disease should especially defer travel on cruise ships including river cruises because of their increased risk for severe disease. passengers who return from a cruise ship or river cruise voyage are advised to stay home for 14 days. ,1
el covid-19 es una enfermedad nueva y an estamos aprendiendo cmo se propaga. se cree que el virus que causa el covid-19 se propaga principalmente a travs del contacto cercano es decir a una distancia de hasta aproximadamente 6 pies con una persona que tenga en ese momento la enfermedad del coronavirus covid-19. el virus se propaga principalmente a travs de gotitas respiratorias que se producen cuando una persona infectada tose o estornuda del mismo modo que se propagan la influenza y o. ,1
this interim guidance is to help household members plan for community transmission of coronavirus disease 2019 covid-19 in the united states. the centers for disease control and prevention cdc encourages household members to prepare for the possibility of a covid-19 outbreak in their community. covid-19 is caused by a new virus. there is much to learn about its transmissibility severity and other features of the disease. we want to help everyone prepare to respond to this public health th. ,1
when we issued the self quarantining guidance for greater new york city residents leaving this area it was out of an abundance of caution to help protect u.s. areas with lower levels of covid-19 spread. in line with our recommendations for other essential critical infrastructure workers this guidance does not apply to critical transportation and delivery workers who are desperately needed for new york residents to continue their daily lives and respond to the covid-19 outbreak. truck drivers. ,1
if a covid-19 outbreak happens in your community it could last for a long time. depending on the severity of the outbreak public health officials might recommend community actions to reduce exposures to covid-19. these actions can help slow the spread of covid-19 and reduce the impact of disease. if you are an older adult or someone who has severe chronic medical conditions such as heart or lung disease or diabetes you are at higher risk for more serious covid-19 illness. it is very importa. ,1
who is this guidance for. this interim guidance is intended for administrators and leaders of cfbos congregations and places of worship churches synagogues mosques temples etc. voluntary social service agencies and other nonprofit organizations and community organizations. why is this guidance being issued. this guidance is intended to help cfbos prevent the transmission of covid-19 within their facilities and communities. cfbos need to be able to react quickly if there is a confirm. ,1
people experiencing unsheltered homelessness those sleeping outside or in places not meant for human habitation may be at risk for infection when there is community spread of covid-19. this interim guidance is intended to support response to covid-19 by local and state health departments homelessness service systems housing authorities emergency planners healthcare facilities and homeless outreach services. homeless shelters and other facilities should also refer to the interim guidance f. ,1
learn what to do if you are at higher risk for severe illness from covid-19 .. ,1
coronavirus disease covid-19 is a disease caused by the newly emerged coronavirus sars cov-2. course of clinical illness and care received cdc developed the case report form to standardize the reporting of information on covid-19 cases. these data will help us better understand the virus and its impact on health outcomes inform public health response to prevent further spread of sars cov-2 here are two additional resources to help reporting jurisdiction health departments complete the. ,1
the true impact of a covid-19 outbreak in a u.s. community can not be predicted. however all healthcare facilities can take steps now to prepare for such an outbreak and protect both their patients and staff. ,1
ask residents to actively monitor at least daily for covid-19 symptoms including fever and respiratory symptoms shortness of breath new or change in cough. administrators should work with local health authorities to establish procedures for those who become sick. sick residents should avoid contact with individuals who are healthy. if you think someone may have covid-19 ask them to self isolate and you should contact local health officials. ,1
this interim guidance is for staff at local and state health departments infection prevention and control professionals and healthcare personnel who are coordinating the home care and isolation1 of people with confirmed or suspected covid-19 infection including persons under investigation see criteria to guide evaluation of persons under investigation pui for covid-19. this includes patients evaluated in an outpatient setting who do not require hospitalization i.e. patients who are medi. ,1
during a large scale public health emergency involving a respiratory disease like covid-19 federal state or local stockpiled ventilators should be deployed in a way that optimizes the effectiveness efficiency and equity of this scarce resource. decisions on the allocation of stockpiled ventilators to facilities should be based on multiple factors including:1 ethical considerations to inform how this scarce resource is provided to facilities to save as many lives as possible input from. ,1
administrators should always reinforce healthy practices among their staff and students as well as prepare for a potential case of covid-19 regardless of the current level of community transmission. as you create and update your preparedness plans work with your local health officials to determine the most appropriate plan and actions for your school or program. together you will need to consider your local community situationwhether you have local transmission in your community and if so. ,1
all laboratories should perform a site specific and activity specific risk assessment to identify and mitigate risks and determine if enhanced biosafety precautions are warranted based on situational needs such as high testing volumes and the likelihood to generate infectious droplets and aerosols. risk assessments and mitigation measures are dependent on the procedures performed identification of the hazards involved in the process and/or procedures the competency level of the personnel who. ,1
on march 18 2020 this report was posted online as an mmwr early release. long term care facilities should take proactive steps to protect the health of residents and preserve the health care workforce by identifying and excluding potentially infected staff members restricting visitation except in compassionate care situations ensuring early recognition of potentially infected patients and implementing appropriate infection control measures. on february 28 2020 a case of coronavirus dise. ,1
on march 18 2020 this report was posted online as an mmwr early release. covid-19 can result in severe disease including hospitalization admission to an intensive care unit and death especially among older adults. everyone can take actions such as social distancing to help slow the spread of covid-19 and protect older adults from severe illness. this first preliminary description of outcomes among patients with covid-19 in the united states indicates that fatality was highest in person. ,1
there is currently no vaccine to prevent covid-19. the best way to prevent getting sick is to avoid exposure to the virus. people with hiv should take everyday preventive actions to help prevent the spread of covid-19. people with hiv should also continue to maintain a healthy lifestyle. this includes getting at least 8 hours of sleep and reducing stress as much as possible. staying healthy helps your immune system fight off infection should it occur. if you have hiv and are taking you. ,1
this interim guidance is based on what is currently known about the transmission and severity of coronavirus disease 2019 covid-19. the us centers for disease control and prevention cdc will update this guidance as needed and as additional information becomes available. please check the following cdc website periodically for updated interim guidance https://www.cdc.gov/coronavirus/2019-ncov/index.html. health officials are currently taking steps to prevent the introduction and spread of c. ,1
as you plan and prepare you should reinforce healthy practices to everyone on campus and prepare for a potential case of covid-19 regardless of the level of community transmission. as you create and update your preparedness plans work with your local health officials to determine the most appropriate plan and action for your college or university. together you will need to consider your local community situationwhether you have local transmission in your community and if so the level of. ,1
audience these considerations are intended for use by federal state and local public health officials leaders in occupational health services and infection prevention and control programs and other leaders in healthcare settings who are responsible for developing and implementing policies and procedures for preventing pathogen transmission in healthcare settings. purpose this document offers a series of strategies or options to optimize supplies of facemasks in healthcare settings when th. ,1
audience these considerations are intended for use by federal state and local public health officials leaders in occupational health services and infection prevention and control programs and other leaders in healthcare settings who are responsible for developing and implementing policies and procedures for preventing pathogen transmission in healthcare settings. purpose this document offers a series of strategies or options to optimize supplies of eye protection in healthcare settings wh. ,1
audience these considerations are intended for use by federal state and local public health officials leaders in occupational health services and infection prevention and control programs and other leaders in healthcare settings who are responsible for developing and implementing policies and procedures for preventing pathogen transmission in healthcare settings. purpose this document offers a series of strategies or options to optimize supplies of isolation gowns in healthcare settings w. ,1
"on march 17 2020 this report was posted online as an mmwr early release. an outbreak of coronavirus disease 2019 covid-19 among passengers and crew on a cruise ship led to quarantine of approximately 3,700 passengers and crew that began on february 3 2020 and lasted for nearly 4 weeks at the port of yokohama japan 1. by february 9 20 cases had occurred among the ships crew members. by the end of quarantine approximately 700 cases of covid-19 had been laboratory confirmed among passe. ",1
due to widespread transmission in santa clara ca cdc recommends expanded and laser focused community mitigation activities to help slow the spread of respiratory virus infections including the novel coronavirus sars c0v-2 the cause of the disease covid-19. these approaches are used to minimize morbidity and mortality of covid-19 as well as to minimize the social and economic impacts of covid-19. individuals communities businesses and healthcare organizations are all part of a community mi. ,1
at this time most of the cases of covid-19 are related to a single cluster associated with a conference at a hotel in boston ma. due to the current level of covid-19 transmission in massachusetts cdc recommends certain community mitigation activities to help slow the spread of covid-19 into the community and to protect vulnerable members of the community. cdc recommends the following interventions be implemented at this time table. these recommendations may be updated if necessary based o. ,1
due to widespread transmission in seattle washington cdc recommends extensive community mitigation activities to support slowing the spread of respiratory virus infections. these approaches are used to minimize morbidity and mortality caused by covid-19 and minimize social and economic impacts of covid-19. individuals communities businesses and healthcare organizations are all part of a community mitigation strategy. given the widespread community transmission in seattle wa and the extens. ,1
this interim guidance is intended for organizers and staff responsible for planning mass gatherings or large community events in the united states. a mass gathering is a planned or spontaneous event with a large number of people in attendance that could strain the planning and response resources of the community hosting the event such as a concert festival conference or sporting event. guidance specific to schools and childcare settings institutions of higher education and community- and f. ,1
who this is for healthcare providers and public health officials managing immunocompromised persons with coronavirus disease 2019 covid-19 under home isolation. limited information is available to characterize the spectrum of clinical illness transmission efficiency and the duration of viral shedding for immunocompromised persons with novel coronavirus disease covid-19. experience from other respiratory viral infections in particular influenza suggests that persons with covid-19 may sh. ,1
if there is minimal or moderate spread of covid-19 in the community cdc recommends cancelling an event that includes 250 people or more. 3/29/20 update the presidents coronavirus guidelines for americaslow the spread of coronavirus covid-19 event likely to have 10 or more people who are at higher risk of serious covid-19 illness. this includes older adults and people with underlying health problems such as lung or heart disease and diabetes. if there is substantial spread of covid. ,1
"on march 13 2020 this report was posted online as an mmwr early release. coronavirus disease 2019 covid-19 was first reported in wuhan china in december 2019 and has since spread globally resulting in 95,000 confirmed covid-19 cases worldwide by march 5 2020 1. singapore adopted a multipronged surveillance strategy that included applying the case definition at medical consults tracing contacts of patients with laboratory confirmed covid-19 enhancing surveillance among different pa. ",1
get ready. steps you take to prepare your clinic for flu also can help protect your patients and healthcare workers from covid-19. ,1
there is much to learn about the novel coronavirus sars cov-2 that causes coronavirus disease 2019 covid-19. based on what is currently known about sars cov-2 and about similar coronaviruses spread from person to person happens most frequently among close contacts within about 6 feet. this type of transmission occurs via respiratory droplets. transmission of sars cov-2 to persons from surfaces contaminated with the virus has not been documented. transmission of coronavirus in general occu. ,1
summary of key changes for the ems guidance updated ppe recommendations for the care of patients with known or suspected covid-19 facemasks are an acceptable alternative until the supply chain is restored. respirators should be prioritized for procedures that are likely to generate respiratory aerosols which would pose the highest exposure risk to hcp. eye protection gown and gloves continue to be recommended. if there are shortages of gowns they should be prioritized for aerosol g. ,1
this guidance is for institutes of higher education with students participating in international travel or study abroad programs. given the global outbreak of novel coronavirus covid-19 institutes of higher education ihe should consider postponing or canceling upcoming student international travel programs. ihe should consider asking current program participants to return to their home country. those overseeing student international travel programs should be aware that students may face unp. ,1
summary the centers for disease control and prevention cdc continues to closely monitor and respond to the covid-19 outbreak caused by the novel coronavirus sars cov-2. this cdc health alert network han update highlights guidance and recommendations for evaluating and identifying patients who should be tested for covid-19 that were shared on march 4 2020 on the cdc covid-19 website at https://www.cdc.gov/coronavirus/2019-ncov/hcp/clinical-criteria.html. it supersedes the guidance and r. ,1
what is the current situation. cdc typically posts travel health notices for countries and other international destinations not conveyances such as ships airplanes or trains. because of the unprecedented nature of the novel coronavirus pandemic and the increased risk of transmission of covid-19 on cruise ships the us government is advising us travelers to defer all cruise travel. recent reports of covid-19 on cruises highlight the risk of infections to cruise passengers and crew. like ma. ,1
community- and faith based organizations are encouraged to prepare for the possibility of a coronavirus disease 2019 covid-19 outbreak in their communities. use this checklist to protect the health of those you serve and staff in your care. also view a handout from hhs that includes recommended preventative practices and faqs for faith based and community leaders pdf icon[pdf 917 kb]external icon. ,1
on march 3 2020 this report was posted online as an mmwr early release. in december 2019 an outbreak of coronavirus disease 2019 covid-19 caused by the virus sars cov-2 began in wuhan china 1. the disease spread widely in china and as of february 26 2020 covid-19 cases had been identified in 36 other countries and territories including the united states. person to person transmission has been widely documented and a limited number of countries have reported sustained person to p. ,1
"as of february 24 2020 a total of 1,336 cdc staff members have been involved in the covid-19 response including clinicians i.e. physicians nurses and pharmacists epidemiologists veterinarians laboratorians communicators data scientists and modelers and coordination staff members. of these cdc staff members 497 37 have been deployed to 39 locations in the united states and internationally including cdc quarantine stations at u.s. ports of entry state and local health departmen. ",1
front line healthcare personnel in the united states should be prepared to evaluate patients for coronavirus disease 2019 covid-19. the following checklist highlights key steps for healthcare personnel in preparation for transport and arrival of patients with confirmed or possible covid-19. stay up to date on the latest information about signs and symptoms viral testing and case definitions for coronavirus disease 2019. review your infection prevention and control policies and cdc infe. ,1
early detection prevention and control of coronavirus disease 2019 covid-19 on ships is important to protect the health of travelers on ships and to avoid transmission of the virus by disembarking passengers and crew members who are suspected of having covid-19. the latest situation summary updates are available on cdcs web page coronavirus disease 2019. this document provides guidance for ships originating from or stopping in the united states to help prevent detect and medically man. ,1
sars cov-2 the virus that causes covid-19 was isolated in the laboratory and is available for research by the scientific and medical community. one important way that cdc has supported global efforts to study and learn about sars cov-2 in the laboratory was by growing the virus in cell culture and ensuring that it was widely available. researchers in the scientific and medical community can use virus obtained from this work in their studies. cdc is using sars cov-2 in various ways including. ,1
who and the european investment bank enhance cooperation to support countries in addressing the health impact of covid-19 the first phase will address urgent needs and strengthen primary health care in ten african countries enhanced who eib partnership will scale up financing to assure the chain of essential supplies including personal protective equipment diagnostics and clinical management new initiative will accelerate investment in health preparedness and primary health care with. ,1
"heads of state and global health leaders today made an unprecedented commitment to work together to accelerate the development and production of new vaccines tests and treatments for covid-19 and assure equitable access worldwide. the covid-19 pandemic has already affected more than 2.4 million people killing over 160,000. it is taking a huge toll on families societies health systems and economies around the world and for as long as this virus threatens any country the entire world is a. ",1
milan has gone completely quiet says valentina tommasi an italian nurse and professor. there is no traffic no people in the city. but inside milans hospitals there are more people than ever thought possible including hundreds of nurses like valentina caring for patients critically ill with covid19. valentina is helping to organize beds in the mornings and in the afternoons she s teaching nurses online. we need nurses to continue their education and graduate because right now we ne. ,1
geneva and washington d.c. a new coronavirus disease covid-19 solidarity response fund will raise money from a wide range of donors to support the work of the world health organization who and partners to help countries respond to the covid-19 pandemic. the fund the first of its kind enables private individuals corporations and institutions anywhere in the world to come together to directly contribute to global response efforts and has been created by the united nations foundation and. ,1
algeria with the second highest covid-19 cases in africa set up a call centre in the capital algiers on 26 february a day after it confirmed the first case of the virus to boost early detection and help contain wider spread of the disease. around 10 days after being established more than 46 000 people had called the centres 24-hour toll free number. amid answering dozens of calls dr bahia bousri explains that she mainly provides callers with information about the disease and if there is. ,1
geneva. the world health organization who global tb programme along with who regional and country offices has developed an information note in collaboration with stakeholders. this note is intended to assist national tb programmes and health personnel to urgently maintain continuity of essential services for people affected with tb during the covid-19 pandemic driven by innovative people centred approaches as well as maximizing joint support to tackle both diseases. it is important that t. ,1
who resources for protection of health workers and emergency responders the protection of health workers is one of the priorities for the response to covid19 outbreaks. occupational health services in health care facilities have an important role for protecting health workers and ensuring the business continuity of health care services. corona virus disease covid-19 outbreak rights roles and responsibilities of health workers including key considerations for occupational safety and healt. ,1
who supported romanias 24h/7 national hotline tel verde green line. the line has answered over 150 000 calls from romanians asking for the latest information and advice on covid-19. the hotline employs medical and health experts. the hotline serves three critical purposes to respond to covid19 who europe provides financial support to engage responders technical assistance to the romanian authorities and green line on logistical planning and rapid fact checking as well as background doc. ,1
who and unicef today announced an agreement to work together on covid-19 response through the historic covid-19 solidarity response fund powered by the united nations foundation and swiss philanthropy foundation. the covid-19 solidarity response fund has been set up to facilitate an unprecedented global response by supporting the who strategic preparedness and response plan. as part of the agreement an initial portion of the money from the fund which currently stands at more than 127 milli. ,1
during a mission to egypt to provide covid-19 technical support. the objectives of the mission were to understand the current situation review ongoing response activities provide on site technical support and identify strengths and gaps to guide response priorities. the mission which took experts to cairo and other places concluded that egypt is making substantial efforts to control covid-19 outbreak. significant work is being done especially in the areas of early detection laborator. ,1
as the world comes together to tackle the covid-19 pandemic it is important to ensure that essential health services and operations are continued to protect the lives of people with tb and other diseases or health conditions. health services including national programmes to combat tb need to be actively engaged in ensuring an effective and rapid response to covid-19 while ensuring that tb services are maintained. in the lead- up to world tb day dr tedros adhanom ghebreyesus who director ge. ,1
a new story book that aims to help children understand and come to terms with covid-19 has been produced by a collaboration of more than 50 organizations working in the humanitarian sector including the world health organization the united nations childrens fund the united nations high commissioner for refugees the international federation of red cross and red crescent societies and save the children. with the help of a fantasy creature ario my hero is you how kids can fight covid-19. ,1
31 dec 2019 wuhan municipal health commission china reported a cluster of cases of pneumonia in wuhan hubei province. a novel coronavirus was eventually identified. 1 january 2020 who had set up the imst incident management support team across the three levels of the organization headquarters regional headquarters and country level putting the organization on an emergency footing for dealing with the outbreak. 4 january 2020 who reported on social media that there was a cl. ,1
since late january 2020 who has been providing support to the response to covid-19 of the government of the islamic republic of afghanistan in the following areas training of health workers in infection prevention and control. health information and screening at the points of entry. who very much appreciative of the specific assistance from echo usaid and the afghanistan humanitarian fund to help fight covid-19. ,1
on 31 december 2019 who was informed of a cluster of cases of pneumonia of unknown cause detected in wuhan city hubei province of china. chinese authorities identified the sars cov-2 as the causative virus on 7 january 2020 and the disease was named coronavirus disease 2019 covid-19 by who on 11 february 2020. as part of who s response to the outbreak a research and development r&d blueprint has been activated to accelerate the development of diagnostics vaccines and therapeutics for th. ,1
as part of its public health response to covid-19 who has worked with partners to develop a factsheet which addresses myths and provides guidance during the pandemic alcohol and covid-19 what you need to know. fear and misinformation have generated a dangerous myth that consuming high strength alcohol can kill the covid-19 virus. it does not. consuming any alcohol poses health risks but consuming high strength ethyl alcohol ethanol particularly if it has been adulterated with methanol. ,1
the ministry of health of djibouti confirmed the countrys first case of covid-19 a spanish national who arrived on a military flight and was directly put in quarantine. other spanish military passengers are being quarantined with support from the french military base. the first confirmed case of covid-19 in djibouti reaffirms the message that no country is immune to this disease and that surveillance prevention and hygiene promotion are the best preparedness actions a country can take. we m. ,1
who s focus at all times is to ensure that all areas of the globe have the information they need to manage the health of their people. in a recent interview the who official who headed the joint international mission to china did not answer a question on taiwans response to the covid-19 outbreak. the question of taiwanese membership in who is up to who member states not who staff. however who is working closely with all health authorities who are facing the current coronavirus pandemic in. ,1
geneva as the world comes together to tackle the covid-19 pandemic it is important to ensure that essential health services and operations are continued to protect the lives of people with tb and other diseases or health conditions. health services including national programmes to combat tb need to be actively engaged in ensuring an effective and rapid response to covid-19 while ensuring that tb services are maintained. in the lead- up to world tb day dr tedros adhanom ghebreyesus who d. ,1
there is no evidence that the bacille calmette gurin vaccine bcg protects people against infection with covid-19 virus. two clinical trials addressing this question are underway and who will evaluate the evidence when it is available. in the absence of evidence who does not recommend bcg vaccination for the prevention of covid-19. who continues to recommend neonatal bcg vaccination in countries or settings with a high incidence of tuberculosis.1 there is experimental evidence from both ani. ,1
thanks to the european commission support amounting to 30 million who euro is ensuring the procurement of medicines medical equipment and tests as well as personal protective equipment ppe for health care workers in 6 eastern partnership countries and who european region member states armenia azerbaijan belarus georgia the republic of moldova and ukraine. the support will allow these countries to meet immediate needs in their responses to covid-19. in addition training of medical a. ,1
the first united nations solidarity flight is scheduled to leave addis ababa ethiopia today from there the aircraft will transport the vital medical cargo to all countries in africa where supplies are desperately needed to contain the spread of covid-19. who cargo is being transported by the united nations world food programme wfp and includes face shields gloves goggles gowns masks medical aprons and thermometers as well as ventilators. the cargo also includes a large quantit. ,1
due to the global shortage who and the covid-19 crisis cell of basrah university in southern iraq have successfully produced urgently needed laboratory supplies to speed up testing of suspected cases. the university manufacturing team produced more than 1620 vtm in addition to 3200 nasal swabs. this new production along with the reverse transcriptase prc rt pcr kits provided by who has facilitated the testing of hundreds of suspected cases in southern iraq. the basrah crisis cell has al. ,1
as the current outbreak of the coronavirus disease covid-19 continues to develop the world health organization who and the world tourism organization unwto are committed to working together in guiding the travel and tourism sectors response to covid-19. on 30 january 2020 the director general of the world health organization who declared the outbreak of covid-19 to be a public health emergency of international concern and issued a set of temporary recommendations. who did not recomme. ,1
in a coordinated effort to combat the coronavirus covid-19 pandemic the international chamber of commerce icc and the world health organization who have agreed to work closely to ensure the latest and most reliable information and tailored guidance reaches the global business community. the covid-19 pandemic is a global health and societal emergency that requires effective immediate action by governments individuals and businesses. all businesses have a key role to play in minimising the. ,1
who has issued guidance on mass gatherings with tools that help countries assess risks and determine if events should be cancelled or modified. who also published guidance specifically for religious leaders and faith based groups in the context of covid-19. the new guidance aims to help them better protect their communities throughout the pandemic. the guidance also includes information on safely holding gatherings where they are permitted using technology to maintain community and continue wor. ,1
the haitian government is stepping up preparedness for a possible response to covid-19. the prime minister joseph jouthe met with representatives of the who paho office to discuss the actions needed focused in improving access to health services and hospitals to provide care for all who need it. to support the response who paho provided 500 test kits for covid-19 and training on laboratory diagnosis and detection of the disease. the prime minister affirmed commitment to increase funding for. ,1
who europe published interim guidance on how to deal with the coronavirus disease covid-19 in prisons and other places of detention entitled preparedness prevention and control of covid-19 in prisons and other places of detention. the guidance provides useful information to staff and health care providers working in prisons and to prison authorities. it explains how to prevent and address a potential disease outbreak and stresses important human rights elements that must be respected in. ,1
to gauge the need for supplies equipment and health work force requirements during the covid-19 pandemic who has developed a suite of complimentary surge calculators -- one for supplies and two for health workforce. covid-19 essential supplies forecasting tool projects essential supply needs including the estimation of personal protective equipment diagnostic equipment biomedical equipment for case management essential drugs for supportive care and consumable medical supplies. the hea. ,1
the covid-19 pandemic is testing the resilience of robust health systems around the world. recognizing the heavy toll that malaria exacts on vulnerable populations in sub saharan africa as well as the regions fragile health infrastructure who underlines the critical importance of sustaining efforts to prevent detect and treat malaria. as covid-19 continues its rapid spread who would like to send a clear message to malaria affected countries in africa said dr pedro alonso director of th. ,1
who europe held the second in a new series of weekly online media briefings and facebook live event to keep journalists and broadcasters across the european region up to date with the latest news and developments in the global effort to beat coronavirus. the covid-19 pandemic is impacting the global population in drastic ways. in many countries older people are facing the most threats and challenges at this time. although all age groups are at risk of contracting covid-19 older people face si. ,1
this medical product alert warns consumers healthcare professionals and health authorities against a growing number of falsified medical products that claim to prevent detect treat or cure covid-19. the coronavirus disease covid-19 pandemic caused by the virus sars cov-2 has increased demand for medicines vaccines diagnostics and reagents all related to covid-19 creating an opportunity for ill intended persons to distribute falsified medical products due diligence is required from al. ,1
who has received overwhelming pro bono support from technology companies to fight the covid-19 pandemic. on 2 april 30 of the worlds leading digital technology experts gathered in a virtual roundtable to help advance who s collaborative response to covid-19. this pandemic has triggered an unprecedented demand for digital health technology solutions and has revealed successful solutions such as for population screening tracking the infection prioritizing the use and allocation of resources. ,1
this version updates the 27 march publication by providing definitions of droplets by particle size and adding three relevant publications. modes of transmission of the covid-19 virus respiratory infections can be transmitted through droplets of different sizes when the droplet particles are 5 10 m in diameter they are referred to as respiratory droplets and when then are 5 m in diameter they are referred to as droplet nuclei.1 according to current evidence covid-19 virus is primarily t. ,1
the covid-19 pandemic is straining health systems worldwide. the rapidly increasing demand on health facilities and health care workers threatens to leave some health systems overstretched and unable to operate effectively. previous outbreaks have demonstrated that when health systems are overwhelmed mortality from vaccine preventable and other treatable conditions can also increase dramatically. during the 2014 2015 ebola outbreak the increased number of deaths caused by measles malaria hi. ,1
the world health organization who regional office for africa hosted its first virtual hackathon bringing together 100 leading innovators from across sub saharan africa in a bid to pioneer creative local solutions to the covid-19 pandemic and address critical gaps in the regional response. proposed solution uses a mobile platform that incorporates screening at the community level mass testing and validation as well as the mapping of risk levels in different areas in real time for stakeholde. ,1
a team of experts from the world health organization who concluded a covid-19 technical support mission to egypt on 25 march 2020. the objectives of the mission were to understand the current situation review ongoing response activities provide on site technical support as needed and identify strengths and gaps to guide response priorities. considerable efforts have been made by the government in allocating additional dedicated human and financial resources needed to contain the outbreak. ,1
who experts and partners are assisting the lao ministry of health in all aspects of preparedness and response. these include sourcing medical equipment such as ventilators and laboratory equipment and medical supplies such as masks eye protectors and other protective equipment plus the materials needed to test. providing guidance and training on use of medical equipment and supplies. technical support for preparedness planning for detection of covid-19 cases contact tracing and labor. ,1
this new searchable database provides access to technical guidelines scientific publications and ongoing research protocols from the americas and affected countries worldwide regarding the coronavirus disease covid-19 pandemic. recommendations and guidance from the pan american health organization and the world health organization are also included making it a useful platform of trusted information for decision and policy making authorities researchers health professionals and individua. ,1
as of todays reports the global number of confirmed cases of covid-19 has surpassed 100 000. as we mark this sombre moment the world health organization who reminds all countries and communities that the spread of this virus can be significantly slowed or even reversed through the implementation of robust containment and control activities. china and other countries are demonstrating that spread of the virus can be slowed and impact reduced through the use of universally applicable actions. ,1
no pharmaceutical products have yet been shown to be safe and effective for the treatment of covid-19. however a number of medicines have been suggested as potential investigational therapies many of which are now being or will soon be studied in clinical trials including the solidarity trial co sponsored by who and participating countries. in many countries doctors are giving covid-19 patients medicines that have not been approved for this disease. the use of licensed medicines for indicat. ,1
the covid-19 health system response monitor hsrm is a new online platform to provide countries and stakeholders in the who european region with evidence of how national health systems are responding to the covid-19 pandemic. hsrm currently includes up to date information for the following countries more countries will be added to the platform. the new website will systematically map and analyse health system responses to the pandemic across the region. it is a joint undertaking between the. ,1
the first united nations solidarity flight to addis ababa transported the vital medical cargo to all countries in africa where supplies are desperately needed to contain the spread of covid-19. who cargo was transported by the united nations world food programme wfp and included one million face masks as well as personal protective equipment such as face shields gloves goggles gowns medical aprons enough to protect health workers who are treating more than 30 000 patients across the. ,1
who has listed the first two diagnostic tests for emergency use during the covid-19 pandemic. the move should help increase access to quality assured accurate tests for the disease. it also means that the tests can now be supplied by the united nations and other procurement agencies supporting the covid-19 response. both in vitro diagnostics the tests are genesig real time pcr coronavirus covid-19 and cobas sars cov-2 qualitative assay for use on the cobas 6800/8800 systems. the emergenc. ,1
the covid-19 pandemic is having a devastating impact across the world. efforts to contain the coronavirus are vital to the health of the worlds population but they are also exposing children to increased risk of violence including maltreatment gender based violence and sexual exploitation. as leaders of organisations committed to ending violence against children we come together in solidarity to share our deep concern call for action and pledge our support to protect children from violen. ,1
in response to the growing covid-19 pandemic and shortages of laboratory based molecular testing capacity and reagents multiple diagnostic test manufacturers have developed and begun selling rapid and easy to use devices to facilitate testing outside of laboratory settings. these simple test kits are based either on detection of proteins from the covid-19 virus in respiratory samples e.g. sputum throat swab or detection in blood or serum of human antibodies generated in response to infecti. ,1
the who country office in china supported by the regional office for the western pacific and global headquarters has provided the government of china with technical advice on detection testing isolation and quarantine measures to support a rapid response to contain the outbreak since the start. who works closely with chinese experts and other partners to better understand the virus and ensure all players work together in collaboration. who plays a critical role in providing advice to the p. ,1
the world health organization called on member states in south east asia region to urgently scale up aggressive measures to combat covid-19 as confirmed cases cross 480 and the disease claims eight lives. the situation is evolving rapidly. we need to immediately scale up all efforts to prevent the virus from infecting more people said dr poonam khetrapal singh regional director who south east asia region. eight of the 11 countries of who south east asia region have confirmed cases of covi. ,1
who paho is implementing a comprehensive plan to support country preparedness efforts for the outbreak associated with the new coronavirus covid-19. virus detection requires high complexity tests that identify the specific genetic fingerprint of the virus. to support the implementation of the virus detection in barbados who paho conducted trainings at the best dos santos public health laboratory. the two day training which commenced on 10 february 2020 was facilitated by virologist dr lione. ,1
azerbaijan is 1 of the 17 countries in the who european region that is receiving personal protective equipment and laboratory testing kits from who with a first round in february and a second one currently being shipped. who deployed experts to the country for a mission to support preparedness and response. during the five day mission the team visited national and regional hospitals laboratories discussed the national plan to detect and treat people with covid-19. the team also worked with. ,1
"when kenya announced the countrys first case of covid-19 the government shifted swiftly into response mode. with the help of who the kenyan government had already created four rapid response teams in the ministry of healths emergency operations centre set up a hotline and established a coronavirus isolation and treatment unit at kenyatta national referral hospital. dr. jackson njoroge is one of 1,500 clinicians trained as a rapid responder to the outbreak. as dr. njoroge checked the perso. ",1
in an effort to better inform the world about codiv-19 the who has launched a facebook messenger version of its who health alert platform offering instant and accurate information about covid-19 via facebooks global reach. the who s health alert interactive service can now be accessed in english french spanish and arabic through who s official facebook page by selecting send message or through the dedicated messenger link. the who health alert service has already reached 12 million. ,1
who has released a substantial update to its covid-19 information dashboard. it allows access to current and reliable data on covid-19 cases submitted directly to who by countries. the upgrade was developed and supported by the who technology for covid-19 initiative a pro bono collaboration of technology companies brought together by who to fight the pandemic. a prominent new feature is the release of the mobile friendly version. in addition the dashboard has a clean and modern interface and. ,1
real time training during global emergencies is critical for effective preparedness and response. the covid-19 channel provides learning resources for health professionals decision makers and the public for the outbreak of coronavirus disease covid-19. as the outbreak continues to evolve new resources will be added and existing courses will be updated to best reflect the changing context. please visit the covid-19 national languages channel to access the courses in additional languages. ,1
a team of who experts is currently in azerbaijan working with the national response committee to develop a 36-month national preparedness and response plan for covid-19. to date azerbaijan has confirmed a small number of imported cases of covid-19. the country shares a border with iran where many cases of covid-19 have been confirmed. during the 5-day mission on 913 march the team is coordinating with the ministry of health and the agency for health care management tabib and visiting. ,1
in the face of the covid-19 crisis we are all vulnerable. the virus has shown that it does not discriminate but many refugees those forcibly displaced the stateless and migrants are at heightened risk. three quarters of the worlds refugees and many migrants are hosted in developing regions where health systems are already overwhelmed and under capacitated. many live in overcrowded camps settlements makeshift shelters or reception centers where they lack adequate access to health servic. ,1
a who tool for rapid flexible and cost effective monitoring of public knowledge risk perceptions behaviours and trust is now available to countries in the who european region to make their covid-19-related response relevant and actionable. the outbreak is placing an overwhelming burden on health systems and authorities to respond with effective and appropriate interventions policies and messages. one of the most critical elements of reducing virus transmission is public behaviour. ,1
through a series of trainings and simulation exercises as well as delivery of personal protective equipment ppe and test kits the ministry of health of kyrgyzstan in collaboration with who and partners has been taking measures to ensure the country is better equipped to respond to a covid-19 outbreak. who with partners delivered 1300 test kits 10 000 surgical masks and pairs of gloves 1400 gowns and 200 pairs of protective goggles and face masks. in addition who kyrgyzstan office local. ,1
on 23 march saudi arabia helped airlift who medical equipment and supplies from who s logistics hub in dubai to aden yemen. the shipment which included personal protective items for health workers laboratory screening tests trauma medication and other medical supplies was to be distributed to sanaa and aden to support readiness for covid-19 as well as to the humanitarian response to the ongoing conflict. on 9 march saudi arabia delivered a shipment of medical equipment to wuhan city in. ,1
geneva new york the international federation of the red cross ifrc unicef and the world health organization who today issued new guidance to help protect children and schools from transmission of the covid-19 virus. the guidance provides critical considerations and practical checklists to keep schools safe. it also advises national and local authorities on how to adapt and implement emergency plans for educational facilities. in the event of school closures the guidance includes recomme. ,1
geneva 23 march 2020 fifa the international governing body of football and the world health organization who have teamed up to combat the coronavirus covid-19 by launching a new awareness campaign led by world renowned footballers who are calling on all people around the world to follow five key steps to stop the spread of the disease. the pass the message to kick out coronavirus campaign promotes five key steps for people to follow to protect their health in line with who guidance. ,1
dr tedros adhanom ghebreyesus director general of the world health organization addressed heads of state at todays extraordinary g20 leaders summit focused on covid-19. he told them you have come together to confront the defining health crisis of our time we are at war with a virus that threatens to tear us apart if we let it. he welcomed the g20s initiative to find joint solutions and work together this is a global crisis that requires a global response. dr tedros call was cle. ,1
who has launched a dedicated messaging services in arabic english french hindi italian spanish and portuguese with partners whatsapp and facebook to keep people safe from coronavirus. this easy to use messaging service has the potential to reach 2 billion people and enables who to get information directly into the hands of the people that need it. from government leaders to health workers and family and friends this messaging service provides the latest news and information on coronavirus. ,1
7 april 2020 nurses account for more than half of all the worlds health workers providing vital services throughout the health system. around the world they are demonstrating their compassion bravery and courage as they respond to the covid-19 pandemic and never before has their value been more clearly demonstrated. a new report by who in partnership with the international council of nurses and nursing now released today reveals that there are just under 28 million nurses worldwide. b. ,1
the overall goal of the joint mission was to rapidly inform national china and international planning on next steps in the response to the ongoing outbreak of the novel coronavirus disease covid-19 and on next steps in readiness and preparedness for geographic areas not yet affected. the findings in this report are based on the joint missions review of national and local governmental reports discussions on control and prevention measures with national and local experts and response teams. ,1
benin the west african nation had set up a range of digital platforms to help combat both the spread of the disease and what the world health organization who has called infodemic of misinformation around it. with the help of who a state appointed team of around 15 people is using who guidelines to disseminate information on prevention and highlight the actions being taken by health authorities to deal with the unfolding crisis. in addition to a centralized official government platform t. ,1
on monday april 6 who will host a virtual meeting to facilitate communication collaboration and exchange between national ethics committees from around the world to help countries respond to the ethical challenges presented by covid-19. this meeting will be chaired by hugh whittall from the nuffield council on bioethics. ,1
the world health organization who regional office for africa today launched the first online training for emergency responders to bolster efforts in tackling the virus. the two hour session via video link drew 500 participants and focused on the clinical symptoms of the virus how to triage covid-19 cases treat complications manage severely ill patients laboratory testing strategy as well as quarantine strategies. in addition who in africa launched a 10-point strategy calling for the esta. ,1
to help countries in the region who europe has issued technical guidance to make transparent and evidence informed decisions about which health- and social care services are essential and which may be postponed deferred or delivered through other means and train repurpose and mobilize the health workforce to meet the surge in demand protect the physical health of frontline health workers and provide them with mental health and psychosocial support. the technical guidance sets out 10. ,1
a new who interactive chatbot on rakuten viber aims to get accurate information about covid-19 to people in multiple languages. the partnership with rakuten viber gives who the potential to reach over 1 billion people in their local language directly through their mobile phones. who s aim is to reach as many people as possible with reliable health information through innovative digital technology. information is powerful and can help save lives during this pandemic said dr tedros adhanom gh. ,1
the response to the covid-19 pandemic raises a number of difficult ethical issues related to e.g. clinical trials social distancing priority setting health care workers rights and obligations etc. who has established an international working group on ethics covid-19 in order to develop advice on key ethical questions that member states need to address. ethical standards for research during public health emergencies distilling existing guidance to support covid-19 r&d key criteria for. ,1
"the islamic republic of iran reported more than 27,000 confirmed cases of covid-19. like every country its health system is being challenged by the pandemic. since the first case was reported on 19 february who has sent seven shipments of emergency medical supplies to the country including two medicines part of a global research study on treatments for covid-19 called the solidarity trial. these important medicines will not only support the treatment of patients but will also help the cou. ",1
who calls on industry and governments to increase manufacturing by 40 per cent to meet rising global demand the world health organization has warned that severe and mounting disruption to the global supply of personal protective equipment ppe caused by rising demand panic buying hoarding and misuse is putting lives at risk from the new coronavirus and other infectious diseases. healthcare workers rely on personal protective equipment to protect themselves and their patients from being. ,1
much loved childrens authors are joining an initiative to read extracts of their books to millions of children and young people currently living in isolation amid the covid-19 pandemic. read the world is a collaboration between the international publishers association ipa the world health organization who and unicef. it kicks off today on international childrens book day at 15.00 gmt/17.00 cet with italian author elisabetta dami creator of the popular character geronimo stilton. the. ,1
one world together at home global special will be broadcast on major television networks and streamed online on saturday 18 april from 18:00 gmt. this virtual concert organized by who and international advocacy organization global citizen will bring together people who are affected by the covid-19 pandemic to take meaningful actions to protect health and to support the global covid-19 response. it will also celebrate and support brave healthcare workers doing life saving work on the fro. ,1
the twenty fourth meeting of the emergency committee under the international health regulations 2005 ihr on the international spread of poliovirus was convened by the director general on 26 march 2020 with committee members only attending via teleconference supported by the who secretariat. in order to ease the burden on affected state parties in the exceptional situation following the determination of the covid-19 outbreak as a public health emergency of international concern pheic on 30. ,1
who launched a dedicated messaging services in arabic english french and spanish with partners whatsapp and facebook to keep people safe from coronavirus. this easy to use messaging service has the potential to reach 2 billion people and enables who to get information directly into the hands of the people that need it. in addition a new who interactive chatbot on rakuten viber aims to get accurate information about covid-19 to people in multiple languages. the partnership with rakuten viber. ,1
leading health experts from around the world have been meeting at the world health organizations geneva headquarters to assess the current level of knowledge about the new covid-19 disease identify gaps and work together to accelerate and fund priority research needed to help stop this outbreak and prepare for any future outbreaks. the 2-day forum was convened in line with the who r&d blueprint a strategy for developing drugs and vaccines before epidemics and accelerating research and deve. ,1
ethiopia is among 13 african countries the world health organization who considers as top priority for covid-19 readiness due to direct links or a high volume of travel to china. the world health organization is supporting countries across africa to step up measures necessary to quickly diagnose and control widespread infection should the virus transmission reach the continent. ethiopia is strengthening surveillance diagnostics and medical care and public health information and education i. ,1
who is working closely with the syrian ministry of health to enhance syrias preparedness and response to covid-19 focussing on surveillance laboratory capacity protecting health workers and improving awareness and communication. who s support focuses on 4 main priorities who has provided the ministry of health with infrared thermometers and by installing a thermo graphic scanner at damascus international airport. who has provided the central public health laboratory with supplies and testi. ,1
who continues to work with the pandemic supply chain network to ensure all at risk and critically affected countries are supported. countries in the region are participating in the who solidarity trial. india indonesia and thailand have signed up for the multi country trial which will compare the safety and effectiveness of four different drugs or drug combinations against covid-19. ,1
fifa has joined forces with the united nations un and the world health organization who in supporting the beactive campaign launched on the un international day of sport for development and peace to encourage people to be healthyathome as the world comes together in the fight against covid-19 today and every day. who recommends all healthy adults do at least 30 minutes a day of physical activity and children at least 60 minutes per day. as part of this beactive and remain healthyathom. ,1
who is proactively strengthening national disease surveillance capacities in iraq and providing case definition and management training in addition to large scale risk communications activities. hundreds of thousands of prevention and transmission control messages were printed and provided to 20 directorates of health in the 18 governorates including the kurdistan region governorates of erbil dohuk and suleimaniya. who is also working with the federal and regional ministries of health to in. ,1
latest news and updates from who world tb day this year comes at a sobering time as the world grapples with the covid-19 pandemic. we stand in solidarity with those affected those at the frontlines of the fight to combat covid-19 as well as those who continue efforts to support those ill with longstanding health problems like tb hiv and other diseases. however we can not forget the millions and their families who battle tb every day and lose their lives to this ancient disease which re. ,1
the covid-19 pandemic underscores the urgent need to strengthen the global health workforce. a new report the state of the worlds nursing 2020 provides an in depth look at the largest component of the health workforce. findings identify important gaps in the nursing workforce and priority areas for investment in nursing education jobs and leadership to strengthen nursing around the world and improve health for all. nurses account for more than half of all the worlds health workers providi. ,1
today is world health day. this day is especially poignant as the focus is on nurses and health workers who are on the frontline of the covid-19 response across the world. they are the real heroes risking their lives to save the millions affected by covid-19 as well as other deadly diseases like tuberculosis tb. they play a major role in providing high quality respectful treatment and care and leading community dialogue to address fears and questions. it is imperative that we come together. ,1
geneva new world health organization who guidance will help countries accelerate efforts to stop people with tuberculosis tb infection becoming sick with tb by giving them preventive treatment. a quarter of the worlds population is estimated to be infected with tb bacteria. these people are neither sick nor contagious. however they are at greater risk of developing tb disease especially those with weakened immunity. offering them tb preventive treatment will not only protect them fro. ,1
a high level meeting on diplomacy for health security and emergency preparedness after careful consideration the director general of who in consultation with the co hosts the kingdom of morocco the republic of rwanda and the world bank has decided to postpone the high level meeting on diplomacy for health security and emergency preparedness. the meeting was initially scheduled for 24 26 march 2020 in marrakesh morocco and has been postponed to a later date in 2020. currently countrie. ,1
the 5th meeting of the emergency committee convened by the who director general under the international health regulations ihr 2005 to review the current ebola virus disease evd outbreak in the democratic republic of the congo drc took place on friday 10 april 2020 from 12:30 to 14:15 geneva time cest and on tuesday 14 april from 12:30 to 14:05 geneva time cest. the committees role is to give advice to the director general who makes the final decision on the determination of a. ,1
the international health regulations emergency committee for ebola in the democratic republic of the congo drc met today and has advised me that in its view the ebola outbreak in the drc continues to constitute a public health emergency of international concern. i have accepted that advice. tremendous progress has been made containing this outbreak in very difficult circumstances. up until friday 54 days had passed without a confirmed case being reported and 40 days had passed since the la. ,1
the covid-19 pandemic and other global emergencies show us once again the heroic efforts health workers on the front lines make every day to keep their communitiesand the worldsafe and healthy. the who and the global health workforce network is pleased to partner with civil society partnersthe frontline health workers coalition and its membersto honor health workers during world health worker week april 5 11 2020. the eighth annual world health worker week is yet another opportunity to mob. ,1
a new case of ebola virus disease was confirmed today in the city of beni in the democratic republic of the congo drc. while not welcome news this is an event we anticipated. we kept response teams in beni and other high risk areas for precisely this reason said dr tedros adhanom ghebreyesus who director general. as part of the active ebola surveillance system in place to respond to this ongoing outbreak in drc thousands of alerts are still being investigated every day. an alert is a p. ,1
each year we commemorate world tuberculosis tb day on march 24 to raise public awareness about the devastating health social and economic consequences of tb and to step up efforts to end the global tb epidemic. the date marks the day in 1882 when dr robert koch announced that he had discovered the bacterium that causes tb which opened the way towards diagnosing and curing this disease. tb remains the worlds deadliest infectious killer. each day over 4000 people lose their lives to tb. ,1
please note that given the current situation with respect to covid-19 who is currently reviewing whether if so how when this course will be held. currently we are looking at the possibility of developing a facilitated online version of this course. the seventh who advanced course on health financing for universal coverage for low- and middle income countries was planned to be held from 21 25 september 2020 in geneva switzerland. this week long advanced training program is organized by. ,1
who today released a checklist to enable member states and their partners to assess the status of work at the national level to strengthen accountability to end tb principally national commitments made actions taken on those commitments monitoring reporting approaches and the nature of any high level review mechanisms. the checklist has been developed in response to requests from member states regions civil society and partners as a tool to support the adaptation and implementation of t. ,1
the who rapid response team rrt was deployed to italy the worlds worst affected country for 12 days in early march just as infection and casualty numbers were starting to climb dramatically. who has made italy a priority and members of the rrt worked closely with national and regional authorities visiting hospitals briefing health workers and developing detailed technical plans to manage the outbreak. the plans emphasize the importance of containment measures across the country and i. ,1
at this unique time in history when the world is grappling with the covid-19 pandemic the who department of global hiv hepatitis and sti programmes stands in solidarity with governments and communities as they seek to maintain health services and continue to address the needs of patients suffering from hiv and tuberculosis tb. despite being preventable and treatable tuberculosis remains the worlds biggest infectious killer and the leading cause of death among people living with hiv plhiv. ,1
i hope that your busy week was interrupted like mine with a moment of joy on tuesday. that moment was the celebration of a woman being discharged from an ebola treatment centre in beni. her name is masika. she was the last person in the democratic republic of the congo confirmed to have ebola. health workers and other responders sacrificed a lot to get to this point. since the outbreak was declared in august 2018 there have been 420 attacks on health facilities in drc resulting in 11 deat. ,1
iraq reported its first case in late february. by mid march health authorities had banned major public events suspended schools and closed malls and gathering places. iraq has a vulnerable health system weakened by years of war and internal crises. on the ground experts from who provided guidance on control measures and enough test kits and personal protective equipment for a rapid response to severe cases at the national and regional level. should a patient need more sophisticated medical. ,1
on 14 june 2020 who and all countries will celebrate world blood donor day the need for safe blood is universal. safe blood is critical both for treatments and urgent interventions. it can help patients suffering from life threatening conditions live longer and with a higher quality of life and supports complex medical and surgical procedures. blood is also vital for treating the wounded during emergencies of all kinds natural disasters accidents armed conflicts etc. and has an essential. ,1
after reporting zero human cases for more than two years ethiopia has recorded six suspected new human cases1 of dracunculiasis guinea worm disease over the past two weeks. all of them are from gog district in the region of gambella. all the six suspected new cases of infection are people who used water from farm side ponds and all of them are now being followed up in a containment centre2 said dr zeyede kebede acting ntd programme coordinator who country office ethiopia. four of the s. ,1
in north carolina were carrying out a comprehensive and aggressive strategy against covid-19 that s saving lives and keeping our citizens safe. that s the immediate goal. as we approach the 2020 elections we must also focus on protecting the underpinnings of our democracy by keeping our polling places open and safe and expanding mail in voting options for all who request it. that should be the goal for november. and it should be a bipartisan goal. unfortunately republican pro tem phil ber. ,1
mayor of richmond levar stoney with a coronavirus update within the city .. ,1
andrew cuomo 00:01 happy tuesday. day 44 but who s counting. every days groundhog day. thank you for being here. lets give you some facts about where we are today. total hospitalizations actually basically flat. technically a tick down which is probably the first tick down. so that s a good sign but basically flat. so we think we are at the apex on the plateau. the number of hospitalizations went up flattened continuing to flatten. good sign. technically the numbers down a tad. sta. ,1
interview with u.s. defense secretary mark esper interview with rep. james clyburn d sc interview with gov. john bel edwards d la interview with gov. j.b. pritzker d il. aired 9 10a et this is a rush transcript. this copy may not be in its final form and may be updated. 09:00:22 begin videotape jake tapper cnn host voice over united states. as the u.s. braces for a painful two weeks ... donald trump president of the united states there will be a lot of death. ,1
earlier today governor andrew m. cuomo announced a three way agreement with the legislature on a bill guaranteeing job protection and pay for new yorkers who have been quarantined as a result of novel coronavirus or covid-19. the program bill also includes the permanent comprehensive paid sick leave policy first advanced in the governor 's fy 2021 executive budget proposal. this follows the governor 's announcement last week that the state will guarantee two full weeks of paid leave for all sta. ,1
italian prime minister has announced that the entire country goes into quarantine as part of emergency measures aimed at halting the spread of the coronavirus. the governments extraordinary measures announced at palazzo chigi late on 9 march comes amid a worsening of the coronavirus outbreak. the new stringent measures covering the and would take effect tomorrow morning.we are seeing a significant rise in the number of people in intensive care and unfortunately in the number of deaths. ,1
a rush transcript of this week with george stephanopoulos airing on sunday april 19 2020 on abc news is below. this copy may not be in its final form may be updated and may contain minor transcription errors. for previous show transcripts visit the this week transcript archive. announcer this week with george stephanopoulos starts right now. donald trump president of the united states we 're opening up our country. stephanopoulos president trump sets guidelines for getting back t. ,1
in this unprecedented moment in american history we need an unprecedented legislative response. president trump is incapable of providing leadership and instead continues to mislead the public and act out of political self interest. so it is congress that must lead and it must do so now. with anxiety growing everyone in our country needs to know that in the midst of this horrific pandemic and economic meltdown their government is doing everything possible to keep them healthy and financia. ,1
"gov. greg abbott tuesday issued what amounts to a statewide stay at home order without calling it that while extending the states social distancing mandate through the end of april and keeping texas classrooms closed through at least may 4. his action came as the coronavirus death toll in texas rose to 41 and number of cases to 3,266. the new directive tightens abbotts march 19 order prohibiting social gatherings of more than 10 people. the permission or allowance to gather in groups of. ",1
pulled trajectories chart while we work on a new version. added interactive generative fatality rates by country updates twice a day. thanks to univers labs for great work. added interactive generative infection trajectories updates twice a day. thx to omid kashan for great work. updated data changed norovirus r0 from 7 upper maximum to 4.3 median fixed typo on italy data updated infection trajectories re added rates per country removed average deaths per day the chart was. ,1
fox business lou dobbs relentlessly grilled trump health and human service secretary alex azar over the administrations response to the coronavirus outbreak calling out its lack of transparency and refusal to call it a pandemic. in a long contentious segment opening his monday night show dobbs drilled into the hhs secretary over the federal governments mixed messages and muddled response to the viral outbreak that has now resulted in six american deaths. there did seem to be a differe. ,1
